DISPATCH	PG-2026-08-0001	{"备注": "MO-2026-08-0001 首道派工（下料/熔铸/挤压）", "编号": "PG-2026-08-0001", "部门": "熔铸车间", "项目": "铝棒深加工", "制单人": "admin", "审核人": "系统管理员", "经手人": "张伟", "业务类型": "工序派工", "产品名称": "铝棒 Φ80", "创建时间": "2026-08-14 09:00", "加工单号": "MO-2026-08-0001", "单据日期": "2026-08-14", "单据状态": "已审核", "单据编号": "PG-2026-08-0001", "审批状态": "已审批", "审核日期": "2026-08-14", "审核时间": "2026-08-14 09:30", "打印次数": 0, "更新时间": "2026-08-14 09:35", "生产车间": "熔铸车间", "预完工日": "2026-08-20", "预开工日": "2026-08-14", "发起人编号": "tplusdemo12853"}	{"items": [{"备注": "", "工人": "王强", "班组": "下料班", "设备": "锯床-01", "产品名称": "铝棒 Φ80", "加工类型": "自制", "工作中心": "WC-01 熔铸中心", "工序名称": "下料", "工序编码": "PX001", "派工数量": 300, "生产车间": "熔铸车间", "规格型号": "Φ80×3000", "计划数量": 300, "计量单位": "件", "预完工日": "2026-08-16", "预开工日": "2026-08-14", "委外供应商": "", "已派工数量": 300, "派工加工状态": "已派工", "累计汇报数量": 120}, {"备注": "", "工人": "张伟", "班组": "熔铸班", "设备": "熔炼炉-01", "产品名称": "铝棒 Φ80", "加工类型": "自制", "工作中心": "WC-01 熔铸中心", "工序名称": "熔铸", "工序编码": "PX010", "派工数量": 200, "生产车间": "熔铸车间", "规格型号": "Φ80×3000", "计划数量": 300, "计量单位": "件", "预完工日": "2026-08-18", "预开工日": "2026-08-16", "委外供应商": "", "已派工数量": 200, "派工加工状态": "已派工", "累计汇报数量": 60}, {"备注": "", "工人": "李娜", "班组": "挤压班", "设备": "挤压机-01", "产品名称": "铝棒 Φ80", "加工类型": "自制", "工作中心": "WC-02 轧制中心", "工序名称": "挤压", "工序编码": "PX011", "派工数量": 150, "生产车间": "轧制车间", "规格型号": "Φ80×3000", "计划数量": 300, "计量单位": "件", "预完工日": "2026-08-20", "预开工日": "2026-08-18", "委外供应商": "", "已派工数量": 150, "派工加工状态": "已派工", "累计汇报数量": 0}]}	已审核
DISPATCH	PG-2026-08-0002	{"备注": "", "编号": "PG-2026-08-0002", "部门": "精整车间", "项目": "散热片批量", "制单人": "admin", "审核人": "", "经手人": "李娜", "业务类型": "工序派工", "产品名称": "铝型材-散热片", "创建时间": "2026-08-20 10:00", "加工单号": "MO-2026-08-0002", "单据日期": "2026-08-20", "单据状态": "草稿", "单据编号": "PG-2026-08-0002", "审核日期": "", "审核时间": "", "打印次数": 0, "更新时间": "2026-08-20 10:00", "生产车间": "精整车间", "预完工日": "2026-08-25", "预开工日": "2026-08-20", "发起人编号": "tplusdemo12853"}	{"items": [{"备注": "", "工人": "赵敏", "班组": "时效班", "设备": "时效炉-01", "产品名称": "铝型材-散热片", "加工类型": "自制", "工作中心": "WC-02 轧制中心", "工序名称": "时效", "工序编码": "PX012", "派工数量": 0, "生产车间": "精整车间", "规格型号": "XD-6063-T5", "计划数量": 300, "计量单位": "件", "预完工日": "2026-08-22", "预开工日": "2026-08-20", "委外供应商": "", "已派工数量": 0, "派工加工状态": "未派工", "累计汇报数量": 0}, {"备注": "", "工人": "赵敏", "班组": "精整班", "设备": "精整线-01", "产品名称": "铝型材-散热片", "加工类型": "自制", "工作中心": "WC-03 机加中心", "工序名称": "精整", "工序编码": "PX013", "派工数量": 0, "生产车间": "精整车间", "规格型号": "XD-6063-T5", "计划数量": 300, "计量单位": "件", "预完工日": "2026-08-25", "预开工日": "2026-08-20", "委外供应商": "", "已派工数量": 0, "派工加工状态": "未派工", "累计汇报数量": 0}]}	草稿
MANU_ORDER	MO-2026-08-0007	{"客户": "西部材料", "批号": "正常", "机构": "华东分公司", "重量": 3.4, "锭号": "MO-2026-08-0007", "变更人": "", "合同号": "2026-08-11", "审核人": "系统管理员", "负责人": "王工", "变更日期": "", "启用派工": true, "完工日期": "", "审核日期": "2026-08-11", "审核时间": "2026-08-11 10:05", "客户编码": "KH003", "对方仓库": "成品仓", "开工日期": "", "测试程序": "金相检验", "生产车间": "精整车间", "自动转移": true, "预完工日": "2026-08-22", "预开工日": "2026-08-14", "外部单据号": "", "审核机器人": "", "销售订单号": "SO20260811-03", "启用领料申请": false, "生产订单客户": "西部材料", "产品自动添加到材料": true, "是否手工修改单据编码": false}	{"products": [{"单重": 1.4, "图号": "T-003", "型号": "FIN-6063", "总重": 420, "数量": 300, "可用量": 400, "现存量": 600, "适用BOM": "BOM-001", "产品名称": "铝型材-散热片", "产品编码": "CP003", "存货图片": "", "生产单位": "件", "生产类型": "自制", "规格型号": "XD-6063-T5", "需求令号": "REQ-03", "BOM展开方式": "单阶", "可用量说明": "可用", "现存量说明": "充足", "齐套数量(主)": 300, "产品字符公用自定义项1": "", "累计汇报套数(工序单位)": 60}, {"单重": 42, "图号": "T-004", "型号": "BOX-A", "总重": 1680, "数量": 40, "可用量": 80, "现存量": 120, "适用BOM": "BOM-001", "产品名称": "减速箱体 A", "产品编码": "CP004", "存货图片": "", "生产单位": "件", "生产类型": "自制", "规格型号": "JS-400", "需求令号": "REQ-03", "BOM展开方式": "单阶", "可用量说明": "可用", "现存量说明": "充足", "齐套数量(主)": 40, "产品字符公用自定义项1": "", "累计汇报套数(工序单位)": 0}], "materials": [{"单重": 1, "总重": 411.4, "可用量": 3000, "子件BOM": "", "现存量": 4200, "行中止": false, "损耗率%": 10, "允许循环": false, "存货图片": "", "损耗数量": 37.4, "材料名称": "6063铝棒", "材料编码": "CL002", "规格型号": "Φ120", "计划数量": 411.4, "计量单位": "kg", "需用数量": 374, "预出仓库": "原料仓", "领料工序": "下料", "可用量说明": "", "现存量说明": "", "定额生产数量": 1, "定额需用数量": 1.1, "材料倒冲方式": "不倒冲", "累计领用数量": 0, "定额需用数量2": 0}, {"单重": 5, "总重": 34, "可用量": 200, "子件BOM": "", "现存量": 300, "行中止": false, "损耗率%": 0, "允许循环": false, "存货图片": "", "损耗数量": 0, "材料名称": "包装木箱", "材料编码": "CL005", "规格型号": "1200×800", "计划数量": 6.8, "计量单位": "件", "需用数量": 6.8, "预出仓库": "辅料仓", "领料工序": "检验", "可用量说明": "", "现存量说明": "", "定额生产数量": 50, "定额需用数量": 1, "材料倒冲方式": "不倒冲", "累计领用数量": 0, "定额需用数量2": 0}], "processes": [{"单重": 0, "工人": "王强", "工价": 2.2, "总重": 0, "班组": "下料班", "设备": "锯床-01", "金额": 748, "税率%": 13, "行中止": false, "关键工序": false, "加工类型": "自制", "加工顺序": 1, "委外单价": 0, "委外金额": 0, "子表材料": [{"损耗数量": 37.4, "材料名称": "6063铝棒", "材料编码": "CL002", "规格型号": "Φ120", "计划数量": 411.4, "计量单位": "kg", "需用数量": 374}], "完成时间": "", "工作中心": "WC-03 机加中心", "工序单位": "件", "工序名称": "下料", "工序备注": "", "工序编码": "PX001", "工序行码": "", "工废工价": 0, "工艺序号": 0, "工艺类型": "自制", "工资类型": "计件", "手工完工": false, "料废工价": 0, "生产车间": "精整车间", "计划数量": 340, "计划时间": "2026-08-14 08:00", "需求令号": "REQ-03", "委外供应商": "", "计价辅单位": "件", "计价辅数量": 0, "单位标准工时": 0.04, "工序完工状态": "进行中", "按辅单位计价": false, "换算率(辅单位)": 1, "工价（辅单位）": 0, "工废工价（辅单位）": 0, "料废工价（辅单位）": 0, "待返修数量-他序发现": 0, "待返修数量-本序发现": 0, "工序字符专用自定义项1": ""}, {"单重": 0, "工人": "孙涛", "工价": 6.5, "总重": 0, "班组": "铣工班", "设备": "加工中心-02", "金额": 2210, "税率%": 13, "行中止": false, "关键工序": true, "加工类型": "自制", "加工顺序": 2, "委外单价": 0, "委外金额": 0, "子表材料": [], "完成时间": "", "工作中心": "WC-03 机加中心", "工序单位": "件", "工序名称": "铣削", "工序备注": "", "工序编码": "PX003", "工序行码": "", "工废工价": 0, "工艺序号": 0, "工艺类型": "自制", "工资类型": "计件", "手工完工": false, "料废工价": 0, "生产车间": "精整车间", "计划数量": 340, "计划时间": "", "需求令号": "REQ-03", "委外供应商": "", "计价辅单位": "件", "计价辅数量": 0, "单位标准工时": 0.15, "工序完工状态": "未开工", "按辅单位计价": false, "换算率(辅单位)": 1, "工价（辅单位）": 0, "工废工价（辅单位）": 0, "料废工价（辅单位）": 0, "待返修数量-他序发现": 0, "待返修数量-本序发现": 3, "工序字符专用自定义项1": ""}, {"单重": 0, "工人": "赵刚", "工价": 1.2, "总重": 0, "班组": "质检班", "设备": "检测台-01", "金额": 408, "税率%": 13, "行中止": false, "关键工序": false, "加工类型": "自制", "加工顺序": 3, "委外单价": 0, "委外金额": 0, "子表材料": [], "完成时间": "", "工作中心": "WC-04 检测中心", "工序单位": "件", "工序名称": "检验", "工序备注": "", "工序编码": "PX007", "工序行码": "", "工废工价": 0, "工艺序号": 0, "工艺类型": "自制", "工资类型": "计件", "手工完工": false, "料废工价": 0, "生产车间": "精整车间", "计划数量": 340, "计划时间": "", "需求令号": "REQ-03", "委外供应商": "", "计价辅单位": "件", "计价辅数量": 0, "单位标准工时": 0.02, "工序完工状态": "未开工", "按辅单位计价": false, "换算率(辅单位)": 1, "工价（辅单位）": 0, "工废工价（辅单位）": 0, "料废工价（辅单位）": 0, "待返修数量-他序发现": 0, "待返修数量-本序发现": 0, "工序字符专用自定义项1": ""}]}	已审核
MANU_ORDER	MO-2026-08-0008	{"客户": "中天精工", "批号": "加急", "机构": "总部", "重量": 8.6, "锭号": "MO-2026-08-0008", "变更人": "李工", "合同号": "2026-08-12", "审核人": "系统管理员", "负责人": "李工", "变更日期": "2026-08-15", "启用派工": false, "完工日期": "2026-08-15", "审核日期": "2026-08-12", "审核时间": "2026-08-12 09:00", "客户编码": "KH002", "对方仓库": "成品仓", "开工日期": "2026-08-12", "测试程序": "硬度测试", "生产车间": "轧制车间", "自动转移": false, "预完工日": "2026-08-15", "预开工日": "2026-08-12", "外部单据号": "", "审核机器人": "", "销售订单号": "SO20260809-02", "启用领料申请": true, "生产订单客户": "中天精工", "产品自动添加到材料": false, "是否手工修改单据编码": false}	{"products": [{"单重": 3.1, "图号": "T-002", "型号": "AL-P6061", "总重": 1550, "数量": 500, "可用量": 300, "现存量": 450, "适用BOM": "BOM-001", "产品名称": "铝板 6061", "产品编码": "CP002", "存货图片": "", "生产单位": "件", "生产类型": "自制", "规格型号": "1500×3000×2", "需求令号": "REQ-02", "BOM展开方式": "单阶", "可用量说明": "可用", "现存量说明": "充足", "齐套数量(主)": 500, "产品字符公用自定义项1": "", "累计汇报套数(工序单位)": 500}, {"单重": 42, "图号": "T-004", "型号": "BOX-A", "总重": 2100, "数量": 50, "可用量": 80, "现存量": 120, "适用BOM": "BOM-001", "产品名称": "减速箱体 A", "产品编码": "CP004", "存货图片": "", "生产单位": "件", "生产类型": "自制", "规格型号": "JS-400", "需求令号": "REQ-02", "BOM展开方式": "单阶", "可用量说明": "可用", "现存量说明": "充足", "齐套数量(主)": 50, "产品字符公用自定义项1": "", "累计汇报套数(工序单位)": 50}, {"单重": 0.6, "图号": "T-005", "型号": "SLEEVE-C", "总重": 480, "数量": 800, "可用量": 1000, "现存量": 1600, "适用BOM": "BOM-001", "产品名称": "轴套 C", "产品编码": "CP005", "存货图片": "", "生产单位": "件", "生产类型": "自制", "规格型号": "ZT-C-30", "需求令号": "REQ-02", "BOM展开方式": "单阶", "可用量说明": "可用", "现存量说明": "充足", "齐套数量(主)": 800, "产品字符公用自定义项1": "", "累计汇报套数(工序单位)": 800}], "materials": [{"单重": 1, "总重": 583.2, "可用量": 5000, "子件BOM": "", "现存量": 6000, "行中止": false, "损耗率%": 8, "允许循环": false, "存货图片": "", "损耗数量": 43.2, "材料名称": "6061铝锭", "材料编码": "CL002", "规格型号": "A00", "计划数量": 583.2, "计量单位": "kg", "需用数量": 540, "预出仓库": "原料仓", "领料工序": "下料", "可用量说明": "", "现存量说明": "", "定额生产数量": 1, "定额需用数量": 1.08, "材料倒冲方式": "按定额倒冲", "累计领用数量": 583.2, "定额需用数量2": 0}, {"单重": 1, "总重": 52.02, "可用量": 800, "子件BOM": "", "现存量": 900, "行中止": false, "损耗率%": 2, "允许循环": false, "存货图片": "", "损耗数量": 1.02, "材料名称": "45#圆钢", "材料编码": "CL001", "规格型号": "Φ60", "计划数量": 52.02, "计量单位": "kg", "需用数量": 51, "预出仓库": "原料仓", "领料工序": "车削", "可用量说明": "", "现存量说明": "", "定额生产数量": 1, "定额需用数量": 1.02, "材料倒冲方式": "不倒冲", "累计领用数量": 52.02, "定额需用数量2": 0}, {"单重": 5, "总重": 135, "可用量": 200, "子件BOM": "", "现存量": 300, "行中止": false, "损耗率%": 0, "允许循环": false, "存货图片": "", "损耗数量": 0, "材料名称": "包装木箱", "材料编码": "CL005", "规格型号": "1200×800", "计划数量": 27, "计量单位": "件", "需用数量": 27, "预出仓库": "辅料仓", "领料工序": "检验", "可用量说明": "", "现存量说明": "", "定额生产数量": 50, "定额需用数量": 1, "材料倒冲方式": "不倒冲", "累计领用数量": 27, "定额需用数量2": 0}], "processes": [{"单重": 0, "工人": "王强", "工价": 1.8, "总重": 0, "班组": "下料班", "设备": "锯床-02", "金额": 2430, "税率%": 13, "行中止": false, "关键工序": false, "加工类型": "自制", "加工顺序": 1, "委外单价": 0, "委外金额": 0, "子表材料": [{"损耗数量": 43.2, "材料名称": "6061铝锭", "材料编码": "CL002", "规格型号": "A00", "计划数量": 583.2, "计量单位": "kg", "需用数量": 540}], "完成时间": "2026-08-13 18:00", "工作中心": "WC-02 轧制中心", "工序单位": "件", "工序名称": "下料", "工序备注": "", "工序编码": "PX001", "工序行码": "", "工废工价": 0, "工艺序号": 0, "工艺类型": "自制", "工资类型": "计件", "手工完工": true, "料废工价": 0, "生产车间": "轧制车间", "计划数量": 1350, "计划时间": "2026-08-12 08:00", "需求令号": "REQ-02", "委外供应商": "", "计价辅单位": "件", "计价辅数量": 0, "单位标准工时": 0.02, "工序完工状态": "已完工", "按辅单位计价": false, "换算率(辅单位)": 1, "工价（辅单位）": 0, "工废工价（辅单位）": 0, "料废工价（辅单位）": 0, "待返修数量-他序发现": 0, "待返修数量-本序发现": 0, "工序字符专用自定义项1": ""}, {"单重": 0, "工人": "", "工价": 0, "总重": 0, "班组": "热处理班", "设备": "", "金额": 0, "税率%": 13, "行中止": false, "关键工序": true, "加工类型": "委外", "加工顺序": 2, "委外单价": 1.5, "委外金额": 2025, "子表材料": [], "完成时间": "2026-08-14 10:00", "工作中心": "WC-02 轧制中心", "工序单位": "件", "工序名称": "热处理", "工序备注": "", "工序编码": "PX005", "工序行码": "", "工废工价": 0, "工艺序号": 0, "工艺类型": "委外", "工资类型": "计时", "手工完工": true, "料废工价": 0, "生产车间": "轧制车间", "计划数量": 1350, "计划时间": "2026-08-13 08:00", "需求令号": "REQ-02", "委外供应商": "华东热处理厂", "计价辅单位": "件", "计价辅数量": 0, "单位标准工时": 0.5, "工序完工状态": "已完工", "按辅单位计价": false, "换算率(辅单位)": 1, "工价（辅单位）": 0, "工废工价（辅单位）": 0, "料废工价（辅单位）": 0, "待返修数量-他序发现": 2, "待返修数量-本序发现": 0, "工序字符专用自定义项1": ""}, {"单重": 0, "工人": "赵刚", "工价": 1, "总重": 0, "班组": "质检班", "设备": "检测台-02", "金额": 1350, "税率%": 13, "行中止": false, "关键工序": false, "加工类型": "自制", "加工顺序": 3, "委外单价": 0, "委外金额": 0, "子表材料": [], "完成时间": "2026-08-15 09:00", "工作中心": "WC-04 检测中心", "工序单位": "件", "工序名称": "检验", "工序备注": "", "工序编码": "PX007", "工序行码": "", "工废工价": 0, "工艺序号": 0, "工艺类型": "自制", "工资类型": "计件", "手工完工": true, "料废工价": 0, "生产车间": "轧制车间", "计划数量": 1350, "计划时间": "2026-08-14 10:00", "需求令号": "REQ-02", "委外供应商": "", "计价辅单位": "件", "计价辅数量": 0, "单位标准工时": 0.01, "工序完工状态": "已完工", "按辅单位计价": false, "换算率(辅单位)": 1, "工价（辅单位）": 0, "工废工价（辅单位）": 0, "料废工价（辅单位）": 0, "待返修数量-他序发现": 0, "待返修数量-本序发现": 0, "工序字符专用自定义项1": ""}]}	已完工
MANU_ORDER	MO-2026-08-0009	{"客户": "华东铝业", "批号": "正常", "机构": "总部", "重量": 5.2, "锭号": "MO-2026-08-0009", "变更人": "", "合同号": "2026-08-13", "审核人": "系统管理员", "负责人": "张工", "变更日期": "", "启用派工": true, "完工日期": "", "审核日期": "2026-08-13", "审核时间": "2026-08-13 09:05", "客户编码": "KH001", "对方仓库": "成品仓", "开工日期": "2026-08-13", "测试程序": "光谱分析", "生产车间": "熔铸车间", "自动转移": true, "预完工日": "2026-08-20", "预开工日": "2026-08-13", "外部单据号": "EXT-9001", "审核机器人": "", "销售订单号": "SO20260810-01", "启用领料申请": false, "生产订单客户": "华东铝业", "产品自动添加到材料": false, "是否手工修改单据编码": false}	{"products": [{"单重": 8.2, "图号": "T-001", "型号": "AL-B80", "总重": 1640, "数量": 200, "可用量": 500, "现存量": 800, "适用BOM": "BOM-001", "产品名称": "铝棒 Φ80", "产品编码": "CP001", "存货图片": "", "生产单位": "件", "生产类型": "自制", "规格型号": "Φ80×3000", "需求令号": "REQ-01", "BOM展开方式": "单阶", "可用量说明": "可用", "现存量说明": "充足", "齐套数量(主)": 200, "产品字符公用自定义项1": "", "累计汇报套数(工序单位)": 160}, {"单重": 3.1, "图号": "T-002", "型号": "AL-P6061", "总重": 310, "数量": 100, "可用量": 300, "现存量": 450, "适用BOM": "BOM-001", "产品名称": "铝板 6061", "产品编码": "CP002", "存货图片": "", "生产单位": "件", "生产类型": "自制", "规格型号": "1500×3000×2", "需求令号": "REQ-01", "BOM展开方式": "单阶", "可用量说明": "可用", "现存量说明": "充足", "齐套数量(主)": 100, "产品字符公用自定义项1": "", "累计汇报套数(工序单位)": 0}], "materials": [{"单重": 1, "总重": 330.75, "可用量": 5000, "子件BOM": "", "现存量": 6000, "行中止": false, "损耗率%": 5, "允许循环": false, "存货图片": "", "损耗数量": 15.75, "材料名称": "6061铝锭", "材料编码": "CL002", "规格型号": "A00", "计划数量": 330.75, "计量单位": "kg", "需用数量": 315, "预出仓库": "原料仓", "领料工序": "下料", "可用量说明": "", "现存量说明": "", "定额生产数量": 1, "定额需用数量": 1.05, "材料倒冲方式": "按定额倒冲", "累计领用数量": 300, "定额需用数量2": 0}, {"单重": 0.9, "总重": 5.51, "可用量": 200, "子件BOM": "", "现存量": 260, "行中止": false, "损耗率%": 2, "允许循环": false, "存货图片": "", "损耗数量": 0.12, "材料名称": "切削液", "材料编码": "CL004", "规格型号": "20L/桶", "计划数量": 6.12, "计量单位": "升", "需用数量": 6, "预出仓库": "辅料仓", "领料工序": "车削", "可用量说明": "", "现存量说明": "", "定额生产数量": 100, "定额需用数量": 2, "材料倒冲方式": "不倒冲", "累计领用数量": 5.5, "定额需用数量2": 0}], "processes": [{"单重": 0, "工人": "王强", "工价": 2.5, "总重": 0, "班组": "下料班", "设备": "锯床-01", "金额": 500, "税率%": 13, "行中止": false, "关键工序": false, "加工类型": "自制", "加工顺序": 1, "委外单价": 0, "委外金额": 0, "子表材料": [{"损耗数量": 10.5, "材料名称": "6061铝锭", "材料编码": "CL002", "规格型号": "A00", "计划数量": 220.5, "计量单位": "kg", "需用数量": 210}], "完成时间": "2026-08-13 12:00", "工作中心": "WC-01 熔铸中心", "工序单位": "件", "工序名称": "下料", "工序备注": "", "工序编码": "PX001", "工序行码": "", "工废工价": 0, "工艺序号": 0, "工艺类型": "自制", "工资类型": "计件", "手工完工": true, "料废工价": 0, "生产车间": "熔铸车间", "计划数量": 200, "计划时间": "2026-08-13 08:00", "需求令号": "REQ-01", "委外供应商": "", "计价辅单位": "件", "计价辅数量": 0, "单位标准工时": 0.05, "工序完工状态": "已完工", "按辅单位计价": false, "换算率(辅单位)": 1, "工价（辅单位）": 0, "工废工价（辅单位）": 0, "料废工价（辅单位）": 0, "待返修数量-他序发现": 0, "待返修数量-本序发现": 0, "工序字符专用自定义项1": ""}, {"单重": 0, "工人": "李丽", "工价": 5.8, "总重": 0, "班组": "车工班", "设备": "数控车床-03", "金额": 1160, "税率%": 13, "行中止": false, "关键工序": true, "加工类型": "自制", "加工顺序": 2, "委外单价": 0, "委外金额": 0, "子表材料": [], "完成时间": "", "工作中心": "WC-03 机加中心", "工序单位": "件", "工序名称": "车削", "工序备注": "", "工序编码": "PX002", "工序行码": "", "工废工价": 0, "工艺序号": 0, "工艺类型": "自制", "工资类型": "计件", "手工完工": false, "料废工价": 0, "生产车间": "熔铸车间", "计划数量": 200, "计划时间": "2026-08-13 13:00", "需求令号": "REQ-01", "委外供应商": "", "计价辅单位": "件", "计价辅数量": 0, "单位标准工时": 0.12, "工序完工状态": "进行中", "按辅单位计价": false, "换算率(辅单位)": 1, "工价（辅单位）": 0, "工废工价（辅单位）": 0, "料废工价（辅单位）": 0, "待返修数量-他序发现": 1, "待返修数量-本序发现": 2, "工序字符专用自定义项1": ""}, {"单重": 0, "工人": "赵刚", "工价": 1.2, "总重": 0, "班组": "质检班", "设备": "检测台-01", "金额": 240, "税率%": 13, "行中止": false, "关键工序": false, "加工类型": "自制", "加工顺序": 3, "委外单价": 0, "委外金额": 0, "子表材料": [], "完成时间": "", "工作中心": "WC-04 检测中心", "工序单位": "件", "工序名称": "检验", "工序备注": "", "工序编码": "PX007", "工序行码": "", "工废工价": 0, "工艺序号": 0, "工艺类型": "自制", "工资类型": "计件", "手工完工": false, "料废工价": 0, "生产车间": "熔铸车间", "计划数量": 200, "计划时间": "", "需求令号": "REQ-01", "委外供应商": "", "计价辅单位": "件", "计价辅数量": 0, "单位标准工时": 0.03, "工序完工状态": "未开工", "按辅单位计价": false, "换算率(辅单位)": 1, "工价（辅单位）": 0, "工废工价（辅单位）": 0, "料废工价（辅单位）": 0, "待返修数量-他序发现": 0, "待返修数量-本序发现": 0, "工序字符专用自定义项1": ""}]}	生产中
MANU_ORDER	MO-2026-08-2501	{"批号": "正常", "机构": "总部", "重量": 0, "锭号": "MO-2026-08-2501", "合同号": "2026-08-13", "启用派工": false, "生产车间": "熔铸车间", "自动转移": false, "启用领料申请": false, "产品自动添加到材料": false, "是否手工修改单据编码": false}	{"products": [{"单重": 0, "图号": "", "型号": "", "总重": 0, "数量": 0, "可用量": 0, "现存量": 0, "适用BOM": "", "产品名称": "45#圆钢", "产品编码": "CL001", "存货图片": "", "生产单位": "kg", "生产类型": "自制", "规格型号": "Φ60", "需求令号": "", "BOM展开方式": "单阶", "可用量说明": "", "现存量说明": "", "齐套数量(主)": 0, "产品字符公用自定义项1": "", "累计汇报套数(工序单位)": 0}, {"单重": 0, "图号": "", "型号": "", "总重": 0, "数量": 0, "可用量": 0, "现存量": 0, "适用BOM": "", "产品名称": "", "产品编码": "CL002", "存货图片": "", "生产单位": "kg", "生产类型": "自制", "规格型号": "A00", "需求令号": "", "BOM展开方式": "单阶", "可用量说明": "", "现存量说明": "", "齐套数量(主)": 0, "产品字符公用自定义项1": "", "累计汇报套数(工序单位)": 0}, {"单重": 0, "图号": "", "型号": "", "总重": 0, "数量": 0, "可用量": 0, "现存量": 0, "适用BOM": "", "产品名称": "1", "产品编码": "", "存货图片": "11", "生产单位": "件", "生产类型": "自制", "规格型号": "", "需求令号": "", "BOM展开方式": "单阶", "可用量说明": "", "现存量说明": "", "齐套数量(主)": 0, "产品字符公用自定义项1": "", "累计汇报套数(工序单位)": 0}, {"单重": 0, "图号": "", "型号": "", "总重": 0, "数量": 0, "可用量": 0, "现存量": 0, "适用BOM": "", "产品名称": "11", "产品编码": "", "存货图片": "11", "生产单位": "件", "生产类型": "自制", "规格型号": "1", "需求令号": "", "BOM展开方式": "单阶", "可用量说明": "", "现存量说明": "", "齐套数量(主)": 0, "产品字符公用自定义项1": "", "累计汇报套数(工序单位)": 0}, {"单重": 0, "图号": "", "型号": "", "总重": 0, "数量": 0, "可用量": 0, "现存量": 0, "适用BOM": "", "产品名称": "铝棒 Φ80", "产品编码": "CP001", "存货图片": "", "生产单位": "件", "生产类型": "自制", "规格型号": "Φ80×3000", "需求令号": "", "BOM展开方式": "单阶", "可用量说明": "", "现存量说明": "", "齐套数量(主)": 0, "产品字符公用自定义项1": "", "累计汇报套数(工序单位)": 0}], "materials": [{"单重": 0, "总重": 0, "可用量": 0, "子件BOM": "CL002", "现存量": 0, "行中止": false, "损耗率%": 2, "允许循环": false, "存货图片": "", "损耗数量": 0, "材料名称": "45#圆钢", "材料编码": "CL001", "规格型号": "Φ60", "计划数量": 0, "计量单位": "kg", "需用数量": 0, "预出仓库": "原料仓", "领料工序": "", "可用量说明": "", "现存量说明": "", "定额生产数量": 1, "定额需用数量": 0.9, "材料倒冲方式": "不倒冲", "累计领用数量": 0, "定额需用数量2": 0}, {"单重": 0, "总重": 0, "可用量": 0, "子件BOM": "CP001", "现存量": 0, "行中止": false, "损耗率%": 5, "允许循环": false, "存货图片": "", "损耗数量": 0, "材料名称": "6061铝锭", "材料编码": "CL002", "规格型号": "A00", "计划数量": 0, "计量单位": "kg", "需用数量": 0, "预出仓库": "原料仓", "领料工序": "", "可用量说明": "", "现存量说明": "", "定额生产数量": 1, "定额需用数量": 1.05, "材料倒冲方式": "不倒冲", "累计领用数量": 0, "定额需用数量2": 0}]}	草稿
MANU_ORDER	MO-2026-08-2502	{"客户": "华东热处理厂", "批号": "正常", "机构": "总部", "重量": 0, "锭号": "MO-2026-08-2502", "合同号": "2026-08-25", "负责人": "", "启用派工": false, "完工日期": "", "客户编码": "GYS001", "对方仓库": "", "开工日期": "", "测试程序": "光谱分析", "生产车间": "熔铸车间", "自动转移": false, "预完工日": "", "预开工日": "2026-08-25", "外部单据号": "", "销售订单号": "SO-2026-08-2501", "启用领料申请": false, "生产订单客户": "华东热处理厂", "产品自动添加到材料": false, "是否手工修改单据编码": false}	{"products": [{"单重": 0, "图号": "", "型号": "", "总重": 0, "数量": 0, "可用量": 0, "现存量": 0, "适用BOM": "BOM-001", "产品名称": "铝棒 Φ80", "产品编码": "CP001", "存货图片": "", "生产单位": "件", "生产类型": "自制", "规格型号": "Φ×00", "需求令号": "SO-2026-08-2501", "BOM展开方式": "单阶", "可用量说明": "", "现存量说明": "", "齐套数量(主)": 0, "产品字符公用自定义项1": "", "累计汇报套数(工序单位)": 0}, {"单重": 0, "图号": "", "型号": "", "总重": 0, "数量": 0, "可用量": 0, "现存量": 0, "适用BOM": "BOM-001", "产品名称": "铝板 6061", "产品编码": "CP002", "存货图片": "", "生产单位": "件", "生产类型": "自制", "规格型号": "150000×2", "需求令号": "SO-2026-08-2501", "BOM展开方式": "单阶", "可用量说明": "", "现存量说明": "", "齐套数量(主)": 0, "产品字符公用自定义项1": "", "累计汇报套数(工序单位)": 0}, {"单重": 0, "图号": "", "型号": "", "总重": 0, "数量": 0, "可用量": 0, "现存量": 0, "适用BOM": "BOM-001", "产品名称": "45#圆钢", "产品编码": "CL001", "存货图片": "", "生产单位": "kg", "生产类型": "自制", "规格型号": "Φ60", "需求令号": "SO-2026-08-2501", "BOM展开方式": "单阶", "可用量说明": "", "现存量说明": "", "齐套数量(主)": 0, "产品字符公用自定义项1": "", "累计汇报套数(工序单位)": 0}, {"单重": 0, "图号": "", "型号": "", "总重": 0, "数量": 0, "可用量": 0, "现存量": 0, "适用BOM": "BOM-001", "产品名称": "6061铝锭", "产品编码": "CL002", "存货图片": "", "生产单位": "kg", "生产类型": "自制", "规格型号": "A00", "需求令号": "SO-2026-08-2501", "BOM展开方式": "单阶", "可用量说明": "", "现存量说明": "", "齐套数量(主)": 0, "产品字符公用自定义项1": "", "累计汇报套数(工序单位)": 0}], "materials": [], "processes": [{"单重": 0, "工人": "王强", "工价": 2.5, "总重": 0, "班组": "下料班", "设备": "锯床-01", "金额": 0, "税率%": 13, "行中止": false, "关键工序": false, "加工类型": "自制", "加工顺序": 1, "委外单价": 0, "委外金额": 0, "子表材料": [], "完成时间": "", "工作中心": "熔铸车间中心", "工序单位": "件", "工序名称": "下料", "工序备注": "", "工序编码": "PX001", "工序行码": "", "工废工价": 0, "工艺序号": 0, "工艺类型": "自制", "工资类型": "计件", "手工完工": false, "料废工价": 0, "生产车间": "熔铸车间", "计划数量": 0, "计划时间": "", "需求令号": "SO-2026-08-2501", "委外供应商": "", "计价辅单位": "件", "计价辅数量": 0, "单位标准工时": 0.05, "工序完工状态": "未完工", "按辅单位计价": false, "换算率(辅单位)": 1, "工价（辅单位）": 0, "工废工价（辅单位）": 0, "料废工价（辅单位）": 0, "待返修数量-他序发现": 0, "待返修数量-本序发现": 0, "工序字符专用自定义项1": ""}, {"单重": 0, "工人": "李强", "工价": 3.5, "总重": 0, "班组": "车工班", "设备": "数控车床-01", "金额": 0, "税率%": 13, "行中止": false, "关键工序": false, "加工类型": "自制", "加工顺序": 2, "委外单价": 0, "委外金额": 0, "子表材料": [], "完成时间": "", "工作中心": "熔铸车间中心", "工序单位": "件", "工序名称": "机加工", "工序备注": "", "工序编码": "PX002", "工序行码": "", "工废工价": 0, "工艺序号": 0, "工艺类型": "自制", "工资类型": "计件", "手工完工": false, "料废工价": 0, "生产车间": "熔铸车间", "计划数量": 0, "计划时间": "", "需求令号": "SO-2026-08-2501", "委外供应商": "", "计价辅单位": "件", "计价辅数量": 0, "单位标准工时": 0.1, "工序完工状态": "未完工", "按辅单位计价": false, "换算率(辅单位)": 1, "工价（辅单位）": 0, "工废工价（辅单位）": 0, "料废工价（辅单位）": 0, "待返修数量-他序发现": 0, "待返修数量-本序发现": 0, "工序字符专用自定义项1": ""}, {"单重": 0, "工人": "赵敏", "工价": 1.5, "总重": 0, "班组": "质检班", "设备": "检测台-01", "金额": 0, "税率%": 13, "行中止": false, "关键工序": false, "加工类型": "自制", "加工顺序": 3, "委外单价": 0, "委外金额": 0, "子表材料": [], "完成时间": "", "工作中心": "熔铸车间中心", "工序单位": "件", "工序名称": "检验", "工序备注": "", "工序编码": "PX007", "工序行码": "", "工废工价": 0, "工艺序号": 0, "工艺类型": "自制", "工资类型": "计件", "手工完工": false, "料废工价": 0, "生产车间": "熔铸车间", "计划数量": 0, "计划时间": "", "需求令号": "SO-2026-08-2501", "委外供应商": "", "计价辅单位": "件", "计价辅数量": 0, "单位标准工时": 0.03, "工序完工状态": "未完工", "按辅单位计价": false, "换算率(辅单位)": 1, "工价（辅单位）": 0, "工废工价（辅单位）": 0, "料废工价（辅单位）": 0, "待返修数量-他序发现": 0, "待返修数量-本序发现": 0, "工序字符专用自定义项1": ""}]}	草稿
MATERIAL_OUT	CL-2026-08-2501	{"领用人": "", "业务类型": "材料出库", "出库类别": "直接领料", "加工单号": "", "单据日期": "2026-08-25", "单据编号": "CL-2026-08-2501", "来源单号": "MO-2026-08-0007", "来源单据": "MANU_ORDER", "生产车间": "精整车间"}	{"items": [{"仓库": "原料仓", "单价": 0, "数量": 411.4, "金额": 0, "现存量": 4200, "加工单号": "MO-2026-08-0007", "材料名称": "6063铝棒", "规格型号": "Φ120", "计量单位": "kg"}, {"仓库": "辅料仓", "单价": 0, "数量": 6.8, "金额": 0, "现存量": 300, "加工单号": "MO-2026-08-0007", "材料名称": "包装木箱", "规格型号": "1200×800", "计量单位": "件"}]}	草稿
OUTSOURCE_ORDER	WW-2026-08-2501	{"业务类型": "委外加工", "单据日期": "2026-08-25", "单据编号": "WW-2026-08-2501", "来源单号": "SO-2026-08-0004"}	{"products": [{"数量": 300, "产品名称": "铝型材-散热片"}, {"数量": 800, "产品名称": "轴套 C"}, {"数量": 0, "金额": 0, "现存量": 0, "行中止": false, "产品名称": "铝棒 Φ80", "产品编码": "CP001", "委外单价": 0, "规格型号": "", "计量单位": "件"}], "materials": [{"可用量": 0, "子件BOM": "CP001", "现存量": 0, "损耗率%": 5, "材料名称": "6061铝锭", "材料编码": "CL002", "规格型号": "A00", "计划数量": 0, "计量单位": "kg", "预出仓库": "原料仓", "定额需用数量": 1.05}]}	草稿
OUTSOURCE_ORDER	WW-2026-08-2502	{"提交人": "admin", "业务类型": "委外加工", "单据日期": "2026-08-25", "单据编号": "WW-2026-08-2502", "审批状态": "审批中", "提交时间": "2026-08-25 13:30:37", "来源单号": "SO-2026-08-0002"}	{"products": [{"数量": 500, "产品名称": "铝板 6061", "产品编码": "CP002", "规格型号": "1500×3000×2"}, {"数量": 50, "产品名称": "减速箱体 A", "产品编码": "CP004", "规格型号": "JS-400"}, {"数量": 0, "金额": 0, "现存量": 0, "行中止": false, "产品名称": "铝棒 Φ80", "产品编码": "CP001", "委外单价": 0, "规格型号": "", "计量单位": "件"}], "materials": [{"可用量": 0, "子件BOM": "CP001", "现存量": 0, "损耗率%": 5, "材料名称": "6061铝锭", "材料编码": "CL002", "规格型号": "A00", "计划数量": 0, "计量单位": "kg", "预出仓库": "原料仓", "定额需用数量": 1.05}]}	审批中
PU_ORDER	PO-2026-08-0001	{"币种": "人民币", "汇率": 1, "编号": "PO-2026-08-0001", "项目": "铝材采购", "供应商": "华东铝业", "制单人": "admin", "合同号": "HT-2026-0801", "审核人": "系统管理员", "交货日期": "2026-08-20", "付款方式": "账期", "创建时间": "2026-08-15 09:00", "到货地址": "工厂原材料仓", "单据日期": "2026-08-15", "单据状态": "已审核", "单据编号": "PO-2026-08-0001", "发货状态": "未发货", "审核日期": "2026-08-15", "数据来源": "", "更新时间": "2026-08-15 09:10", "订金金额": 5000, "供应商编码": "KH001"}	{"items": [{"仓库": "原料仓", "单价": 15.5, "单位": "件", "数量": 200, "金额": 3100, "折扣%": 0, "数量2": 0, "税率%": 13, "现存量": 800, "含税单价": 17.52, "含税金额": 3503, "折扣金额": 0, "物料名称": "铝棒 Φ80", "物料编码": "CP001", "规格型号": "Φ80×3000", "计量单位2": "", "现存量说明": "充足", "预计到货日期": "2026-08-20"}, {"仓库": "原料仓", "单价": 12.8, "单位": "kg", "数量": 500, "金额": 6400, "折扣%": 0, "数量2": 0, "税率%": 13, "现存量": 6000, "含税单价": 14.46, "含税金额": 7230, "折扣金额": 0, "物料名称": "6061铝锭", "物料编码": "CL002", "规格型号": "A00", "计量单位2": "", "现存量说明": "充足", "预计到货日期": "2026-08-22"}]}	已审核
PU_ORDER	PO-2026-08-0002	{"币种": "人民币", "汇率": 1, "编号": "PO-2026-08-0002", "项目": "包装材料采购", "供应商": "北方机械", "制单人": "admin", "合同号": "", "交货日期": "2026-08-25", "付款方式": "现付", "创建时间": "2026-08-18 14:00", "到货地址": "", "单据日期": "2026-08-18", "单据状态": "草稿", "单据编号": "PO-2026-08-0002", "发货状态": "未发货", "数据来源": "", "更新时间": "2026-08-18 14:00", "订金金额": 0, "供应商编码": "KH005"}	{"items": [{"仓库": "辅料仓", "单价": 5, "单位": "件", "数量": 100, "金额": 500, "折扣%": 0, "数量2": 0, "税率%": 13, "现存量": 300, "含税单价": 5.65, "含税金额": 565, "折扣金额": 0, "物料名称": "包装木箱", "物料编码": "CL005", "规格型号": "1200×800", "计量单位2": "", "现存量说明": "充足", "预计到货日期": "2026-08-25"}]}	草稿
