QC_INSP	QC-MENU	2026-10-08	40006336	db: 测试库(HSDZ_MES_TEST)按采购链四单基线对齐正式库(结构 + yj_field 元数据 + 运行时顺序)	tools/migrate-align-ledger-fields-20261008.sql	2026-10-04	19d5cd6d	feat!: 下架 MES 自建「物料清单(BOM)」面板族(面板+表+视图+后端链路+前端 UI)	backend/src/main/java/com/yinjia/mes/service/PanelConfigService.java	0
QC_TC_IN	QC-MENU	2026-10-03	d4cf87ea	feat: 特采改由暂收退料单发起(检验→退料单→特采单→采购入库)	tools/db-migrations.txt tools/migrate-qc-tc-via-return.sql	2026-10-03	d520716d	fix: 特采改为暂收退料单明细的 bool 字段(撤掉工具栏按钮)	backend/src/main/java/com/yinjia/mes/service/ButtonService.java backend/src/main/java/com/yinjia/mes/service/PanelConfigService.java	0
QC_CATALOG	QC-MENU	2026-09-28	a8431583	docs: 制定数据库规范(权威)+ 12 项体检工具 + 冻结/棘轮登记	tools/db-legacy-whitelist.txt	2026-10-04	7b3eb9f4	fix: 来料检验要求按 detail_key 取行(档案面板键=qc_insp_req,面板/弹窗此前恒空)	frontend/src/core/panel/detailRows.js	0
QC_INSP_REC	QC-MENU	2026-10-05	e5a54b7d	db: 要求表增「文件编码/检验依据」两列 + 检验报告这两项改为按物料编码带入且不可修改	tools/db-migrations.txt tools/migrate-qc-insp-req-filecode-basis.sql	2026-10-04	2bb7218e	feat: 来料检验要求第 8 张表「自定义检验要求」+ 同样带入检验数据记录	backend/src/main/java/com/yinjia/mes/service/PanelConfigService.java	0
QC_INSP_REQ	QC-MENU	2026-10-08	40006336	db: 测试库(HSDZ_MES_TEST)按采购链四单基线对齐正式库(结构 + yj_field 元数据 + 运行时顺序)	tools/migrate-align-ledger-fields-20261008.sql	2026-10-05	614ed885	feat: 来料检验要求拆成两个面板(7 张固定表 + 10 张全自定义系列表),带入两个面板	backend/src/main/java/com/yinjia/mes/service/PanelConfigService.java frontend/src/core/qc/qcInspReqApi.js frontend/src/core/qc/qcInspReqCols.test.js frontend/src/core/qc/qcInspReqLookup.js frontend/src/core/views/PanelxList.vue frontend/src/core/views/QcInspRecSheet.vue frontend/src/core/views/QcInspReqViewDialog.vue frontend/src/core/views/qcInspReqConfig.js	0
QC_INSP_REQ_SERIES	QC-MENU	2026-10-08	40006336	db: 测试库(HSDZ_MES_TEST)按采购链四单基线对齐正式库(结构 + yj_field 元数据 + 运行时顺序)	tools/migrate-align-ledger-fields-20261008.sql	2026-10-05	614ed885	feat: 来料检验要求拆成两个面板(7 张固定表 + 10 张全自定义系列表),带入两个面板	backend/src/main/java/com/yinjia/mes/service/PanelConfigService.java frontend/src/business/menus.js frontend/src/core/qc/qcInspReqApi.js frontend/src/core/views/QcInspRecSheet.vue frontend/src/core/views/QcInspReqSheet.vue frontend/src/core/views/qcInspReqConfig.js	0
QC_OP	QC-MENU	2026-09-28	f271e513	db: 迁移链补提交——20260924 对齐系列 13 脚本入库;batch-backfill/batch-link 修订、sl-supplier-ref 补 QC_RECV 供应商参照	tools/migrate-align-views-20260924.sql tools/migrate-scm-qc-perms-20260924.sql	2026-09-10	0bcebf83	refactor: 生产制造与品质模块按总流程图泳道重排(计划/执行/记录/设备/样品/经典+品质来料/制程/不良/追溯;PR系列与重复面板下架,采购只留采购单据)	frontend/src/business/menus.js	0
QC_RECORD	QC-MENU	2026-09-28	f271e513	db: 迁移链补提交——20260924 对齐系列 13 脚本入库;batch-backfill/batch-link 修订、sl-supplier-ref 补 QC_RECV 供应商参照	tools/migrate-scm-qc-perms-20260924.sql	2026-09-10	0bcebf83	refactor: 生产制造与品质模块按总流程图泳道重排(计划/执行/记录/设备/样品/经典+品质来料/制程/不良/追溯;PR系列与重复面板下架,采购只留采购单据)	frontend/src/business/menus.js	0
QC_DISPOSAL	QC-MENU	2026-09-28	f271e513	db: 迁移链补提交——20260924 对齐系列 13 脚本入库;batch-backfill/batch-link 修订、sl-supplier-ref 补 QC_RECV 供应商参照	tools/migrate-align-views-20260924.sql tools/migrate-scm-qc-perms-20260924.sql	2026-09-10	0bcebf83	refactor: 生产制造与品质模块按总流程图泳道重排(计划/执行/记录/设备/样品/经典+品质来料/制程/不良/追溯;PR系列与重复面板下架,采购只留采购单据)	frontend/src/business/menus.js	0
ROD_RETURN	QC-MENU	2026-09-28	f271e513	db: 迁移链补提交——20260924 对齐系列 13 脚本入库;batch-backfill/batch-link 修订、sl-supplier-ref 补 QC_RECV 供应商参照	tools/migrate-scm-qc-perms-20260924.sql	2026-09-10	0bcebf83	refactor: 生产制造与品质模块按总流程图泳道重排(计划/执行/记录/设备/样品/经典+品质来料/制程/不良/追溯;PR系列与重复面板下架,采购只留采购单据)	frontend/src/business/menus.js	0
LOT_TRACE	QC-MENU	2026-09-28	f271e513	db: 迁移链补提交——20260924 对齐系列 13 脚本入库;batch-backfill/batch-link 修订、sl-supplier-ref 补 QC_RECV 供应商参照	tools/migrate-scm-qc-perms-20260924.sql	2026-09-10	0bcebf83	refactor: 生产制造与品质模块按总流程图泳道重排(计划/执行/记录/设备/样品/经典+品质来料/制程/不良/追溯;PR系列与重复面板下架,采购只留采购单据)	frontend/src/business/menus.js	0
QC_BHG	QC-MENU	2026-10-03	acc88cbe	feat: 质量单据「责任人」格改为预填可改(审核/批准仍只读自动)	tools/migrate-qc-docs-twolevel.sql	2026-10-03	4a92c3cb	feat: 质量单据(品质管理·质量单据 7 张)同样改两级审批	backend/src/main/java/com/yinjia/mes/service/ButtonService.java backend/src/main/java/com/yinjia/mes/service/PanelPermissionService.java frontend/src/core/views/PanelxList.vue	0
QC_BHC	QC-MENU	2026-10-03	acc88cbe	feat: 质量单据「责任人」格改为预填可改(审核/批准仍只读自动)	tools/migrate-qc-docs-twolevel.sql	2026-10-03	acc88cbe	feat: 质量单据「责任人」格改为预填可改(审核/批准仍只读自动)	backend/src/main/java/com/yinjia/mes/service/ButtonService.java	0
QC_BHZ	QC-MENU	2026-10-03	acc88cbe	feat: 质量单据「责任人」格改为预填可改(审核/批准仍只读自动)	tools/migrate-qc-docs-twolevel.sql	2026-10-03	acc88cbe	feat: 质量单据「责任人」格改为预填可改(审核/批准仍只读自动)	backend/src/main/java/com/yinjia/mes/service/ButtonService.java	0
QC_JJF	QC-MENU	2026-10-03	acc88cbe	feat: 质量单据「责任人」格改为预填可改(审核/批准仍只读自动)	tools/migrate-qc-docs-twolevel.sql	2026-10-03	4a92c3cb	feat: 质量单据(品质管理·质量单据 7 张)同样改两级审批	backend/src/main/java/com/yinjia/mes/service/BatchService.java backend/src/main/java/com/yinjia/mes/service/ButtonService.java backend/src/main/java/com/yinjia/mes/service/PanelPermissionService.java frontend/src/core/views/PanelxList.vue	0
QC_SCP	QC-MENU	2026-10-03	acc88cbe	feat: 质量单据「责任人」格改为预填可改(审核/批准仍只读自动)	tools/migrate-qc-docs-twolevel.sql	2026-10-03	acc88cbe	feat: 质量单据「责任人」格改为预填可改(审核/批准仍只读自动)	backend/src/main/java/com/yinjia/mes/service/ButtonService.java	0
QC_LYB	QC-MENU	2026-10-03	acc88cbe	feat: 质量单据「责任人」格改为预填可改(审核/批准仍只读自动)	tools/migrate-qc-docs-twolevel.sql	2026-10-03	4a92c3cb	feat: 质量单据(品质管理·质量单据 7 张)同样改两级审批	backend/src/main/java/com/yinjia/mes/service/ButtonService.java backend/src/main/java/com/yinjia/mes/service/PanelPermissionService.java frontend/src/core/views/PanelxList.vue	0
QC_SCY	QC-MENU	2026-10-03	acc88cbe	feat: 质量单据「责任人」格改为预填可改(审核/批准仍只读自动)	tools/migrate-qc-docs-twolevel.sql	2026-10-03	4a92c3cb	feat: 质量单据(品质管理·质量单据 7 张)同样改两级审批	backend/src/main/java/com/yinjia/mes/service/ButtonService.java backend/src/main/java/com/yinjia/mes/service/PanelPermissionService.java frontend/src/core/views/PanelxList.vue	0
SO_ORDER	SCM-MENU	2026-10-03	2439d4cd	fix: 送料暂收单/来料检验单 参照源越界污染修复(两账套)+ 根因守卫	tools/migrate-qc-ref-repair.sql	2026-10-03	0a5ae292	feat: 暂收单生单改按商品档案「来料检验」逐行分流(一是一否各出一张)	backend/src/main/java/com/yinjia/mes/panel/PushGenerateHandler.java	0
SALES_ORDER_DETAIL	SCM-MENU	2026-09-28	f271e513	db: 迁移链补提交——20260924 对齐系列 13 脚本入库;batch-backfill/batch-link 修订、sl-supplier-ref 补 QC_RECV 供应商参照	tools/migrate-scm-qc-perms-20260924.sql	2026-08-31	f0095cdf	fix: SQL column bracket safety + rename dot-columns + rebuild report views + docs	frontend/src/business/menus.js	0
SALES_ORDER_STATS	SCM-MENU	2026-09-28	f271e513	db: 迁移链补提交——20260924 对齐系列 13 脚本入库;batch-backfill/batch-link 修订、sl-supplier-ref 补 QC_RECV 供应商参照	tools/migrate-scm-qc-perms-20260924.sql	2026-08-31	f0095cdf	fix: SQL column bracket safety + rename dot-columns + rebuild report views + docs	frontend/src/business/menus.js	0
PU_REQ	SCM-MENU	2026-09-28	f271e513	db: 迁移链补提交——20260924 对齐系列 13 脚本入库;batch-backfill/batch-link 修订、sl-supplier-ref 补 QC_RECV 供应商参照	tools/migrate-scm-qc-perms-20260924.sql	2026-10-04	19d5cd6d	feat!: 下架 MES 自建「物料清单(BOM)」面板族(面板+表+视图+后端链路+前端 UI)	backend/src/main/java/com/yinjia/mes/panel/ManuPurchaseReqHandler.java	0
PU_ORDER	SCM-MENU	2026-10-03	2439d4cd	fix: 送料暂收单/来料检验单 参照源越界污染修复(两账套)+ 根因守卫	tools/migrate-qc-ref-repair.sql	2026-10-04	19d5cd6d	feat!: 下架 MES 自建「物料清单(BOM)」面板族(面板+表+视图+后端链路+前端 UI)	backend/src/main/java/com/yinjia/mes/panel/ManuPurchaseReqHandler.java	0
QC_RECV	SCM-MENU	2026-10-08	40006336	db: 测试库(HSDZ_MES_TEST)按采购链四单基线对齐正式库(结构 + yj_field 元数据 + 运行时顺序)	tools/migrate-align-ledger-fields-20261008.sql tools/migrate-align-ledger-fields2-20261008.sql	2026-10-04	19d5cd6d	feat!: 下架 MES 自建「物料清单(BOM)」面板族(面板+表+视图+后端链路+前端 UI)	backend/src/main/java/com/yinjia/mes/service/PanelConfigService.java	0
QC_RETURN	SCM-MENU	2026-10-08	40006336	db: 测试库(HSDZ_MES_TEST)按采购链四单基线对齐正式库(结构 + yj_field 元数据 + 运行时顺序)	tools/migrate-align-ledger-fields-20261008.sql tools/migrate-align-ledger-fields2-20261008.sql	2026-10-03	d520716d	fix: 特采改为暂收退料单明细的 bool 字段(撤掉工具栏按钮)	backend/src/main/java/com/yinjia/mes/service/ButtonService.java backend/src/main/java/com/yinjia/mes/service/PanelConfigService.java	0
PURCHASE_IN	SCM-MENU	2026-10-08	40006336	db: 测试库(HSDZ_MES_TEST)按采购链四单基线对齐正式库(结构 + yj_field 元数据 + 运行时顺序)	tools/migrate-align-ledger-fields-20261008.sql tools/migrate-align-ledger-fields2-20261008.sql	2026-10-03	7d6dc6a8	feat: 明细自动计算改为服务端落库前重算(采购入库单金额等派生列)	frontend/src/core/panel/calcRules.test.js	0
FINISH_IN	SCM-MENU	2026-10-03	57210666	fix: 库存报表三面板丢了期间单据——补写历史流水 + 按流水重建 kucun(两账套,勾稽归零)	tools/migrate-stock-flow-history-backfill.sql	2026-10-03	c10bb425	feat: 过账时同事务写库存流水(inh/outh),与 kucun 同键、弃审红冲、重复审核幂等	backend/src/main/java/com/yinjia/mes/service/StockFlowService.java	0
OTHER_IN	SCM-MENU	2026-10-03	57210666	fix: 库存报表三面板丢了期间单据——补写历史流水 + 按流水重建 kucun(两账套,勾稽归零)	tools/migrate-stock-flow-history-backfill.sql	2026-10-03	c10bb425	feat: 过账时同事务写库存流水(inh/outh),与 kucun 同键、弃审红冲、重复审核幂等	backend/src/main/java/com/yinjia/mes/service/StockFlowService.java	0
OUTSOURCE_IN	SCM-MENU	2026-10-03	57210666	fix: 库存报表三面板丢了期间单据——补写历史流水 + 按流水重建 kucun(两账套,勾稽归零)	tools/migrate-stock-flow-history-backfill.sql	2026-10-03	c10bb425	feat: 过账时同事务写库存流水(inh/outh),与 kucun 同键、弃审红冲、重复审核幂等	backend/src/main/java/com/yinjia/mes/service/StockFlowService.java	0
SALE_OUT	SCM-MENU	2026-10-03	57210666	fix: 库存报表三面板丢了期间单据——补写历史流水 + 按流水重建 kucun(两账套,勾稽归零)	tools/migrate-stock-flow-history-backfill.sql	2026-10-03	7d6dc6a8	feat: 明细自动计算改为服务端落库前重算(采购入库单金额等派生列)	backend/src/main/java/com/yinjia/mes/service/CalcRuleService.java backend/src/main/java/com/yinjia/mes/service/PanelConfigService.java	0
MATERIAL_OUT	SCM-MENU	2026-10-03	57210666	fix: 库存报表三面板丢了期间单据——补写历史流水 + 按流水重建 kucun(两账套,勾稽归零)	tools/migrate-stock-flow-history-backfill.sql	2026-10-04	19d5cd6d	feat!: 下架 MES 自建「物料清单(BOM)」面板族(面板+表+视图+后端链路+前端 UI)	backend/src/main/java/com/yinjia/mes/panel/WoPickingHandler.java backend/src/main/java/com/yinjia/mes/service/PanelConfigService.java backend/src/main/java/com/yinjia/mes/service/ScheduleBoardService.java	0
OTHER_OUT	SCM-MENU	2026-10-03	57210666	fix: 库存报表三面板丢了期间单据——补写历史流水 + 按流水重建 kucun(两账套,勾稽归零)	tools/migrate-stock-flow-history-backfill.sql	2026-10-03	c10bb425	feat: 过账时同事务写库存流水(inh/outh),与 kucun 同键、弃审红冲、重复审核幂等	backend/src/main/java/com/yinjia/mes/service/StockFlowService.java	0
OUTSOURCE_ISSUE	SCM-MENU	2026-10-03	57210666	fix: 库存报表三面板丢了期间单据——补写历史流水 + 按流水重建 kucun(两账套,勾稽归零)	tools/migrate-stock-flow-history-backfill.sql	2026-10-03	c10bb425	feat: 过账时同事务写库存流水(inh/outh),与 kucun 同键、弃审红冲、重复审核幂等	backend/src/main/java/com/yinjia/mes/service/StockFlowService.java	0
PURCHASE_IN_DETAIL	SCM-MENU	2026-09-28	f271e513	db: 迁移链补提交——20260924 对齐系列 13 脚本入库;batch-backfill/batch-link 修订、sl-supplier-ref 补 QC_RECV 供应商参照	tools/migrate-scm-qc-perms-20260924.sql	2026-09-02	1535d3a2	feat: 多语言繁体+实时机翻 / 菜单重构 / 财务档案 / 使用权限查看	frontend/src/business/menus.js	0
FINISH_IN_DETAIL	SCM-MENU	2026-09-28	f271e513	db: 迁移链补提交——20260924 对齐系列 13 脚本入库;batch-backfill/batch-link 修订、sl-supplier-ref 补 QC_RECV 供应商参照	tools/migrate-scm-qc-perms-20260924.sql	2026-09-02	1535d3a2	feat: 多语言繁体+实时机翻 / 菜单重构 / 财务档案 / 使用权限查看	frontend/src/business/menus.js	0
OTHER_IN_DETAIL	SCM-MENU	2026-09-28	f271e513	db: 迁移链补提交——20260924 对齐系列 13 脚本入库;batch-backfill/batch-link 修订、sl-supplier-ref 补 QC_RECV 供应商参照	tools/migrate-scm-qc-perms-20260924.sql	2026-09-02	1535d3a2	feat: 多语言繁体+实时机翻 / 菜单重构 / 财务档案 / 使用权限查看	frontend/src/business/menus.js	0
OUTSOURCE_IN_DETAIL	SCM-MENU	2026-09-28	f271e513	db: 迁移链补提交——20260924 对齐系列 13 脚本入库;batch-backfill/batch-link 修订、sl-supplier-ref 补 QC_RECV 供应商参照	tools/migrate-scm-qc-perms-20260924.sql	2026-09-02	1535d3a2	feat: 多语言繁体+实时机翻 / 菜单重构 / 财务档案 / 使用权限查看	frontend/src/business/menus.js	0
SALE_OUT_DETAIL	SCM-MENU	2026-09-28	f271e513	db: 迁移链补提交——20260924 对齐系列 13 脚本入库;batch-backfill/batch-link 修订、sl-supplier-ref 补 QC_RECV 供应商参照	tools/migrate-scm-qc-perms-20260924.sql	2026-09-02	1535d3a2	feat: 多语言繁体+实时机翻 / 菜单重构 / 财务档案 / 使用权限查看	frontend/src/business/menus.js	0
MATERIAL_OUT_DETAIL	SCM-MENU	2026-09-28	a8431583	docs: 制定数据库规范(权威)+ 12 项体检工具 + 冻结/棘轮登记	tools/db-legacy-whitelist.txt	2026-09-02	1535d3a2	feat: 多语言繁体+实时机翻 / 菜单重构 / 财务档案 / 使用权限查看	frontend/src/business/menus.js	0
OTHER_OUT_DETAIL	SCM-MENU	2026-09-28	f271e513	db: 迁移链补提交——20260924 对齐系列 13 脚本入库;batch-backfill/batch-link 修订、sl-supplier-ref 补 QC_RECV 供应商参照	tools/migrate-scm-qc-perms-20260924.sql	2026-09-02	1535d3a2	feat: 多语言繁体+实时机翻 / 菜单重构 / 财务档案 / 使用权限查看	frontend/src/business/menus.js	0
OUTSOURCE_ISSUE_DETAIL	SCM-MENU	2026-09-28	13254130	db: 修 3 处「面板一打开就 500」的结构缺口(两账套已执行)	tools/migrate-panel-runtime-cols.sql	2026-09-02	1535d3a2	feat: 多语言繁体+实时机翻 / 菜单重构 / 财务档案 / 使用权限查看	frontend/src/business/menus.js	0
PURCHASE_IN_STATS	SCM-MENU	2026-09-28	f271e513	db: 迁移链补提交——20260924 对齐系列 13 脚本入库;batch-backfill/batch-link 修订、sl-supplier-ref 补 QC_RECV 供应商参照	tools/migrate-scm-qc-perms-20260924.sql	2026-09-02	1535d3a2	feat: 多语言繁体+实时机翻 / 菜单重构 / 财务档案 / 使用权限查看	frontend/src/business/menus.js	0
FINISH_IN_STATS	SCM-MENU	2026-09-28	f271e513	db: 迁移链补提交——20260924 对齐系列 13 脚本入库;batch-backfill/batch-link 修订、sl-supplier-ref 补 QC_RECV 供应商参照	tools/migrate-scm-qc-perms-20260924.sql	2026-09-02	1535d3a2	feat: 多语言繁体+实时机翻 / 菜单重构 / 财务档案 / 使用权限查看	frontend/src/business/menus.js	0
OTHER_IN_STATS	SCM-MENU	2026-09-28	f271e513	db: 迁移链补提交——20260924 对齐系列 13 脚本入库;batch-backfill/batch-link 修订、sl-supplier-ref 补 QC_RECV 供应商参照	tools/migrate-scm-qc-perms-20260924.sql	2026-09-02	1535d3a2	feat: 多语言繁体+实时机翻 / 菜单重构 / 财务档案 / 使用权限查看	frontend/src/business/menus.js	0
OUTSOURCE_IN_STATS	SCM-MENU	2026-09-28	f271e513	db: 迁移链补提交——20260924 对齐系列 13 脚本入库;batch-backfill/batch-link 修订、sl-supplier-ref 补 QC_RECV 供应商参照	tools/migrate-scm-qc-perms-20260924.sql	2026-09-02	1535d3a2	feat: 多语言繁体+实时机翻 / 菜单重构 / 财务档案 / 使用权限查看	frontend/src/business/menus.js	0
SALE_OUT_STATS	SCM-MENU	2026-09-28	f271e513	db: 迁移链补提交——20260924 对齐系列 13 脚本入库;batch-backfill/batch-link 修订、sl-supplier-ref 补 QC_RECV 供应商参照	tools/migrate-scm-qc-perms-20260924.sql	2026-09-02	1535d3a2	feat: 多语言繁体+实时机翻 / 菜单重构 / 财务档案 / 使用权限查看	frontend/src/business/menus.js	0
MATERIAL_OUT_STATS	SCM-MENU	2026-09-28	a8431583	docs: 制定数据库规范(权威)+ 12 项体检工具 + 冻结/棘轮登记	tools/db-legacy-whitelist.txt	2026-09-02	1535d3a2	feat: 多语言繁体+实时机翻 / 菜单重构 / 财务档案 / 使用权限查看	frontend/src/business/menus.js	0
OTHER_OUT_STATS	SCM-MENU	2026-09-28	f271e513	db: 迁移链补提交——20260924 对齐系列 13 脚本入库;batch-backfill/batch-link 修订、sl-supplier-ref 补 QC_RECV 供应商参照	tools/migrate-scm-qc-perms-20260924.sql	2026-09-02	1535d3a2	feat: 多语言繁体+实时机翻 / 菜单重构 / 财务档案 / 使用权限查看	frontend/src/business/menus.js	0
OUTSOURCE_ISSUE_STATS	SCM-MENU	2026-09-28	f271e513	db: 迁移链补提交——20260924 对齐系列 13 脚本入库;batch-backfill/batch-link 修订、sl-supplier-ref 补 QC_RECV 供应商参照	tools/migrate-scm-qc-perms-20260924.sql	2026-09-02	1535d3a2	feat: 多语言繁体+实时机翻 / 菜单重构 / 财务档案 / 使用权限查看	frontend/src/business/menus.js	0
STOCK_BALANCE	SCM-MENU	2026-09-28	ef5fddfe	fix: 库存台账查询弹窗仓库→存货过滤改用编码索引(修同名多码歧义)	tools/migrate-ledger-code-filter.sql	2026-09-28	ef5fddfe	fix: 库存台账查询弹窗仓库→存货过滤改用编码索引(修同名多码歧义)	backend/src/main/java/com/yinjia/mes/service/QueryService.java	0
STOCK_LEDGER	SCM-MENU	2026-10-03	eae66030	feat: 流水表补 含税金额/税额,库存台账那两列不再空白(库存三表·任务 7)	tools/db-migrations.txt tools/migrate-stock-flow-tax-cols-2026-09-30.sql	2026-09-28	ef5fddfe	fix: 库存台账查询弹窗仓库→存货过滤改用编码索引(修同名多码歧义)	backend/src/main/java/com/yinjia/mes/service/QueryService.java	0
STOCK_SUMMARY	SCM-MENU	2026-09-28	ef5fddfe	fix: 库存台账查询弹窗仓库→存货过滤改用编码索引(修同名多码歧义)	tools/migrate-ledger-code-filter.sql	2026-09-23	ec2046bf	feat: 库存报表三面版收尾(移动加权成本+台账补列+高级筛选服务端化+参照联动)	backend/src/main/java/com/yinjia/mes/service/PanelConfigService.java	0
