QC_INSP	QC-MENU	2026-10-08	40006336	db: 测试库(HSDZ_MES_TEST)按采购链四单基线对齐正式库(结构 + yj_field 元数据 + 运行时顺序)	75	tools/migrate-align-ledger-fields-20261008.sql	2026-10-04 feat!: 下架 MES 自建「物料清单(BOM)」面板族(面板+表+视图+后端链路+前端 UI)	0
QC_TC_IN	QC-MENU	2026-10-03	d520716d	fix: 特采改为暂收退料单明细的 bool 字段(撤掉工具栏按钮)	16	backend/src/main/java/com/yinjia/mes/service/ButtonService.java backend/src/main/java/com/yinjia/mes/service/PanelConfigService.java	2026-10-03 feat: 特采改由暂收退料单发起(检验→退料单→特采单→采购入库)	0
QC_CATALOG	QC-MENU	2026-10-04	7b3eb9f4	fix: 来料检验要求按 detail_key 取行(档案面板键=qc_insp_req,面板/弹窗此前恒空)	14	frontend/src/core/panel/detailRows.js	2026-09-28 db: 列级中文注明补齐(阶段 2:字典+面板标签+遗留空列三口径;两账套已执行,体检03清零)	0
QC_INSP_REC	QC-MENU	2026-10-05	e5a54b7d	db: 要求表增「文件编码/检验依据」两列 + 检验报告这两项改为按物料编码带入且不可修改	20	tools/db-migrations.txt tools/migrate-qc-insp-req-filecode-basis.sql	2026-10-04 feat: 来料检验要求第 8 张表「自定义检验要求」+ 同样带入检验数据记录	0
QC_INSP_REQ	QC-MENU	2026-10-08	40006336	db: 测试库(HSDZ_MES_TEST)按采购链四单基线对齐正式库(结构 + yj_field 元数据 + 运行时顺序)	17	tools/migrate-align-ledger-fields-20261008.sql	2026-10-05 db: 要求表增「文件编码/检验依据」两列 + 检验报告这两项改为按物料编码带入且不可修改	0
QC_INSP_REQ_SERIES	QC-MENU	2026-10-08	40006336	db: 测试库(HSDZ_MES_TEST)按采购链四单基线对齐正式库(结构 + yj_field 元数据 + 运行时顺序)	4	tools/migrate-align-ledger-fields-20261008.sql	2026-10-05 db: 要求表增「文件编码/检验依据」两列 + 检验报告这两项改为按物料编码带入且不可修改	0
QC_OP	QC-MENU	2026-09-28	f271e513	db: 迁移链补提交——20260924 对齐系列 13 脚本入库;batch-backfill/batch-link 修订、sl-supplier-ref 补 QC_RECV 供应商参照	13	tools/migrate-align-views-20260924.sql tools/migrate-scm-qc-perms-20260924.sql	2026-09-22 chore: 修 PS 脚本的 BOM(PS 5.1 下语法已坏) + 根层探针归位	0
QC_RECORD	QC-MENU	2026-09-28	f271e513	db: 迁移链补提交——20260924 对齐系列 13 脚本入库;batch-backfill/batch-link 修订、sl-supplier-ref 补 QC_RECV 供应商参照	9	tools/migrate-scm-qc-perms-20260924.sql	2026-09-21 docs: 文档体系补入《数据库表清单》指引 + 表清单生成器	0
QC_DISPOSAL	QC-MENU	2026-09-28	f271e513	db: 迁移链补提交——20260924 对齐系列 13 脚本入库;batch-backfill/batch-link 修订、sl-supplier-ref 补 QC_RECV 供应商参照	14	tools/migrate-align-views-20260924.sql tools/migrate-scm-qc-perms-20260924.sql	2026-09-23 db: 回填批次号一律只读(QC链15个批号字段 editable=0)+登记清单	0
ROD_RETURN	QC-MENU	2026-09-28	f271e513	db: 迁移链补提交——20260924 对齐系列 13 脚本入库;batch-backfill/batch-link 修订、sl-supplier-ref 补 QC_RECV 供应商参照	8	tools/migrate-scm-qc-perms-20260924.sql	2026-09-21 docs: 文档体系补入《数据库表清单》指引 + 表清单生成器	0
LOT_TRACE	QC-MENU	2026-09-29	ed1ca44e	db: 后台表定册(清 244 张未用表+29 面板元数据回收)+在用业务表备用列补全+体检存量债	11	tools/gen/db-catalog-panels.tsv	2026-09-28 db: 迁移链补提交——20260924 对齐系列 13 脚本入库;batch-backfill/batch-link 修订、sl-supplier-ref 补 QC_RECV 供应商参照	0
QC_BHG	QC-MENU	2026-10-03	acc88cbe	feat: 质量单据「责任人」格改为预填可改(审核/批准仍只读自动)	9	tools/migrate-qc-docs-twolevel.sql	2026-10-03 feat: 质量单据(品质管理·质量单据 7 张)同样改两级审批	0
QC_BHC	QC-MENU	2026-10-03	acc88cbe	feat: 质量单据「责任人」格改为预填可改(审核/批准仍只读自动)	9	backend/src/main/java/com/yinjia/mes/service/ButtonService.java tools/migrate-qc-docs-twolevel.sql	2026-10-03 feat: 质量单据(品质管理·质量单据 7 张)同样改两级审批	0
QC_BHZ	QC-MENU	2026-10-03	acc88cbe	feat: 质量单据「责任人」格改为预填可改(审核/批准仍只读自动)	10	backend/src/main/java/com/yinjia/mes/service/ButtonService.java tools/migrate-qc-docs-twolevel.sql	2026-10-03 feat: 质量单据(品质管理·质量单据 7 张)同样改两级审批	0
QC_JJF	QC-MENU	2026-10-03	acc88cbe	feat: 质量单据「责任人」格改为预填可改(审核/批准仍只读自动)	10	tools/migrate-qc-docs-twolevel.sql	2026-10-03 feat: 质量单据(品质管理·质量单据 7 张)同样改两级审批	0
QC_SCP	QC-MENU	2026-10-03	acc88cbe	feat: 质量单据「责任人」格改为预填可改(审核/批准仍只读自动)	10	backend/src/main/java/com/yinjia/mes/service/ButtonService.java tools/migrate-qc-docs-twolevel.sql	2026-10-03 feat: 质量单据(品质管理·质量单据 7 张)同样改两级审批	0
QC_LYB	QC-MENU	2026-10-03	acc88cbe	feat: 质量单据「责任人」格改为预填可改(审核/批准仍只读自动)	10	tools/migrate-qc-docs-twolevel.sql	2026-10-03 feat: 质量单据(品质管理·质量单据 7 张)同样改两级审批	0
QC_SCY	QC-MENU	2026-10-03	acc88cbe	feat: 质量单据「责任人」格改为预填可改(审核/批准仍只读自动)	10	tools/migrate-qc-docs-twolevel.sql	2026-10-03 feat: 质量单据(品质管理·质量单据 7 张)同样改两级审批	0
SO_ORDER	SCM-MENU	2026-10-04	d1917513	docs: 工艺路线金蝶接口核查(现状非同步来源 + 星辰无工艺路线接口)	73	"deploy/\345\267\245\350\211\272\350\267\257\347\272\277\346\216\245\345\217\243\346\240\270\346\237\245.md"	2026-10-03 fix: 送料暂收单/来料检验单 参照源越界污染修复(两账套)+ 根因守卫	0
SALES_ORDER_DETAIL	SCM-MENU	2026-09-29	ed1ca44e	db: 后台表定册(清 244 张未用表+29 面板元数据回收)+在用业务表备用列补全+体检存量债	10	tools/gen/db-catalog-panels.tsv	2026-09-28 db: 迁移链补提交——20260924 对齐系列 13 脚本入库;batch-backfill/batch-link 修订、sl-supplier-ref 补 QC_RECV 供应商参照	0
SALES_ORDER_STATS	SCM-MENU	2026-09-29	ed1ca44e	db: 后台表定册(清 244 张未用表+29 面板元数据回收)+在用业务表备用列补全+体检存量债	10	tools/gen/db-catalog-panels.tsv	2026-09-28 db: 迁移链补提交——20260924 对齐系列 13 脚本入库;batch-backfill/batch-link 修订、sl-supplier-ref 补 QC_RECV 供应商参照	0
PU_REQ	SCM-MENU	2026-10-04	19d5cd6d	feat!: 下架 MES 自建「物料清单(BOM)」面板族(面板+表+视图+后端链路+前端 UI)	18	backend/src/main/java/com/yinjia/mes/panel/ManuPurchaseReqHandler.java	2026-09-28 fix: 订单结转只弹首道确认框+快速排产待排产新单置顶	0
PU_ORDER	SCM-MENU	2026-10-04	19d5cd6d	feat!: 下架 MES 自建「物料清单(BOM)」面板族(面板+表+视图+后端链路+前端 UI)	75	backend/src/main/java/com/yinjia/mes/panel/ManuPurchaseReqHandler.java	2026-10-04 docs: 工艺路线金蝶接口核查(现状非同步来源 + 星辰无工艺路线接口)	0
QC_RECV	SCM-MENU	2026-10-08	40006336	db: 测试库(HSDZ_MES_TEST)按采购链四单基线对齐正式库(结构 + yj_field 元数据 + 运行时顺序)	53	tools/migrate-align-ledger-fields-20261008.sql tools/migrate-align-ledger-fields2-20261008.sql	2026-10-04 feat!: 下架 MES 自建「物料清单(BOM)」面板族(面板+表+视图+后端链路+前端 UI)	0
QC_RETURN	SCM-MENU	2026-10-08	40006336	db: 测试库(HSDZ_MES_TEST)按采购链四单基线对齐正式库(结构 + yj_field 元数据 + 运行时顺序)	54	tools/migrate-align-ledger-fields-20261008.sql tools/migrate-align-ledger-fields2-20261008.sql	2026-10-03 fix: 特采改为暂收退料单明细的 bool 字段(撤掉工具栏按钮)	0
PURCHASE_IN	SCM-MENU	2026-10-08	40006336	db: 测试库(HSDZ_MES_TEST)按采购链四单基线对齐正式库(结构 + yj_field 元数据 + 运行时顺序)	100	tools/migrate-align-ledger-fields-20261008.sql tools/migrate-align-ledger-fields2-20261008.sql	2026-10-03 feat: 明细自动计算改为服务端落库前重算(采购入库单金额等派生列)	0
FINISH_IN	SCM-MENU	2026-10-03	57210666	fix: 库存报表三面板丢了期间单据——补写历史流水 + 按流水重建 kucun(两账套,勾稽归零)	31	tools/migrate-stock-flow-history-backfill.sql	2026-10-03 feat: 过账时同事务写库存流水(inh/outh),与 kucun 同键、弃审红冲、重复审核幂等	0
OTHER_IN	SCM-MENU	2026-10-03	57210666	fix: 库存报表三面板丢了期间单据——补写历史流水 + 按流水重建 kucun(两账套,勾稽归零)	15	tools/migrate-stock-flow-history-backfill.sql	2026-10-03 feat: 过账时同事务写库存流水(inh/outh),与 kucun 同键、弃审红冲、重复审核幂等	0
OUTSOURCE_IN	SCM-MENU	2026-10-03	57210666	fix: 库存报表三面板丢了期间单据——补写历史流水 + 按流水重建 kucun(两账套,勾稽归零)	14	tools/migrate-stock-flow-history-backfill.sql	2026-10-03 feat: 过账时同事务写库存流水(inh/outh),与 kucun 同键、弃审红冲、重复审核幂等	0
SALE_OUT	SCM-MENU	2026-10-03	7d6dc6a8	feat: 明细自动计算改为服务端落库前重算(采购入库单金额等派生列)	56	backend/src/main/java/com/yinjia/mes/service/CalcRuleService.java backend/src/main/java/com/yinjia/mes/service/PanelConfigService.java	2026-10-03 fix: 库存报表三面板丢了期间单据——补写历史流水 + 按流水重建 kucun(两账套,勾稽归零)	0
MATERIAL_OUT	SCM-MENU	2026-10-04	7dcc3fa5	fix: 材料出库转ERP补 stock_id/emp_id + 沙箱改动态授权(附字段↔金蝶 inv_pick 对照核对)	35	"deploy/\346\235\220\346\226\231\345\207\272\345\272\223\345\215\225\345\255\227\346\256\265\346\216\245\345\217\243\346\240\270\345\257\271.md"	2026-10-04 feat!: 下架 MES 自建「物料清单(BOM)」面板族(面板+表+视图+后端链路+前端 UI)	0
OTHER_OUT	SCM-MENU	2026-10-03	57210666	fix: 库存报表三面板丢了期间单据——补写历史流水 + 按流水重建 kucun(两账套,勾稽归零)	14	tools/migrate-stock-flow-history-backfill.sql	2026-10-03 feat: 过账时同事务写库存流水(inh/outh),与 kucun 同键、弃审红冲、重复审核幂等	0
OUTSOURCE_ISSUE	SCM-MENU	2026-10-03	57210666	fix: 库存报表三面板丢了期间单据——补写历史流水 + 按流水重建 kucun(两账套,勾稽归零)	15	tools/migrate-stock-flow-history-backfill.sql	2026-10-03 feat: 过账时同事务写库存流水(inh/outh),与 kucun 同键、弃审红冲、重复审核幂等	0
PURCHASE_IN_DETAIL	SCM-MENU	2026-09-29	ed1ca44e	db: 后台表定册(清 244 张未用表+29 面板元数据回收)+在用业务表备用列补全+体检存量债	11	tools/gen/db-catalog-panels.tsv	2026-09-28 db: 迁移链补提交——20260924 对齐系列 13 脚本入库;batch-backfill/batch-link 修订、sl-supplier-ref 补 QC_RECV 供应商参照	0
FINISH_IN_DETAIL	SCM-MENU	2026-09-29	ed1ca44e	db: 后台表定册(清 244 张未用表+29 面板元数据回收)+在用业务表备用列补全+体检存量债	10	tools/gen/db-catalog-panels.tsv	2026-09-28 db: 迁移链补提交——20260924 对齐系列 13 脚本入库;batch-backfill/batch-link 修订、sl-supplier-ref 补 QC_RECV 供应商参照	0
OTHER_IN_DETAIL	SCM-MENU	2026-09-29	ed1ca44e	db: 后台表定册(清 244 张未用表+29 面板元数据回收)+在用业务表备用列补全+体检存量债	10	tools/gen/db-catalog-panels.tsv	2026-09-28 db: 迁移链补提交——20260924 对齐系列 13 脚本入库;batch-backfill/batch-link 修订、sl-supplier-ref 补 QC_RECV 供应商参照	0
OUTSOURCE_IN_DETAIL	SCM-MENU	2026-09-29	ed1ca44e	db: 后台表定册(清 244 张未用表+29 面板元数据回收)+在用业务表备用列补全+体检存量债	9	tools/gen/db-catalog-panels.tsv	2026-09-28 db: 迁移链补提交——20260924 对齐系列 13 脚本入库;batch-backfill/batch-link 修订、sl-supplier-ref 补 QC_RECV 供应商参照	0
SALE_OUT_DETAIL	SCM-MENU	2026-09-29	ed1ca44e	db: 后台表定册(清 244 张未用表+29 面板元数据回收)+在用业务表备用列补全+体检存量债	10	tools/gen/db-catalog-panels.tsv	2026-09-28 db: 迁移链补提交——20260924 对齐系列 13 脚本入库;batch-backfill/batch-link 修订、sl-supplier-ref 补 QC_RECV 供应商参照	0
MATERIAL_OUT_DETAIL	SCM-MENU	2026-09-29	ed1ca44e	db: 后台表定册(清 244 张未用表+29 面板元数据回收)+在用业务表备用列补全+体检存量债	11	tools/gen/db-catalog-panels.tsv	2026-09-28 docs: 制定数据库规范(权威)+ 12 项体检工具 + 冻结/棘轮登记	0
OTHER_OUT_DETAIL	SCM-MENU	2026-09-29	ed1ca44e	db: 后台表定册(清 244 张未用表+29 面板元数据回收)+在用业务表备用列补全+体检存量债	10	tools/gen/db-catalog-panels.tsv	2026-09-28 db: 迁移链补提交——20260924 对齐系列 13 脚本入库;batch-backfill/batch-link 修订、sl-supplier-ref 补 QC_RECV 供应商参照	0
OUTSOURCE_ISSUE_DETAIL	SCM-MENU	2026-09-29	ed1ca44e	db: 后台表定册(清 244 张未用表+29 面板元数据回收)+在用业务表备用列补全+体检存量债	10	tools/gen/db-catalog-panels.tsv	2026-09-28 db: 修 3 处「面板一打开就 500」的结构缺口(两账套已执行)	0
PURCHASE_IN_STATS	SCM-MENU	2026-09-29	ed1ca44e	db: 后台表定册(清 244 张未用表+29 面板元数据回收)+在用业务表备用列补全+体检存量债	10	tools/gen/db-catalog-panels.tsv	2026-09-28 db: 迁移链补提交——20260924 对齐系列 13 脚本入库;batch-backfill/batch-link 修订、sl-supplier-ref 补 QC_RECV 供应商参照	0
FINISH_IN_STATS	SCM-MENU	2026-09-29	ed1ca44e	db: 后台表定册(清 244 张未用表+29 面板元数据回收)+在用业务表备用列补全+体检存量债	10	tools/gen/db-catalog-panels.tsv	2026-09-28 db: 迁移链补提交——20260924 对齐系列 13 脚本入库;batch-backfill/batch-link 修订、sl-supplier-ref 补 QC_RECV 供应商参照	0
OTHER_IN_STATS	SCM-MENU	2026-09-29	ed1ca44e	db: 后台表定册(清 244 张未用表+29 面板元数据回收)+在用业务表备用列补全+体检存量债	10	tools/gen/db-catalog-panels.tsv	2026-09-28 db: 迁移链补提交——20260924 对齐系列 13 脚本入库;batch-backfill/batch-link 修订、sl-supplier-ref 补 QC_RECV 供应商参照	0
OUTSOURCE_IN_STATS	SCM-MENU	2026-09-29	ed1ca44e	db: 后台表定册(清 244 张未用表+29 面板元数据回收)+在用业务表备用列补全+体检存量债	9	tools/gen/db-catalog-panels.tsv	2026-09-28 db: 迁移链补提交——20260924 对齐系列 13 脚本入库;batch-backfill/batch-link 修订、sl-supplier-ref 补 QC_RECV 供应商参照	0
SALE_OUT_STATS	SCM-MENU	2026-09-29	ed1ca44e	db: 后台表定册(清 244 张未用表+29 面板元数据回收)+在用业务表备用列补全+体检存量债	10	tools/gen/db-catalog-panels.tsv	2026-09-28 db: 迁移链补提交——20260924 对齐系列 13 脚本入库;batch-backfill/batch-link 修订、sl-supplier-ref 补 QC_RECV 供应商参照	0
MATERIAL_OUT_STATS	SCM-MENU	2026-09-29	ed1ca44e	db: 后台表定册(清 244 张未用表+29 面板元数据回收)+在用业务表备用列补全+体检存量债	11	tools/gen/db-catalog-panels.tsv	2026-09-28 docs: 制定数据库规范(权威)+ 12 项体检工具 + 冻结/棘轮登记	0
OTHER_OUT_STATS	SCM-MENU	2026-09-29	ed1ca44e	db: 后台表定册(清 244 张未用表+29 面板元数据回收)+在用业务表备用列补全+体检存量债	10	tools/gen/db-catalog-panels.tsv	2026-09-28 db: 迁移链补提交——20260924 对齐系列 13 脚本入库;batch-backfill/batch-link 修订、sl-supplier-ref 补 QC_RECV 供应商参照	0
OUTSOURCE_ISSUE_STATS	SCM-MENU	2026-09-29	ed1ca44e	db: 后台表定册(清 244 张未用表+29 面板元数据回收)+在用业务表备用列补全+体检存量债	9	tools/gen/db-catalog-panels.tsv	2026-09-28 db: 迁移链补提交——20260924 对齐系列 13 脚本入库;batch-backfill/batch-link 修订、sl-supplier-ref 补 QC_RECV 供应商参照	0
STOCK_BALANCE	SCM-MENU	2026-09-28	ef5fddfe	fix: 库存台账查询弹窗仓库→存货过滤改用编码索引(修同名多码歧义)	16	backend/src/main/java/com/yinjia/mes/service/QueryService.java tools/migrate-ledger-code-filter.sql	2026-09-28 db: 迁移链补提交——20260924 对齐系列 13 脚本入库;batch-backfill/batch-link 修订、sl-supplier-ref 补 QC_RECV 供应商参照	0
STOCK_LEDGER	SCM-MENU	2026-10-03	eae66030	feat: 流水表补 含税金额/税额,库存台账那两列不再空白(库存三表·任务 7)	18	tools/db-migrations.txt tools/migrate-stock-flow-tax-cols-2026-09-30.sql	2026-10-03 refactor: v_stock_movement 改读流水表 inh/outh,列契约不变(报表 65s 超时根治)	0
STOCK_SUMMARY	SCM-MENU	2026-09-28	ef5fddfe	fix: 库存台账查询弹窗仓库→存货过滤改用编码索引(修同名多码歧义)	14	tools/migrate-ledger-code-filter.sql	2026-09-28 db: 迁移链补提交——20260924 对齐系列 13 脚本入库;batch-backfill/batch-link 修订、sl-supplier-ref 补 QC_RECV 供应商参照	0
