id,role_id,panel_code,can_approve,perms
264,2,ROD_RETURN,N,"view,query,add,modify,modlog,del,export"
265,2,QC_DISPOSAL,N,"view,query,add,modify,modlog,del,export"
266,2,LOT_TRACE,N,"view,query,export,print"
267,2,QC_OP,N,"view,query,add,modify,modlog,del,export"
268,2,QC_RECORD,N,"view,query,add,modify,modlog,del,export"
90,1,QC_OP,N,"view,query,add,modify,modlog,del,export"
92,1,QC_RECORD,N,"view,query,add,modify,modlog,del,export"
94,1,QC_DISPOSAL,N,"view,query,add,modify,modlog,del,export"
96,1,ROD_RETURN,N,"view,query,add,modify,modlog,del,export"
98,1,LOT_TRACE,N,"view,query,export,print"
160,3,QC_OP,N,"view,query,add,modify,modlog,del,export"
161,3,QC_RECORD,N,"view,query,add,modify,modlog,del,export"
162,3,QC_DISPOSAL,N,"view,query,add,modify,modlog,del,export"
163,3,ROD_RETURN,N,"view,query,add,modify,modlog,del,export"
164,3,LOT_TRACE,N,"view,query,export,print"
217,4,QC_OP,N,"view,query,add,modify,modlog,del,export"
218,4,QC_RECORD,N,"view,query,add,modify,modlog,del,export"
219,4,QC_DISPOSAL,N,"view,query,add,modify,modlog,del,export"
220,4,ROD_RETURN,N,"view,query,add,modify,modlog,del,export"
221,4,LOT_TRACE,N,"view,query,export,print"
