id,panel_code,col_name,label,data_type,dict_sql,ref_panel,ref_field,display_field,place,seq,width,editable,required,hidden,alias,visible,label_en,col_group,ref_filter,tab_key
827,OTHER_IN,仓库,仓库,参照,,WH,仓库名称,仓库名称,"query,header,detail",10,110,1,0,0,,1,Warehouse,,,
830,OUTSOURCE_ISSUE,仓库,仓库,参照,,WH,仓库名称,仓库名称,"header,detail",80,110,1,0,0,,1,Warehouse,,,
834,PU_REQ,建议供应商,建议供应商,文本,,,,,"query,header,detail",80,130,1,0,0,,1,Suggested supplier,,,
835,PU_REQ,需求日期,需求日期,日期,,,,,"query,header,detail",150,120,1,0,0,,1,Required date,,,
836,PU_REQ,来源单据,来源单据,文本,,,,,"header,detail",160,110,1,0,0,,1,Source doc,,,
837,PU_REQ,来源单号,来源单号,文本,,,,,"header,detail",170,120,1,0,0,,1,Source Order No.,,,
838,PU_REQ,备注,备注,文本,,,,,"header,detail",210,140,1,0,0,,1,Remark,,,
847,OTHER_IN,入库类别,入库类别,下拉框,"SELECT v FROM (VALUES (N'盘盈入库'),(N'调整入库'),(N'其他')) AS t(v)",,,,"query,header",40,110,1,0,0,,1,In type,,,
848,OTHER_IN,来料客户,来料客户,文本,,,,,"query,header",70,120,1,0,0,,1,Source customer,,,
849,OTHER_OUT,来料客户,来料客户,文本,,,,,"query,header",50,120,1,0,0,,1,Source customer,,,
937,OTHER_IN,存货编码,存货编码,参照,,INV,存货编码,存货编码,"query,detail",15,120,1,1,0,,1,Inventory Code,,,
938,OTHER_IN,批号,批号,文本,,,,,"query,detail",17,120,1,0,0,,1,Lot No.,,,
939,OTHER_OUT,存货编码,存货编码,参照,,INV,存货编码,存货编码,"query,detail",15,120,1,1,0,,1,Inventory Code,,,
940,OTHER_OUT,批号,批号,文本,,,,,"query,detail",17,120,1,1,0,,1,Lot No.,,,
941,OUTSOURCE_IN,批号,批号,文本,,,,,"query,detail",17,120,1,0,0,,1,Lot No.,,,
942,OUTSOURCE_ISSUE,批号,批号,文本,,,,,"query,detail",17,120,1,1,0,,1,Lot No.,,,
1252,OTHER_IN,单据日期,单据日期,日期,,,,,"query,header",10,140,1,1,0,,1,Document Date,,,
1253,OTHER_IN,单据编号,单据编号,文本,,,,,"query,header",20,140,1,1,0,,1,Document Number,,,
1254,OTHER_IN,业务类型,业务类型,下拉框,"SELECT v FROM (VALUES (N'采购入库'),(N'产成品入库'),(N'其他入库')) AS t(v)",,,,"query,header",30,140,1,1,0,,1,Business Type,,,
1255,OTHER_IN,项目,项目,参照,,PROJ,项目名称,项目名称,header,40,140,1,0,0,,1,Project,,,
1256,OTHER_IN,往来单位,往来单位,参照,,PARTNER,往来单位名称,往来单位名称,header,60,140,1,0,0,,1,Partner organizations,,,
1257,OTHER_IN,匹配来源单号,匹配来源单号,文本,,,,,"query,header",70,140,1,0,0,,1,Matched source no.,,,
1259,OTHER_IN,存货名称,存货名称,参照,,INV,存货名称,存货名称,detail,20,140,1,1,0,,1,Inventory Name,,,
1260,OTHER_IN,规格型号,规格型号,文本,,,,,detail,30,140,1,0,0,,1,Specification,,,
1261,OTHER_IN,计量单位,计量单位,下拉框,"SELECT v FROM (VALUES (N'件'),(N'kg'),(N'套'),(N'升')) AS t(v)",,,,detail,40,140,1,1,0,,1,Unit of measurement,,,
1262,OTHER_IN,数量,数量,小数,,,,,detail,50,110,1,1,0,,1,Quantity,,,
1263,OTHER_IN,智能选单,智能选单,文本,,,,,detail,60,140,1,0,0,,1,Smart Menu,,,
1264,OTHER_IN,计量单位2,计量单位2,下拉框,"SELECT v FROM (VALUES (N'件'),(N'kg'),(N'套'),(N'升')) AS t(v)",,,,detail,70,140,1,0,0,,1,Unit of measurement 2,,,
1265,OTHER_IN,数量2,数量2,小数,,,,,detail,80,110,1,0,0,,1,Quantity 2,,,
1266,OTHER_IN,单价,单价,小数,,,,,detail,90,110,1,0,0,,1,Unit Price,,,
1267,OTHER_IN,金额,金额,小数,,,,,detail,100,110,1,0,0,,1,Amount,,,
1268,OTHER_IN,现存量,现存量,小数,,,,,detail,110,110,1,0,0,,1,Current inventory,,,
1269,OTHER_IN,现存量说明,现存量说明,文本,,,,,detail,120,140,1,0,0,,1,Quantity on Hand Description,,,
1304,OTHER_OUT,单据日期,单据日期,日期,,,,,"query,header",10,140,1,1,0,,1,Document Date,,,
1305,OTHER_OUT,单据编号,单据编号,文本,,,,,"query,header",20,140,1,1,0,,1,Document Number,,,
1306,OTHER_OUT,业务类型,业务类型,下拉框,"SELECT v FROM (VALUES (N'销售出库'),(N'材料出库'),(N'其他出库')) AS t(v)",,,,"query,header",30,140,1,1,0,,1,Business Type,,,
1307,OTHER_OUT,出库类别,出库类别,下拉框,"SELECT v FROM (VALUES (N'盘亏出库'),(N'调整出库'),(N'其他')) AS t(v)",,,,header,40,140,1,0,0,,1,Outbound Category,,,
1308,OTHER_OUT,部门,部门,参照,,DEPT,部门名称,部门名称,header,50,140,1,0,0,,1,Department,,,
1309,OTHER_OUT,经手人,经手人,参照,,EMP,员工名称,员工名称,header,60,140,1,0,0,,1,Person in charge,,,
1310,OTHER_OUT,项目,项目,参照,,PROJ,项目名称,项目名称,header,70,140,1,0,0,,1,Project,,,
1311,OTHER_OUT,往来单位,往来单位,参照,,PARTNER,往来单位名称,往来单位名称,header,80,140,1,0,0,,1,Partner organizations,,,
1312,OTHER_OUT,来源单据,来源单据,文本,,,,,header,90,140,1,0,0,,1,Source doc,,,
1313,OTHER_OUT,外部单据号,外部单据号,文本,,,,,header,100,140,1,0,0,,1,External Document Number,,,
1314,OTHER_OUT,来源单号,来源单号,文本,,,,,header,110,140,1,0,0,,1,Source Order No.,,,
1315,OTHER_OUT,数据来源,数据来源,文本,,,,,header,120,140,1,0,0,,1,Data Source,,,
1316,OTHER_OUT,销售订单号,销售订单号,文本,,,,,header,130,140,1,0,0,,1,Sales order no.,,,
1317,OTHER_OUT,自动生入库单,自动生入库单,是否,,,,,header,140,140,1,0,0,,1,Automatically generate receipt documents,,,
1318,OTHER_OUT,凭证字号,凭证字号,文本,,,,,header,150,140,1,0,0,,1,Voucher Font Size,,,
1321,OTHER_OUT,仓库,仓库,参照,,WH,仓库名称,仓库名称,"query,detail",10,140,1,1,0,,1,Warehouse,,,
1322,OTHER_OUT,存货名称,存货名称,参照,,INV,存货名称,存货名称,detail,20,140,1,1,0,,1,Inventory Name,,,
1323,OTHER_OUT,规格型号,规格型号,文本,,,,,detail,30,140,1,0,0,,1,Specification,,,
1324,OTHER_OUT,计量单位,计量单位,下拉框,"SELECT v FROM (VALUES (N'件'),(N'kg'),(N'套'),(N'升')) AS t(v)",,,,detail,40,140,1,1,0,,1,Unit of measurement,,,
1325,OTHER_OUT,数量,数量,小数,,,,,detail,50,110,1,1,0,,1,Quantity,,,
1326,OTHER_OUT,单价,单价,小数,,,,,detail,60,110,1,0,0,,1,Unit Price,,,
1327,OTHER_OUT,金额,金额,小数,,,,,detail,70,110,1,0,0,,1,Amount,,,
1328,OTHER_OUT,现存量,现存量,小数,,,,,detail,80,110,1,0,0,,1,Current inventory,,,
1329,OTHER_OUT,现存量说明,现存量说明,文本,,,,,detail,90,140,1,0,0,,1,Quantity on Hand Description,,,
1369,OUTSOURCE_IN,单据日期,单据日期,日期,,,,,"query,header",10,140,1,1,0,,1,Document Date,,,
1370,OUTSOURCE_IN,单据编号,单据编号,文本,,,,,"query,header",20,140,1,1,0,,1,Document Number,,,
1371,OUTSOURCE_IN,业务类型,业务类型,下拉框,"SELECT v FROM (VALUES (N'委外入库'),(N'委外退库')) AS t(v)",,,,"query,header",30,140,1,1,0,,1,Business Type,,,
1372,OUTSOURCE_IN,委外供应商,委外供应商,参照,,PARTNER,往来单位名称,往来单位名称,header,40,140,1,1,0,,1,Outsourced supplier,,,
1373,OUTSOURCE_IN,委外加工单号,委外加工单号,文本,,,,,header,50,140,1,0,0,,1,Outsourced processing document number,,,
1374,OUTSOURCE_IN,仓库,仓库,参照,,WH,仓库名称,仓库名称,header,60,140,1,0,0,,1,Warehouse,,,
1375,OUTSOURCE_IN,经手人,经手人,参照,,EMP,员工名称,员工名称,header,70,140,1,0,0,,1,Person in charge,,,
1376,OUTSOURCE_IN,备注,备注,文本,,,,,header,80,140,1,0,0,,1,Remark,,,
1377,OUTSOURCE_IN,来源单据,来源单据,文本,,,,,header,90,140,1,0,0,,1,Source doc,,,
1378,OUTSOURCE_IN,来源单号,来源单号,文本,,,,,header,100,140,1,0,0,,1,Source Order No.,,,
1379,OUTSOURCE_IN,产品编码,产品编码,参照,,INV,存货编码,存货编码,detail,10,140,1,0,0,,1,Product code,,,
1380,OUTSOURCE_IN,产品名称,产品名称,参照,,INV,存货名称,存货名称,detail,20,140,1,1,0,,1,Product Name,,,
1381,OUTSOURCE_IN,规格型号,规格型号,文本,,,,,detail,30,140,1,0,0,,1,Specification,,,
1382,OUTSOURCE_IN,计量单位,计量单位,下拉框,"SELECT v FROM (VALUES (N'件'),(N'kg'),(N'套'),(N'升')) AS t(v)",,,,detail,40,140,1,1,0,,1,Unit of measurement,,,
1383,OUTSOURCE_IN,实收数量,实收数量,小数,,,,,detail,50,110,1,1,0,,1,Actual received quantity,,,
1384,OUTSOURCE_IN,单价,单价,小数,,,,,detail,60,110,1,0,0,,1,Unit Price,,,
1385,OUTSOURCE_IN,金额,金额,小数,,,,,detail,70,110,1,0,0,,1,Amount,,,
1386,OUTSOURCE_IN,现存量,现存量,小数,,,,,detail,80,110,1,0,0,,1,Current inventory,,,
1387,OUTSOURCE_IN,行中止,行中止,是否,,,,,detail,90,140,1,0,0,,1,Execution halted,,,
1388,OUTSOURCE_ISSUE,单据日期,单据日期,日期,,,,,"query,header",10,140,1,1,0,,1,Document Date,,,
1389,OUTSOURCE_ISSUE,单据编号,单据编号,文本,,,,,"query,header",20,140,1,1,0,,1,Document Number,,,
1390,OUTSOURCE_ISSUE,业务类型,业务类型,下拉框,"SELECT v FROM (VALUES (N'委外发料'),(N'委外退料')) AS t(v)",,,,"query,header",30,140,1,1,0,,1,Business Type,,,
1391,OUTSOURCE_ISSUE,委外供应商,委外供应商,参照,,PARTNER,往来单位名称,往来单位名称,header,40,140,1,1,0,,1,Outsourced supplier,,,
1392,OUTSOURCE_ISSUE,委外加工单号,委外加工单号,文本,,,,,header,50,140,1,0,0,,1,Outsourced processing document number,,,
1393,OUTSOURCE_ISSUE,部门,部门,参照,,DEPT,部门名称,部门名称,header,70,140,1,0,0,,1,Department,,,
1394,OUTSOURCE_ISSUE,经手人,经手人,参照,,EMP,员工名称,员工名称,header,80,140,1,0,0,,1,Person in charge,,,
1395,OUTSOURCE_ISSUE,备注,备注,文本,,,,,header,90,140,1,0,0,,1,Remark,,,
1396,OUTSOURCE_ISSUE,来源单据,来源单据,文本,,,,,header,100,140,1,0,0,,1,Source doc,,,
1397,OUTSOURCE_ISSUE,来源单号,来源单号,文本,,,,,header,110,140,1,0,0,,1,Source Order No.,,,
1398,OUTSOURCE_ISSUE,材料编码,材料编码,参照,,INV,存货编码,存货编码,detail,10,140,1,0,0,,1,Material Code,,,
1399,OUTSOURCE_ISSUE,材料名称,材料名称,参照,,INV,存货名称,存货名称,detail,20,140,1,1,0,,1,Material Name,,,
1400,OUTSOURCE_ISSUE,规格型号,规格型号,文本,,,,,detail,30,140,1,0,0,,1,Specification,,,
1401,OUTSOURCE_ISSUE,计量单位,计量单位,下拉框,"SELECT v FROM (VALUES (N'件'),(N'kg'),(N'套'),(N'升')) AS t(v)",,,,detail,40,140,1,1,0,,1,Unit of measurement,,,
1402,OUTSOURCE_ISSUE,数量,数量,小数,,,,,detail,50,110,1,1,0,,1,Quantity,,,
1403,OUTSOURCE_ISSUE,单价,单价,小数,,,,,detail,60,110,1,0,0,,1,Unit Price,,,
1404,OUTSOURCE_ISSUE,金额,金额,小数,,,,,detail,70,110,1,0,0,,1,Amount,,,
1405,OUTSOURCE_ISSUE,行中止,行中止,是否,,,,,detail,90,140,1,0,0,,1,Execution halted,,,
1539,PU_REQ,单据日期,单据日期,日期,,,,,"query,header",10,140,1,1,0,,1,Document Date,,,
1540,PU_REQ,单据编号,单据编号,文本,,,,,"query,header",20,140,1,1,0,,1,Document Number,,,
1541,PU_REQ,部门,部门,参照,,DEPT,部门名称,部门名称,"query,header",30,140,1,0,0,,1,Department,,,
1542,PU_REQ,请购人,请购人,参照,,EMP,员工名称,员工名称,"query,header",40,140,1,1,0,,1,Requester,,,
1543,PU_REQ,项目,项目,参照,,PROJ,项目名称,项目名称,"query,header",50,140,1,0,0,,1,Project,,,
1544,PU_REQ,建议供应商编码,建议供应商编码,文本,,,,,header,60,140,1,0,0,,1,Suggested Supplier Code,,,
1545,PU_REQ,建议供应商简称,建议供应商简称,文本,,,,,header,80,140,1,0,0,,1,Recommended Supplier Abbreviations,,,
1546,PU_REQ,收货人,收货人,文本,,,,,header,90,140,1,0,0,,1,Consignee,,,
1547,PU_REQ,电话,电话,文本,,,,,header,100,140,1,0,0,,1,Tel,,,
1548,PU_REQ,到货地址,到货地址,文本,,,,,"query,header",120,140,1,0,0,,1,Receiving Address,,,
1549,PU_REQ,销售订单号,销售订单号,文本,,,,,"query,header",130,140,1,0,0,,1,Sales order no.,,,
1550,PU_REQ,外部单据号,外部单据号,文本,,,,,"query,header",140,140,1,0,0,,1,External Document Number,,,
1551,PU_REQ,折扣,折扣,小数,,,,,header,170,110,1,0,0,,1,Discount,,,
1552,PU_REQ,总金额,总金额,小数,,,,,header,180,110,1,0,0,,1,Total amount,,,
1553,PU_REQ,含税总金额,含税总金额,小数,,,,,header,190,110,1,0,0,,1,Total amount including tax,,,
1554,PU_REQ,存货编码,存货编码,参照,,INV,存货编码,存货名称,detail,10,140,1,1,0,,1,Inventory Code,,,
1555,PU_REQ,存货名称,存货名称,参照,,INV,存货名称,存货名称,detail,20,140,1,1,0,,1,Inventory Name,,,
1556,PU_REQ,规格型号,规格型号,文本,,,,,detail,30,140,1,0,0,,1,Specification,,,
1557,PU_REQ,版本号,版本号,文本,,,,,detail,40,140,1,0,0,,1,Version number,,,
1558,PU_REQ,采购单位,采购单位,下拉框,"SELECT v FROM (VALUES (N'件'),(N'kg'),(N'套'),(N'升'),(N'台')) AS t(v)",,,,detail,50,140,1,1,0,,1,Procuring entity,,,
1559,PU_REQ,数量,数量,小数,,,,,detail,60,110,1,1,0,,1,Quantity,,,
1560,PU_REQ,数量2,数量2,小数,,,,,detail,70,110,1,0,0,,1,Quantity 2,,,
1561,PU_REQ,报价,报价,小数,,,,,detail,90,110,1,0,0,,1,Quotation,,,
1562,PU_REQ,单价,单价,小数,,,,,detail,100,110,1,0,0,,1,Unit Price,,,
1563,PU_REQ,含税单价,含税单价,小数,,,,,detail,110,110,1,0,0,,1,Unit price including tax,,,
1564,PU_REQ,税率%,税率%,小数,"SELECT v FROM (VALUES (N'0'),(N'3'),(N'6'),(N'9'),(N'13')) AS t(v)",,,,detail,120,110,1,0,0,,1,Tax rate%,,,
1565,PU_REQ,金额,金额,小数,,,,,detail,130,110,1,0,0,,1,Amount,,,
1566,PU_REQ,含税金额,含税金额,小数,,,,,detail,140,110,1,0,0,,1,Incl. tax amt,,,
1567,PU_REQ,现存量,现存量,小数,,,,,detail,180,110,1,0,0,,1,Current inventory,,,
1568,PU_REQ,现存量说明,现存量说明,文本,,,,,detail,190,140,1,0,0,,1,Quantity on Hand Description,,,
1569,PU_REQ,是否带票,是否带票,下拉框,"SELECT v FROM (VALUES (N'带票'),(N'不带票')) AS t(v)",,,,detail,200,140,1,0,0,,1,Whether to bring tickets,,,
8147,OUTSOURCE_IN_DETAIL,单据编号,单据编号,文本,,,,,"query,detail",10,130,1,0,0,,1,Document Number,,,
8148,OUTSOURCE_IN_DETAIL,单据日期,单据日期,文本,,,,,"query,detail",20,130,1,0,0,,1,Date,,,
8149,OUTSOURCE_IN_DETAIL,业务类型,业务类型,文本,,,,,detail,30,130,1,0,0,,1,Business Type,,,
8150,OUTSOURCE_IN_DETAIL,委外供应商,委外供应商,文本,,,,,"query,detail",40,130,1,0,0,,1,Outsourced supplier,,,
8151,OUTSOURCE_IN_DETAIL,委外加工单号,委外加工单号,文本,,,,,detail,50,130,1,0,0,,1,Outsourced processing document number,,,
8152,OUTSOURCE_IN_DETAIL,仓库,仓库,文本,,,,,"query,detail",60,130,1,0,0,,1,Warehouse,,,
8153,OUTSOURCE_IN_DETAIL,经手人,经手人,文本,,,,,detail,70,130,1,0,0,,1,Person in charge,,,
8154,OUTSOURCE_IN_DETAIL,来源单据,来源单据,文本,,,,,detail,80,130,1,0,0,,1,Source doc,,,
8155,OUTSOURCE_IN_DETAIL,来源单号,来源单号,文本,,,,,detail,90,130,1,0,0,,1,Source Order No.,,,
8156,OUTSOURCE_IN_DETAIL,产品编码,产品编码,文本,,,,,detail,100,130,1,0,0,,1,Product code,,,
8157,OUTSOURCE_IN_DETAIL,产品名称,产品名称,文本,,,,,"query,detail",110,130,1,0,0,,1,Product Name,,,
8158,OUTSOURCE_IN_DETAIL,规格型号,规格型号,文本,,,,,detail,120,130,1,0,0,,1,Specification,,,
8159,OUTSOURCE_IN_DETAIL,计量单位,计量单位,文本,,,,,detail,130,130,1,0,0,,1,Unit of measurement,,,
8160,OUTSOURCE_IN_DETAIL,实收数量,实收数量,文本,,,,,detail,140,130,1,0,0,,1,Actual received quantity,,,
8161,OUTSOURCE_IN_DETAIL,单价,单价,文本,,,,,detail,150,130,1,0,0,,1,Unit Price,,,
8162,OUTSOURCE_IN_DETAIL,金额,金额,文本,,,,,detail,160,130,1,0,0,,1,Amount,,,
8163,OUTSOURCE_IN_DETAIL,现存量,现存量,文本,,,,,detail,170,130,1,0,0,,1,Current inventory,,,
8164,OUTSOURCE_IN_DETAIL,行中止,行中止,文本,,,,,detail,180,130,1,0,0,,1,Execution halted,,,
8165,OUTSOURCE_IN_STATS,单据日期,单据日期,文本,,,,,"query,detail",10,130,1,0,0,,1,Date,,,
8166,OUTSOURCE_IN_STATS,委外供应商,委外供应商,文本,,,,,"query,detail",20,130,1,0,0,,1,Outsourced supplier,,,
8167,OUTSOURCE_IN_STATS,产品编码,产品编码,文本,,,,,detail,30,130,1,0,0,,1,Product code,,,
8168,OUTSOURCE_IN_STATS,产品名称,产品名称,文本,,,,,"query,detail",40,130,1,0,0,,1,Product Name,,,
8169,OUTSOURCE_IN_STATS,规格型号,规格型号,文本,,,,,detail,50,130,1,0,0,,1,Specification,,,
8170,OUTSOURCE_IN_STATS,计量单位,计量单位,文本,,,,,detail,60,130,1,0,0,,1,Unit of measurement,,,
8171,OUTSOURCE_IN_STATS,入库单数,入库单数,文本,,,,,detail,70,130,1,0,0,,1,Receipt count,,,
8172,OUTSOURCE_IN_STATS,实收数量,实收数量,文本,,,,,detail,80,130,1,0,0,,1,Actual received quantity,,,
8173,OUTSOURCE_IN_STATS,金额,金额,文本,,,,,detail,90,130,1,0,0,,1,Amount,,,
8174,OUTSOURCE_ISSUE_DETAIL,单据编号,单据编号,文本,,,,,"query,detail",10,130,1,0,0,,1,Document Number,,,
8175,OUTSOURCE_ISSUE_DETAIL,单据日期,单据日期,文本,,,,,"query,detail",20,130,1,0,0,,1,Date,,,
8176,OUTSOURCE_ISSUE_DETAIL,业务类型,业务类型,文本,,,,,detail,30,130,1,0,0,,1,Business Type,,,
8177,OUTSOURCE_ISSUE_DETAIL,委外供应商,委外供应商,文本,,,,,"query,detail",40,130,1,0,0,,1,Outsourced supplier,,,
8178,OUTSOURCE_ISSUE_DETAIL,委外加工单号,委外加工单号,文本,,,,,detail,50,130,1,0,0,,1,Outsourced processing document number,,,
8179,OUTSOURCE_ISSUE_DETAIL,发料仓库,发料仓库,文本,,,,,detail,60,130,1,0,0,,1,,,,
8180,OUTSOURCE_ISSUE_DETAIL,部门,部门,文本,,,,,"query,detail",70,130,1,0,0,,1,Department,,,
8181,OUTSOURCE_ISSUE_DETAIL,经手人,经手人,文本,,,,,detail,80,130,1,0,0,,1,Person in charge,,,
8182,OUTSOURCE_ISSUE_DETAIL,来源单据,来源单据,文本,,,,,detail,90,130,1,0,0,,1,Source doc,,,
8183,OUTSOURCE_ISSUE_DETAIL,来源单号,来源单号,文本,,,,,detail,100,130,1,0,0,,1,Source Order No.,,,
8184,OUTSOURCE_ISSUE_DETAIL,材料编码,材料编码,文本,,,,,detail,110,130,1,0,0,,1,Material Code,,,
8185,OUTSOURCE_ISSUE_DETAIL,材料名称,材料名称,文本,,,,,"query,detail",120,130,1,0,0,,1,Material Name,,,
8186,OUTSOURCE_ISSUE_DETAIL,规格型号,规格型号,文本,,,,,detail,130,130,1,0,0,,1,Specification,,,
8187,OUTSOURCE_ISSUE_DETAIL,计量单位,计量单位,文本,,,,,detail,140,130,1,0,0,,1,Unit of measurement,,,
8188,OUTSOURCE_ISSUE_DETAIL,数量,数量,文本,,,,,detail,150,130,1,0,0,,1,Quantity,,,
8189,OUTSOURCE_ISSUE_DETAIL,单价,单价,文本,,,,,detail,160,130,1,0,0,,1,Unit Price,,,
8190,OUTSOURCE_ISSUE_DETAIL,金额,金额,文本,,,,,detail,170,130,1,0,0,,1,Amount,,,
8191,OUTSOURCE_ISSUE_DETAIL,材料仓库,材料仓库,文本,,,,,detail,180,130,1,0,0,,1,,,,
8192,OUTSOURCE_ISSUE_DETAIL,行中止,行中止,文本,,,,,detail,190,130,1,0,0,,1,Execution halted,,,
8193,OUTSOURCE_ISSUE_STATS,单据日期,单据日期,文本,,,,,"query,detail",10,130,1,0,0,,1,Date,,,
8194,OUTSOURCE_ISSUE_STATS,委外供应商,委外供应商,文本,,,,,"query,detail",20,130,1,0,0,,1,Outsourced supplier,,,
8195,OUTSOURCE_ISSUE_STATS,材料编码,材料编码,文本,,,,,detail,30,130,1,0,0,,1,Material Code,,,
8196,OUTSOURCE_ISSUE_STATS,材料名称,材料名称,文本,,,,,"query,detail",40,130,1,0,0,,1,Material Name,,,
8197,OUTSOURCE_ISSUE_STATS,规格型号,规格型号,文本,,,,,detail,50,130,1,0,0,,1,Specification,,,
8198,OUTSOURCE_ISSUE_STATS,计量单位,计量单位,文本,,,,,detail,60,130,1,0,0,,1,Unit of measurement,,,
8199,OUTSOURCE_ISSUE_STATS,发料单数,发料单数,文本,,,,,detail,70,130,1,0,0,,1,Issue count,,,
8200,OUTSOURCE_ISSUE_STATS,数量,数量,文本,,,,,detail,80,130,1,0,0,,1,Quantity,,,
8201,OUTSOURCE_ISSUE_STATS,金额,金额,文本,,,,,detail,90,130,1,0,0,,1,Amount,,,
8839,OUTSOURCE_IN_STATS,仓库,仓库,文本,,,,,query,11,110,0,0,0,,1,Warehouse,,,
8840,OUTSOURCE_ISSUE_STATS,仓库,仓库,文本,,,,,query,11,110,0,0,0,,1,Warehouse,,,
8931,OTHER_IN_DETAIL,单据日期,单据日期,日期,,,,,"query,detail",10,120,0,0,0,,1,Date,,,
8932,OTHER_IN_DETAIL,创建时间,创建时间,日期,,,,,detail,20,120,0,0,0,,1,Created at,,,
8933,OTHER_IN_DETAIL,单据编号,单据编号,文本,,,,,"query,detail",30,120,0,0,0,,1,Document Number,,,
8934,OTHER_IN_DETAIL,业务类型,业务类型,文本,,,,,"query,detail",40,120,0,0,0,,1,Business Type,,,
8935,OTHER_IN_DETAIL,仓库编码,仓库编码,文本,,,,,detail,50,120,0,0,0,,1,Warehouse Code,,,
8936,OTHER_IN_DETAIL,仓库,仓库,文本,,,,,"query,detail",60,120,0,0,0,,1,Warehouse,,,
8937,OTHER_IN_DETAIL,入库类别,入库类别,文本,,,,,detail,70,120,0,0,0,,1,In type,,,
8938,OTHER_IN_DETAIL,部门编码,部门编码,文本,,,,,detail,80,120,0,0,0,,1,Department Code,,,
8939,OTHER_IN_DETAIL,部门,部门,文本,,,,,detail,90,120,0,0,0,,1,Department,,,
8940,OTHER_IN_DETAIL,经手人编码,经手人编码,文本,,,,,detail,100,120,0,0,0,,1,Handler code,,,
8941,OTHER_IN_DETAIL,经手人,经手人,文本,,,,,detail,110,120,0,0,0,,1,Person in charge,,,
8942,OTHER_IN_DETAIL,备注,备注,文本,,,,,detail,120,120,0,0,0,,1,Remark,,,
8943,OTHER_IN_DETAIL,制单人,制单人,文本,,,,,detail,130,120,0,0,0,,1,Prepared by,,,
8944,OTHER_IN_DETAIL,审核人,审核人,文本,,,,,detail,140,120,0,0,0,,1,Approved by,,,
8945,OTHER_IN_DETAIL,存货编码,存货编码,文本,,,,,detail,150,120,0,0,0,,1,Inventory Code,,,
8946,OTHER_IN_DETAIL,存货,存货,文本,,,,,"query,detail",160,120,0,0,0,,1,Inventory,,,
8947,OTHER_IN_DETAIL,规格型号,规格型号,文本,,,,,detail,170,120,0,0,0,,1,Specification,,,
8948,OTHER_IN_DETAIL,计量单位,计量单位,文本,,,,,detail,180,120,0,0,0,,1,Unit of measurement,,,
8949,OTHER_IN_DETAIL,数量,数量,小数,,,,,detail,190,120,0,0,0,,1,Quantity,,,
8950,OTHER_IN_DETAIL,单价,单价,小数,,,,,detail,200,120,0,0,0,,1,Unit Price,,,
8951,OTHER_IN_DETAIL,金额,金额,小数,,,,,detail,210,120,0,0,0,,1,Amount,,,
8952,OTHER_IN_DETAIL,计量单位2,计量单位2,文本,,,,,detail,220,120,0,0,0,,1,Unit of measurement 2,,,
8953,OTHER_IN_DETAIL,数量2,数量2,小数,,,,,detail,230,120,0,0,0,,1,Quantity 2,,,
9012,OTHER_OUT_DETAIL,单据日期,单据日期,日期,,,,,"query,detail",10,120,0,0,0,,1,Date,,,
9013,OTHER_OUT_DETAIL,创建时间,创建时间,日期,,,,,detail,20,120,0,0,0,,1,Created at,,,
9014,OTHER_OUT_DETAIL,单据编号,单据编号,文本,,,,,"query,detail",30,120,0,0,0,,1,Document Number,,,
9015,OTHER_OUT_DETAIL,业务类型,业务类型,文本,,,,,"query,detail",40,120,0,0,0,,1,Business Type,,,
9016,OTHER_OUT_DETAIL,仓库编码,仓库编码,文本,,,,,detail,50,120,0,0,0,,1,Warehouse Code,,,
9017,OTHER_OUT_DETAIL,仓库,仓库,文本,,,,,"query,detail",60,120,0,0,0,,1,Warehouse,,,
9018,OTHER_OUT_DETAIL,出库类别,出库类别,文本,,,,,detail,70,120,0,0,0,,1,Outbound Category,,,
9019,OTHER_OUT_DETAIL,部门编码,部门编码,文本,,,,,detail,80,120,0,0,0,,1,Department Code,,,
9020,OTHER_OUT_DETAIL,部门,部门,文本,,,,,detail,90,120,0,0,0,,1,Department,,,
9021,OTHER_OUT_DETAIL,经手人编码,经手人编码,文本,,,,,detail,100,120,0,0,0,,1,Handler code,,,
9022,OTHER_OUT_DETAIL,经手人,经手人,文本,,,,,detail,110,120,0,0,0,,1,Person in charge,,,
9023,OTHER_OUT_DETAIL,备注,备注,文本,,,,,detail,120,120,0,0,0,,1,Remark,,,
9024,OTHER_OUT_DETAIL,制单人,制单人,文本,,,,,detail,130,120,0,0,0,,1,Prepared by,,,
9025,OTHER_OUT_DETAIL,审核人,审核人,文本,,,,,detail,140,120,0,0,0,,1,Approved by,,,
9026,OTHER_OUT_DETAIL,存货编码,存货编码,文本,,,,,detail,150,120,0,0,0,,1,Inventory Code,,,
9027,OTHER_OUT_DETAIL,存货,存货,文本,,,,,"query,detail",160,120,0,0,0,,1,Inventory,,,
9028,OTHER_OUT_DETAIL,规格型号,规格型号,文本,,,,,detail,170,120,0,0,0,,1,Specification,,,
9029,OTHER_OUT_DETAIL,计量单位,计量单位,文本,,,,,detail,180,120,0,0,0,,1,Unit of measurement,,,
9030,OTHER_OUT_DETAIL,数量,数量,小数,,,,,detail,190,120,0,0,0,,1,Quantity,,,
9031,OTHER_OUT_DETAIL,单价,单价,小数,,,,,detail,200,120,0,0,0,,1,Unit Price,,,
9032,OTHER_OUT_DETAIL,金额,金额,小数,,,,,detail,210,120,0,0,0,,1,Amount,,,
9033,OTHER_OUT_DETAIL,计量单位2,计量单位2,文本,,,,,detail,220,120,0,0,0,,1,Unit of measurement 2,,,
9034,OTHER_OUT_DETAIL,数量2,数量2,小数,,,,,detail,230,120,0,0,0,,1,Quantity 2,,,
9035,OTHER_OUT_DETAIL,出库调整,出库调整,小数,,,,,detail,240,120,0,0,0,,1,Issue adjustment,,,
9036,OTHER_OUT_DETAIL,累计调拨入库量,累计调拨入库量,小数,,,,,detail,250,120,0,0,0,,1,Cum. transfer-in qty,,,
9037,OTHER_OUT_DETAIL,合理损耗数量,合理损耗数量,小数,,,,,detail,260,120,0,0,0,,1,Reasonable loss qty,,,
9038,OTHER_OUT_DETAIL,入库单号,入库单号,文本,,,,,detail,270,120,0,0,0,,1,Receipt No.,,,
9104,OTHER_IN_STATS,仓库编码,仓库编码,文本,,,,,detail,10,120,0,0,0,,1,Warehouse Code,,,
9105,OTHER_IN_STATS,仓库,仓库,文本,,,,,"query,detail",20,120,0,0,0,,1,Warehouse,,,
9106,OTHER_IN_STATS,存货编码,存货编码,文本,,,,,detail,30,120,0,0,0,,1,Inventory Code,,,
9107,OTHER_IN_STATS,存货,存货,文本,,,,,"query,detail",40,120,0,0,0,,1,Inventory,,,
9108,OTHER_IN_STATS,规格型号,规格型号,文本,,,,,detail,50,120,0,0,0,,1,Specification,,,
9109,OTHER_IN_STATS,主单位,主单位,文本,,,,,detail,60,120,0,0,0,,1,Main unit,,,
9110,OTHER_IN_STATS,辅单位,辅单位,文本,,,,,detail,70,120,0,0,0,,1,Auxiliary unit,,,
9111,OTHER_IN_STATS,数量(主单位),数量(主单位),文本,,,,,detail,80,120,0,0,0,,1,Qty (main),,,
9112,OTHER_IN_STATS,单价,单价,小数,,,,,detail,90,120,0,0,0,,1,Unit Price,,,
9113,OTHER_IN_STATS,金额,金额,小数,,,,,detail,100,120,0,0,0,,1,Amount,,,
9114,OTHER_IN_STATS,数量(辅单位),数量(辅单位),文本,,,,,detail,110,120,0,0,0,,1,Qty (aux),,,
9115,OTHER_IN_STATS,单价(辅单位),单价(辅单位),文本,,,,,detail,120,120,0,0,0,,1,Unit price (aux),,,
9142,OTHER_OUT_STATS,仓库编码,仓库编码,文本,,,,,detail,10,120,0,0,0,,1,Warehouse Code,,,
9143,OTHER_OUT_STATS,仓库,仓库,文本,,,,,"query,detail",20,120,0,0,0,,1,Warehouse,,,
9144,OTHER_OUT_STATS,存货编码,存货编码,文本,,,,,detail,30,120,0,0,0,,1,Inventory Code,,,
9145,OTHER_OUT_STATS,存货,存货,文本,,,,,"query,detail",40,120,0,0,0,,1,Inventory,,,
9146,OTHER_OUT_STATS,规格型号,规格型号,文本,,,,,detail,50,120,0,0,0,,1,Specification,,,
9147,OTHER_OUT_STATS,主单位,主单位,文本,,,,,detail,60,120,0,0,0,,1,Main unit,,,
9148,OTHER_OUT_STATS,数量(主单位),数量(主单位),文本,,,,,detail,70,120,0,0,0,,1,Qty (main),,,
9149,OTHER_OUT_STATS,单价(主单位),单价(主单位),文本,,,,,detail,80,120,0,0,0,,1,Unit price (main),,,
9150,OTHER_OUT_STATS,数量(辅单位),数量(辅单位),文本,,,,,detail,90,120,0,0,0,,1,Qty (aux),,,
9151,OTHER_OUT_STATS,单价(辅单位),单价(辅单位),文本,,,,,detail,100,120,0,0,0,,1,Unit price (aux),,,
9152,OTHER_OUT_STATS,金额,金额,小数,,,,,detail,110,120,0,0,0,,1,Amount,,,
9153,OTHER_OUT_STATS,出库调整,出库调整,小数,,,,,detail,120,120,0,0,0,,1,Issue adjustment,,,
9154,OTHER_OUT_STATS,累计调拨入库量(主单位),累计调拨入库量(主单位),文本,,,,,detail,130,120,0,0,0,,1,Cum. transfer-in qty (main),,,
9155,OTHER_OUT_STATS,合理损耗数量(主单位),合理损耗数量(主单位),文本,,,,,detail,140,120,0,0,0,,1,Reasonable loss qty (main),,,
