id,scope,ref_key,locale,text,source,created_at,updated_at
29802,panel,其他入库单明细表,ja,その他入庫票明細表,manual,2026-09-23 12:58:51.8378745,2026-09-23 12:58:51.8378745
31385,panel,委外发料单统计表,th,สถิติเบิกจ่ายงานผู้รับจ้าง,manual,2026-09-23 12:59:02.4656582,2026-09-23 12:59:02.4656582
31389,panel,委外入库单统计表,th,สถิติรับเข้างานผู้รับจ้าง,manual,2026-09-23 12:59:02.4656582,2026-09-23 12:59:02.4656582
31390,panel,委外入库单明细表,fr,Détail entrées sous-traitance,manual,2026-09-23 12:59:02.4656582,2026-09-23 12:59:02.4656582
31394,panel,委外发料单明细表,es,Detalle emisiones subcontratación,manual,2026-09-23 12:59:02.4656582,2026-09-23 12:59:02.4656582
31396,panel,委外发料单明细表,th,รายละเอียดเบิกจ่ายงานผู้รับจ้าง,manual,2026-09-23 12:59:02.4656582,2026-09-23 12:59:02.4656582
31397,panel,委外入库单明细表,ru,Детали поступлений давальца,manual,2026-09-23 12:59:02.4656582,2026-09-23 12:59:02.4656582
31398,panel,委外发料单明细表,ja,委託払出明細,manual,2026-09-23 12:59:02.4656582,2026-09-23 12:59:02.4656582
31400,panel,委外发料单统计表,fr,Statistiques sorties sous-traitance,manual,2026-09-23 12:59:02.4656582,2026-09-23 12:59:02.4656582
31401,panel,委外入库单明细表,es,Detalle entradas subcontratación,manual,2026-09-23 12:59:02.4656582,2026-09-23 12:59:02.4656582
31406,panel,委外入库单统计表,ja,委託入庫統計表,manual,2026-09-23 12:59:02.4656582,2026-09-23 12:59:02.4656582
31409,panel,委外发料单统计表,vi,Thống kê cấp liệu gia công,manual,2026-09-23 12:59:02.4656582,2026-09-23 12:59:02.4656582
31411,panel,委外入库单统计表,es,Estadística entradas subcontratación,manual,2026-09-23 12:59:02.4656582,2026-09-23 12:59:02.4656582
31414,panel,委外入库单统计表,de,Fremdvergabe-Eingangsstatistik,manual,2026-09-23 12:59:02.4656582,2026-09-23 12:59:02.4656582
31415,panel,委外发料单统计表,ru,Статистика выдач давальцу,manual,2026-09-23 12:59:02.4656582,2026-09-23 12:59:02.4656582
31416,panel,委外发料单明细表,de,Fremdvergabe-Ausgabedetails,manual,2026-09-23 12:59:02.4656582,2026-09-23 12:59:02.4656582
31418,panel,委外入库单明细表,th,รายละเอียดรับเข้างานผู้รับจ้าง,manual,2026-09-23 12:59:02.4656582,2026-09-23 12:59:02.4656582
31422,panel,委外入库单明细表,ko,외주 입고 명세,manual,2026-09-23 12:59:02.4656582,2026-09-23 12:59:02.4656582
31423,panel,委外入库单明细表,de,Fremdvergabe-Eingangsdetails,manual,2026-09-23 12:59:02.4656582,2026-09-23 12:59:02.4656582
31425,panel,委外发料单统计表,de,Fremdvergabe-Ausgabestatistik,manual,2026-09-23 12:59:02.4656582,2026-09-23 12:59:02.4656582
31428,panel,委外入库单统计表,fr,Statistiques entrées sous-traitance,manual,2026-09-23 12:59:02.4656582,2026-09-23 12:59:02.4656582
31429,panel,委外入库单统计表,vi,Thống kê nhập gia công,manual,2026-09-23 12:59:02.4656582,2026-09-23 12:59:02.4656582
31432,panel,委外发料单明细表,ko,외주 지급 명세,manual,2026-09-23 12:59:02.4656582,2026-09-23 12:59:02.4656582
31434,panel,委外发料单统计表,es,Estadística emisiones subcontratación,manual,2026-09-23 12:59:02.4656582,2026-09-23 12:59:02.4656582
31437,panel,委外入库单明细表,ja,委託入庫明細,manual,2026-09-23 12:59:02.4656582,2026-09-23 12:59:02.4656582
31438,panel,委外发料单明细表,vi,Chi tiết cấp liệu gia công,manual,2026-09-23 12:59:02.4656582,2026-09-23 12:59:02.4656582
31439,panel,委外发料单明细表,fr,Détail sorties sous-traitance,manual,2026-09-23 12:59:02.4656582,2026-09-23 12:59:02.4656582
31440,panel,委外入库单统计表,ru,Статистика поступлений давальца,manual,2026-09-23 12:59:02.4656582,2026-09-23 12:59:02.4656582
31443,panel,委外发料单统计表,ja,委託払出統計表,manual,2026-09-23 12:59:02.4656582,2026-09-23 12:59:02.4656582
31448,panel,委外入库单统计表,ko,외주 입고 통계표,manual,2026-09-23 12:59:02.4656582,2026-09-23 12:59:02.4656582
31449,panel,委外发料单明细表,ru,Детали выдачи давальцу,manual,2026-09-23 12:59:02.4656582,2026-09-23 12:59:02.4656582
31450,panel,委外发料单统计表,ko,외주 지급 통계표,manual,2026-09-23 12:59:02.4656582,2026-09-23 12:59:02.4656582
31451,panel,委外入库单明细表,vi,Chi tiết nhập gia công,manual,2026-09-23 12:59:02.4656582,2026-09-23 12:59:02.4656582
29787,panel,其他入库单,ja,その他入庫票,manual,2026-09-23 12:58:51.7963282,2026-09-23 12:58:51.7963282
29790,panel,其他出库单,ja,その他の出庫票,manual,2026-09-23 12:58:51.8043058,2026-09-23 12:58:51.8043058
29791,panel,请购单,ja,購入依頼票,manual,2026-09-23 12:58:51.8072999,2026-09-23 12:58:51.8072999
29796,panel,委外入库单,ja,外注入庫票,manual,2026-09-23 12:58:51.8202951,2026-09-23 12:58:51.8202951
29797,panel,委外发料单,ja,外注送り状,manual,2026-09-23 12:58:51.8232836,2026-09-23 12:58:51.8232836
29803,panel,其他入库单统计表,ja,その他入庫票統計表,manual,2026-09-23 12:58:51.8400268,2026-09-23 12:58:51.8400268
29808,panel,其他出库单明细表,ja,その他出庫票明細表,manual,2026-09-23 12:58:51.8525726,2026-09-23 12:58:51.8525726
29809,panel,其他出库单统计表,ja,その他出庫票統計表,manual,2026-09-23 12:58:51.8555386,2026-09-23 12:58:51.8555386
29938,panel,其他入库单,ko,기타 인바운드 배송 노트,manual,2026-09-23 12:58:52.2515603,2026-09-23 12:58:52.2515603
29941,panel,其他出库单,ko,기타 배달 노트,manual,2026-09-23 12:58:52.2585415,2026-09-23 12:58:52.2585415
29942,panel,请购单,ko,구매 신청서,manual,2026-09-23 12:58:52.2615352,2026-09-23 12:58:52.2615352
29947,panel,委外入库单,ko,아웃소싱 상품 영수증 주문,manual,2026-09-23 12:58:52.2745003,2026-09-23 12:58:52.2745003
29948,panel,委外发料单,ko,아웃소싱 소재 이슈 양식,manual,2026-09-23 12:58:52.2764950,2026-09-23 12:58:52.2764950
29953,panel,其他入库单明细表,ko,기타 재고 있음 주문 세부 사항 목록,manual,2026-09-23 12:58:52.2894615,2026-09-23 12:58:52.2894615
29954,panel,其他入库单统计表,ko,기타 재고 있음 주문 요약 테이블,manual,2026-09-23 12:58:52.2924511,2026-09-23 12:58:52.2924511
29959,panel,其他出库单明细表,ko,기타 아웃 바운드 주문 세부 사항 목록,manual,2026-09-23 12:58:52.3054170,2026-09-23 12:58:52.3054170
29960,panel,其他出库单统计表,ko,기타 아웃 바운드 주문 요약 테이블,manual,2026-09-23 12:58:52.3074108,2026-09-23 12:58:52.3074108
30089,panel,其他入库单,es,Otros recibos,manual,2026-09-23 12:58:52.7369758,2026-09-23 12:58:52.7369758
30092,panel,其他出库单,es,Otros pedidos de salida,manual,2026-09-23 12:58:52.7449791,2026-09-23 12:58:52.7449791
30093,panel,请购单,es,Solicitud de compra,manual,2026-09-23 12:58:52.7479435,2026-09-23 12:58:52.7479435
30098,panel,委外入库单,es,Lista de entrada de subcontratación,manual,2026-09-23 12:58:52.7609084,2026-09-23 12:58:52.7609084
30099,panel,委外发料单,es,Formulario de subcontratación,manual,2026-09-23 12:58:52.7639019,2026-09-23 12:58:52.7639019
30104,panel,其他入库单明细表,es,Otras listas de almacenamiento,manual,2026-09-23 12:58:52.7769025,2026-09-23 12:58:52.7769025
30105,panel,其他入库单统计表,es,Otras estadísticas de recibos,manual,2026-09-23 12:58:52.7799181,2026-09-23 12:58:52.7799181
30110,panel,其他出库单明细表,es,Otras listas de salida,manual,2026-09-23 12:58:52.7948254,2026-09-23 12:58:52.7948254
30111,panel,其他出库单统计表,es,Tabla de estadísticas de otras hojas de salida,manual,2026-09-23 12:58:52.7978297,2026-09-23 12:58:52.7978297
30240,panel,其他入库单,fr,Autres ordres de stockage,manual,2026-09-23 12:58:53.2535654,2026-09-23 12:58:53.2535654
30243,panel,其他出库单,fr,Autres bons de sortie,manual,2026-09-23 12:58:53.2625402,2026-09-23 12:58:53.2625402
30244,panel,请购单,fr,Demande d'achat,manual,2026-09-23 12:58:53.2645342,2026-09-23 12:58:53.2645342
30249,panel,委外入库单,fr,Codes d'entrée externés,manual,2026-09-23 12:58:53.2781319,2026-09-23 12:58:53.2781319
30250,panel,委外发料单,fr,Externez la facture,manual,2026-09-23 12:58:53.2801332,2026-09-23 12:58:53.2801332
30255,panel,其他入库单明细表,fr,Liste détaillée des autres formulaires d'entrée,manual,2026-09-23 12:58:53.3090498,2026-09-23 12:58:53.3090498
30256,panel,其他入库单统计表,fr,Tableau statistique des autres listes d'inventaire,manual,2026-09-23 12:58:53.3130344,2026-09-23 12:58:53.3130344
30261,panel,其他出库单明细表,fr,Liste détaillée des autres formulaires de sortie,manual,2026-09-23 12:58:53.3339470,2026-09-23 12:58:53.3339470
30262,panel,其他出库单统计表,fr,Tableau statistique des autres listes de stockage,manual,2026-09-23 12:58:53.3379632,2026-09-23 12:58:53.3379632
30391,panel,其他入库单,de,Sonstige Lager aufträge,manual,2026-09-23 12:58:53.9806037,2026-09-23 12:58:53.9806037
30394,panel,其他出库单,de,Andere ausgehende Bestellungen,manual,2026-09-23 12:58:53.9930987,2026-09-23 12:58:53.9930987
30395,panel,请购单,de,Bitte kaufen,manual,2026-09-23 12:58:53.9980901,2026-09-23 12:58:53.9980901
30400,panel,委外入库单,de,Outsourcing-Lager auftrag,manual,2026-09-23 12:58:54.0190335,2026-09-23 12:58:54.0190335
30401,panel,委外发料单,de,Outsourcing-Bestellung,manual,2026-09-23 12:58:54.0240570,2026-09-23 12:58:54.0240570
30406,panel,其他入库单明细表,de,Zeitplan für andere Lager belege,manual,2026-09-23 12:58:54.0443454,2026-09-23 12:58:54.0443454
30407,panel,其他入库单统计表,de,Andere Lagers tatistiken,manual,2026-09-23 12:58:54.0483357,2026-09-23 12:58:54.0483357
30412,panel,其他出库单明细表,de,Zeitplan für andere ausgehende Bestellungen,manual,2026-09-23 12:58:54.0712712,2026-09-23 12:58:54.0712712
30413,panel,其他出库单统计表,de,Sonstige statistische Tabelle der Auslass liste,manual,2026-09-23 12:58:54.0752617,2026-09-23 12:58:54.0752617
30542,panel,其他入库单,ru,Другие складские накладные,manual,2026-09-23 12:58:54.7660371,2026-09-23 12:58:54.7660371
30545,panel,其他出库单,ru,Другие накладные,manual,2026-09-23 12:58:54.7790025,2026-09-23 12:58:54.7790025
30546,panel,请购单,ru,Закупки,manual,2026-09-23 12:58:54.7829933,2026-09-23 12:58:54.7829933
30551,panel,委外入库单,ru,Внешнеказначейские накладные,manual,2026-09-23 12:58:54.8035650,2026-09-23 12:58:54.8035650
30552,panel,委外发料单,ru,Накладные,manual,2026-09-23 12:58:54.8095492,2026-09-23 12:58:54.8095492
30557,panel,其他入库单明细表,ru,Другие списки хранения,manual,2026-09-23 12:58:54.8314919,2026-09-23 12:58:54.8314919
30558,panel,其他入库单统计表,ru,Другие статистические таблицы,manual,2026-09-23 12:58:54.8358436,2026-09-23 12:58:54.8358436
30563,panel,其他出库单明细表,ru,Другие списки исходящих заказов,manual,2026-09-23 12:58:54.8568916,2026-09-23 12:58:54.8568916
30564,panel,其他出库单统计表,ru,Другие статистические таблицы,manual,2026-09-23 12:58:54.8608787,2026-09-23 12:58:54.8608787
30694,panel,其他入库单,vi,Phiếu nhập kho khác,manual,2026-09-23 12:58:55.5220980,2026-09-23 12:58:55.5220980
30697,panel,其他出库单,vi,Phiếu xuất kho khác,manual,2026-09-23 12:58:55.5348564,2026-09-23 12:58:55.5348564
30698,panel,请购单,vi,Đơn đề nghị mua hàng,manual,2026-09-23 12:58:55.5388795,2026-09-23 12:58:55.5388795
30703,panel,委外入库单,vi,Phiếu nhập kho ủy thác,manual,2026-09-23 12:58:55.5587928,2026-09-23 12:58:55.5587928
30704,panel,委外发料单,vi,Đơn hàng thuê ngoài,manual,2026-09-23 12:58:55.5628331,2026-09-23 12:58:55.5628331
30709,panel,其他入库单明细表,vi,Danh sách các đơn đặt hàng khác,manual,2026-09-23 12:58:55.5827800,2026-09-23 12:58:55.5827800
30710,panel,其他入库单统计表,vi,Bảng thống kê đơn hàng nhập kho khác,manual,2026-09-23 12:58:55.5867180,2026-09-23 12:58:55.5867180
30715,panel,其他出库单明细表,vi,Danh sách các đơn đặt hàng khác,manual,2026-09-23 12:58:55.6066630,2026-09-23 12:58:55.6066630
30716,panel,其他出库单统计表,vi,Bảng thống kê đơn hàng xuất kho khác,manual,2026-09-23 12:58:55.6113267,2026-09-23 12:58:55.6113267
30845,panel,其他入库单,th,ใบนำเข้าสินค้าอื่นๆ,manual,2026-09-23 12:58:56.3060956,2026-09-23 12:58:56.3060956
30848,panel,其他出库单,th,ใบส่งของอื่นๆ,manual,2026-09-23 12:58:56.3190169,2026-09-23 12:58:56.3190169
30849,panel,请购单,th,ใบคำขอซื้อ,manual,2026-09-23 12:58:56.3230049,2026-09-23 12:58:56.3230049
30854,panel,委外入库单,th,ใบสั่งเอาท์ซอร์ส,manual,2026-09-23 12:58:56.3439509,2026-09-23 12:58:56.3439509
30855,panel,委外发料单,th,รายการเอาท์ซอร์ส,manual,2026-09-23 12:58:56.3479383,2026-09-23 12:58:56.3479383
30860,panel,其他入库单明细表,th,รายการขาเข้าอื่นๆ,manual,2026-09-23 12:58:56.3688822,2026-09-23 12:58:56.3688822
30861,panel,其他入库单统计表,th,ตารางสถิติคลังอื่นๆ,manual,2026-09-23 12:58:56.3728718,2026-09-23 12:58:56.3728718
30866,panel,其他出库单明细表,th,รายการขาออกอื่นๆ,manual,2026-09-23 12:58:56.3928181,2026-09-23 12:58:56.3928181
30867,panel,其他出库单统计表,th,ตารางสถิติคำสั่งซื้อขาออกอื่นๆ,manual,2026-09-23 12:58:56.3988019,2026-09-23 12:58:56.3988019
27923,panel,其他出库单,en,Other delivery notes,manual,2026-09-23 12:58:43.7747985,2026-09-23 12:58:43.7747985
27924,panel,其他出库单明细表,en,Other issue Doc Details,manual,2026-09-23 12:58:43.7747985,2026-09-23 12:58:43.7747985
27925,panel,其他出库单统计表,en,Other Outbound Order Summary Table,manual,2026-09-23 12:58:43.7747985,2026-09-23 12:58:43.7747985
27926,panel,其他入库单,en,Other inbound delivery notes,manual,2026-09-23 12:58:43.7747985,2026-09-23 12:58:43.7747985
27927,panel,其他入库单明细表,en,Miscellaneous receipt Doc Details,manual,2026-09-23 12:58:43.7747985,2026-09-23 12:58:43.7747985
27928,panel,其他入库单统计表,en,Other In-Stock Order Summary Tables,manual,2026-09-23 12:58:43.7747985,2026-09-23 12:58:43.7747985
27929,panel,请购单,en,Purchase Requisition,manual,2026-09-23 12:58:43.7747985,2026-09-23 12:58:43.7747985
27942,panel,委外发料单,en,Outsourced Material issuing Doc,manual,2026-09-23 12:58:43.7747985,2026-09-23 12:58:43.7747985
27943,panel,委外发料单明细表,en,Outsourcing Issue Details,manual,2026-09-23 12:58:43.7747985,2026-09-23 12:58:43.7747985
27944,panel,委外发料单统计表,en,Outsourcing Issue Statistics,manual,2026-09-23 12:58:43.7747985,2026-09-23 12:58:43.7747985
27946,panel,委外入库单,en,subcontracting receipt document,manual,2026-09-23 12:58:43.7747985,2026-09-23 12:58:43.7747985
27947,panel,委外入库单明细表,en,Outsourcing Receipt Details,manual,2026-09-23 12:58:43.7747985,2026-09-23 12:58:43.7747985
27948,panel,委外入库单统计表,en,Outsourcing Receipt Statistics,manual,2026-09-23 12:58:43.7747985,2026-09-23 12:58:43.7747985
