table,class,live_panels,retired_panels,used_views,sql_refs_biz,sql_refs_all,mentions,rows,cols,spare,ms_description,sample_files
"bd_account",A_在用_MES自有,"FIN_ACC","","",0,51,40,0,34,20,"会计科目档案","tools/migrate-base-fields.sql | tools/migrate-fin-archive.sql | tools/migrate-table-comments.sql"
"bd_dispatch",A_在用_MES自有,"DISPATCH","","v_dispatch_detail v_dispatch_stats",0,99,71,0,43,20,"工序派工单头表(经典遗留面板)","tools/deploy-all.sql | tools/dispatch-reports.sql | tools/dump-server-views.sql"
"bd_expense_type",A_在用_MES自有,"FIN_EXP","","",0,43,34,0,32,20,"费用类别档案","tools/migrate-base-fields.sql | tools/migrate-fin-archive.sql | tools/migrate-table-comments.sql"
"bd_finish_in",A_在用_MES自有,"FINISH_IN","","v_finish_in_detail v_finish_in_stats v_lot_trace v_stock_movement",2,118,66,0,44,20,"产成品入库单头表(切炭双出口直销自动生成并审核)","backend/src/main/java/com/yinjia/mes/service/ManuWritebackService.java | backend/src/main/java/com/yinjia/mes/service/ScheduleBoardService.java | backend/src/main/java/com/yinjia/mes/service/StockLedgerService.java"
"bd_manu_order",A_在用_MES自有,"MANU_ORDER","","v_manu_order_detail v_manu_order_stats v_manu_schedule v_wo_kit",16,247,242,0,78,20,"生产加工单头表(经典遗留面板)","backend/src/main/java/com/yinjia/mes/panel/ManuCloseHandler.java | backend/src/main/java/com/yinjia/mes/panel/ManuFirstArticleHandler.java | backend/src/main/java/com/yinjia/mes/panel/ManuPurchaseReqHandler.java"
"bd_material_out",A_在用_MES自有,"MATERIAL_OUT","","v_lot_trace v_material_out_detail v_material_out_stats v_stock_movement",2,151,80,0,50,20,"材料出库单(领料)头表","backend/src/main/java/com/yinjia/mes/service/ManuWritebackService.java | backend/src/main/java/com/yinjia/mes/service/ScheduleBoardService.java | backend/src/main/java/com/yinjia/mes/service/StockLedgerService.java"
"bd_other_in",A_在用_MES自有,"OTHER_IN","","v_other_in_detail v_other_in_stats v_stock_movement",1,104,62,0,41,20,"其他入库单头表","backend/src/main/java/com/yinjia/mes/service/StockLedgerService.java | tools/deploy-all.sql | tools/fix-db-restore-20260915.sql"
"bd_other_out",A_在用_MES自有,"OTHER_OUT","","v_other_out_detail v_other_out_stats v_stock_movement",0,127,76,0,49,20,"其他出库单头表","tools/deploy-all.sql | tools/fix-db-restore-20260915.sql | tools/fix-views-ultimate.sql"
"bd_outsource_in",A_在用_MES自有,"OUTSOURCE_IN","","v_outsource_in_detail v_outsource_in_stats v_stock_movement",1,94,55,0,41,20,"委外入库单头表","backend/src/main/java/com/yinjia/mes/service/StockLedgerService.java | tools/deploy-all.sql | tools/fix-db-restore-20260915.sql"
"bd_outsource_issue",A_在用_MES自有,"OUTSOURCE_ISSUE","","v_outsource_issue_detail v_outsource_issue_stats v_stock_movement",1,100,58,0,42,20,"委外发料单头表","backend/src/main/java/com/yinjia/mes/service/StockLedgerService.java | tools/deploy-all.sql | tools/fix-db-restore-20260915.sql"
"bd_outsource_order",A_在用_MES自有,"OUTSOURCE_ORDER","","",0,97,73,0,49,20,"委外加工单头表","tools/deploy-all.sql | tools/migrate-formno-style.sql | tools/migrate-golive-cleanup.sql"
"bd_prod_abn",A_在用_MES自有,"PROD_ABN","","",0,1,8,0,48,20,"生产异常处理单(闭环:异常提出→原因分析→处理措施→结案;挂 工单号/批次号(碳棒)/混料批次号,所有不良异常按批次号展开)","tools/migrate-prod-batch-first-article.sql"
"bd_pu_order",A_在用_MES自有,"PU_ORDER","","",1,657,262,0,125,20,"采购订单头表","backend/src/main/java/com/yinjia/mes/service/ButtonService.java | backend/src/main/java/com/yinjia/mes/service/KingdeePushService.java | tools/deploy-all.sql"
"bd_pu_req",A_在用_MES自有,"PU_REQ","","",0,99,71,0,51,20,"请购单头表","tools/deploy-all.sql | tools/migrate-golive-cleanup.sql | tools/migrate-table-comments.sql"
"bd_purchase_in",A_在用_MES自有,"PURCHASE_IN","","v_lot_trace v_purchase_in_detail v_purchase_in_stats v_stock_movement",4,819,378,0,153,20,"采购入库单头表(审核过账kucun入库)","backend/src/main/java/com/yinjia/mes/service/BatchService.java | backend/src/main/java/com/yinjia/mes/service/ButtonService.java | backend/src/main/java/com/yinjia/mes/service/KingdeePushService.java"
"bd_sale_out",A_在用_MES自有,"SALE_OUT","","v_lot_trace v_sale_out_detail v_sale_out_stats v_stock_movement",1,753,307,0,155,20,"销售出库单头表(审核过账kucun出库)","backend/src/main/java/com/yinjia/mes/service/ButtonService.java | backend/src/main/java/com/yinjia/mes/service/KingdeePushService.java | backend/src/main/java/com/yinjia/mes/service/StockLedgerService.java"
"bd_so_order",A_在用_MES自有,"SO_ORDER","","v_sales_order_detail v_sales_order_stats",7,824,291,18,142,20,"销售订单头表(星辰ERP同步)","backend/src/main/java/com/yinjia/mes/service/DashboardStatsService.java | backend/src/main/java/com/yinjia/mes/service/OrderConvertService.java | backend/src/main/java/com/yinjia/mes/service/QuickScheduleService.java"
"bd_tax_type",A_在用_MES自有,"FIN_TAX","","",0,41,32,0,32,20,"税别档案","tools/migrate-base-fields.sql | tools/migrate-fin-archive.sql | tools/migrate-table-comments.sql"
"bl_dispatch",A_在用_MES自有,"DISPATCH","","v_dispatch_detail v_dispatch_stats",0,156,89,1,48,20,"工序派工单行表(中文列,服务器口径;含生产车间列供统计视图分组)","tools/deploy-all.sql | tools/dispatch-reports.sql | tools/dump-server-views.sql"
"bl_finish_in",A_在用_MES自有,"FINISH_IN","","v_finish_in_detail v_finish_in_stats v_lot_trace v_stock_movement",2,116,67,1,42,20,"产成品入库单行表(负数量=红字冲回)","backend/src/main/java/com/yinjia/mes/service/ButtonService.java | backend/src/main/java/com/yinjia/mes/service/ManuWritebackService.java | backend/src/main/java/com/yinjia/mes/service/StockLedgerService.java"
"bl_manu_order",A_在用_MES自有,"MANU_ORDER","","v_manu_order_detail v_manu_order_stats v_manu_schedule v_wo_kit",9,177,108,0,51,20,"生产加工单行表(经典遗留面板)","backend/src/main/java/com/yinjia/mes/panel/ManuFirstArticleHandler.java | backend/src/main/java/com/yinjia/mes/panel/ManuPurchaseReqHandler.java | backend/src/main/java/com/yinjia/mes/panel/ManuSplitHandler.java"
"bl_material_out",A_在用_MES自有,"MATERIAL_OUT","","v_lot_trace v_material_out_detail v_material_out_stats v_stock_movement",2,140,73,1,47,20,"材料出库单(领料)行表(BOM展开生成)","backend/src/main/java/com/yinjia/mes/service/ManuWritebackService.java | backend/src/main/java/com/yinjia/mes/service/ScheduleBoardService.java | backend/src/main/java/com/yinjia/mes/service/StockLedgerService.java"
"bl_other_in",A_在用_MES自有,"OTHER_IN","","v_other_in_detail v_other_in_stats v_stock_movement",1,106,64,1,42,20,"其他入库单行表","backend/src/main/java/com/yinjia/mes/service/StockLedgerService.java | tools/check-migrations.sql | tools/deploy-all.sql"
"bl_other_out",A_在用_MES自有,"OTHER_OUT","","v_other_out_detail v_other_out_stats v_stock_movement",1,97,56,1,39,20,"其他出库单行表","backend/src/main/java/com/yinjia/mes/service/StockLedgerService.java | tools/deploy-all.sql | tools/fix-db-restore-20260915.sql"
"bl_outsource_in",A_在用_MES自有,"OUTSOURCE_IN","","v_outsource_in_detail v_outsource_in_stats v_stock_movement",1,92,56,0,39,20,"委外入库单行表","backend/src/main/java/com/yinjia/mes/service/StockLedgerService.java | tools/check-migrations.sql | tools/deploy-all.sql"
"bl_outsource_issue",A_在用_MES自有,"OUTSOURCE_ISSUE","","v_outsource_issue_detail v_outsource_issue_stats v_stock_movement",1,90,50,0,38,20,"委外发料单行表","backend/src/main/java/com/yinjia/mes/service/StockLedgerService.java | tools/deploy-all.sql | tools/fix-db-restore-20260915.sql"
"bl_outsource_order",A_在用_MES自有,"OUTSOURCE_ORDER","","",0,72,47,0,37,20,"委外加工单行表","tools/deploy-all.sql | tools/migrate-golive-cleanup.sql | tools/migrate-table-comments.sql"
"bl_pu_order",A_在用_MES自有,"PU_ORDER","","",0,688,249,0,130,20,"采购订单行表","backend/src/main/java/com/yinjia/mes/service/KingdeePushService.java | tools/deploy-all.sql | tools/migrate-batch-backfill.sql"
"bl_pu_req",A_在用_MES自有,"PU_REQ","","",0,90,67,1,48,20,"请购单行表","tools/deploy-all.sql | tools/migrate-golive-cleanup.sql | tools/migrate-panda-parity.sql"
"bl_purchase_in",A_在用_MES自有,"PURCHASE_IN","","v_lot_trace v_purchase_in_detail v_purchase_in_stats v_stock_movement",3,676,257,1,123,20,"采购入库单行表(批号三键入库)","backend/src/main/java/com/yinjia/mes/service/ButtonService.java | backend/src/main/java/com/yinjia/mes/service/KingdeePushService.java | backend/src/main/java/com/yinjia/mes/service/StockLedgerService.java"
"bl_sale_out",A_在用_MES自有,"SALE_OUT","","v_lot_trace v_sale_out_detail v_sale_out_stats v_stock_movement",1,766,264,1,136,20,"销售出库单行表(批号三键出库)","backend/src/main/java/com/yinjia/mes/service/KingdeePushService.java | backend/src/main/java/com/yinjia/mes/service/StockLedgerService.java | tools/deploy-all.sql"
"bl_so_order",A_在用_MES自有,"SO_ORDER","","v_manu_schedule v_sales_order_detail v_sales_order_stats",9,797,286,30,133,20,"销售订单行表(星辰ERP同步)","backend/src/main/java/com/yinjia/mes/service/DashboardStatsService.java | backend/src/main/java/com/yinjia/mes/service/OrderConvertService.java | backend/src/main/java/com/yinjia/mes/service/QuickScheduleService.java"
"bs_bom",A_在用_MES自有,"BOM","","v_wo_kit",4,144,83,58,48,20,"物料清单BOM(父件-子件-定额数量,默认BOM标志)","backend/src/main/java/com/yinjia/mes/controller/WorkOrderListController.java | backend/src/main/java/com/yinjia/mes/panel/ManuPurchaseReqHandler.java | backend/src/main/java/com/yinjia/mes/panel/WoPickingHandler.java"
"bs_currency",A_在用_MES自有,"CUR","","",0,106,59,0,44,20,"币别档案(金蝶云·星辰 currency 同步目标表;编码=匹配列,外部数据ID=同步幂等锚点)","tools/migrate-golive-cleanup.sql | tools/migrate-kingdee-archive-align2.sql | tools/migrate-kingdee-archive-fields.sql"
"bs_customer_group",A_在用_MES自有,"CUSGRP","","",0,52,39,0,37,20,"客户分类档案(金蝶云·星辰 customer_group 同步目标表;编码=匹配列,外部数据ID=同步幂等锚点)","tools/migrate-kingdee-archive-align2.sql | deploy/pkg-incr-20260922c/tools/migrate-kingdee-archive-align2.sql | deploy/sync-core.mjs"
"bs_dept",A_在用_MES自有,"DEPT","","",0,153,74,20,44,20,"部门档案(遗留,组织架构用yj_dept)","tools/deploy-all.sql | tools/migrate-base-fields.sql | tools/migrate-kingdee-archive-align2.sql"
"bs_dict",A_在用_MES自有,"ZDGL","","",0,105,53,413,33,20,"数据字典","tools/deploy-all.sql | tools/fix-bsdict.sql | tools/fix-zdgl-perf.sql"
"bs_emp",A_在用_MES自有,"EMP","","",0,162,79,16,52,20,"员工档案(遗留,组织架构用yj_user)","tools/deploy-all.sql | tools/migrate-auditor-ref.sql | tools/migrate-kingdee-archive-align2.sql"
"bs_equip",A_在用_MES自有,"EQUIP","","",0,96,67,12,41,20,"设备档案(设备点检/保养计划参照源)","tools/deploy-all.sql | tools/migrate-base-fields.sql | tools/migrate-table-comments.sql"
"bs_inv",A_在用_MES自有,"INV","","v_manu_schedule",11,1298,343,114,145,20,"存货档案(物料/产品主数据,含是否检验标志)","backend/src/main/java/com/yinjia/mes/controller/WorkOrderListController.java | backend/src/main/java/com/yinjia/mes/service/ButtonService.java | backend/src/main/java/com/yinjia/mes/service/OrderConvertService.java"
"bs_inv_price",A_在用_MES自有,"INV_PRICE","","",0,114,79,30,52,20,"存货价格本","tools/deploy-all.sql | tools/dump-schema-log.sql | tools/migrate-rebuild-inventory.sql"
"bs_material_group",A_在用_MES自有,"MATGRP","","",0,84,49,0,41,20,"商品分类档案(金蝶云·星辰 material_group 同步目标表;编码=匹配列,外部数据ID=同步幂等锚点)","tools/migrate-kingdee-archive-align2.sql | tools/migrate-kingdee-archive-fields.sql | deploy/pkg-incr-20260922c/tools/migrate-kingdee-archive-align2.sql"
"bs_op",A_在用_MES自有,"OP","","",1,119,64,15,43,20,"工序档案(五道工序:混料/成型/切炭/组装/装箱)","backend/src/main/java/com/yinjia/mes/service/ButtonService.java | tools/deploy-all.sql | tools/migrate-base-fields.sql"
"bs_partner",A_在用_MES自有,"PARTNER","","v_manu_schedule",2,114,71,12,49,20,"往来单位档案","backend/src/main/java/com/yinjia/mes/service/OrderConvertService.java | backend/src/main/java/com/yinjia/mes/service/ScheduleBoardService.java | tools/DbInit.java"
"bs_prod_line",A_在用_MES自有,"PROD_LINE","","v_line_load v_manu_schedule",8,42,35,30,34,20,"生产线档案(基础资料·生产组;排产指派对象,产能为属性:日产能=负荷/超载基准,小时产能与工序工时口径互补)","backend/src/main/java/com/yinjia/mes/controller/ProdLineController.java | backend/src/main/java/com/yinjia/mes/panel/WoPickingHandler.java | backend/src/main/java/com/yinjia/mes/service/DashboardStatsService.java"
"bs_proj",A_在用_MES自有,"PROJ","","",0,71,51,6,36,20,"项目档案","tools/deploy-all.sql | tools/fix-proj-customer-ref.sql | tools/migrate-base-fields.sql"
"bs_qc_item",A_在用_MES自有,"QC_ITEM","","",0,59,43,0,38,20,"检验项目档案(检验内容/标准/判定规则)","tools/deploy-all.sql | tools/migrate-table-comments.sql | tools/_bs_part1_tables.sql"
"bs_qc_plan",A_在用_MES自有,"QC_PLAN","","",0,50,37,0,35,20,"检验方案(适用存货/检验方式/抽检比例)","tools/deploy-all.sql | tools/migrate-table-comments.sql | tools/_bs_part1_tables.sql"
"bs_region",A_在用_MES自有,"REGION","","",0,55,39,8,32,20,"地区档案","tools/deploy-all.sql | tools/migrate-base-fields.sql | tools/migrate-table-comments.sql"
"bs_reject",A_在用_MES自有,"REJECT","","",0,60,41,10,33,20,"不合格原因档案","tools/deploy-all.sql | tools/migrate-base-fields.sql | tools/migrate-table-comments.sql"
"bs_route",A_在用_MES自有,"ROUTE","","",0,102,61,20,45,20,"工艺路线(工序顺序/加工方式)","tools/deploy-all.sql | tools/migrate-table-comments.sql | tools/_bs_part1_tables.sql"
"bs_settle_type",A_在用_MES自有,"SETTLE","","",0,43,33,0,34,20,"结算方式档案(金蝶云·星辰 settlement_type 同步目标表;名称=匹配列,外部数据ID=同步幂等锚点)","tools/migrate-kingdee-archive-align2.sql | deploy/pkg-incr-20260922c/tools/migrate-kingdee-archive-align2.sql | deploy/sync-core.mjs"
"bs_supplier_group",A_在用_MES自有,"SUPGRP","","",0,49,37,0,36,20,"供应商分类档案(金蝶云·星辰 supplier_group 同步目标表;编码=匹配列,外部数据ID=同步幂等锚点)","tools/migrate-kingdee-archive-align2.sql | deploy/pkg-incr-20260922c/tools/migrate-kingdee-archive-align2.sql | deploy/sync-core.mjs"
"bs_team",A_在用_MES自有,"TEAM","","",1,65,47,10,34,20,"班组档案","backend/src/main/java/com/yinjia/mes/service/ScheduleBoardService.java | tools/deploy-all.sql | tools/migrate-base-fields.sql"
"bs_uom",A_在用_MES自有,"UOM","","",0,156,79,16,46,20,"计量单位档案","backend/src/main/java/com/yinjia/mes/service/KingdeePushService.java | tools/deploy-all.sql | tools/migrate-base-fields.sql"
"bs_wc",A_在用_MES自有,"WC","","",0,120,55,17,42,20,"工作中心档案","tools/deploy-all.sql | tools/migrate-basedata.sql | tools/migrate-manu-order-schedule.sql"
"bs_wh",A_在用_MES自有,"WH","","v_stock_movement",10,233,112,18,52,20,"仓库档案(仓库编码/名称,库存台账仓库真源)","backend/src/main/java/com/yinjia/mes/controller/ShellController.java | backend/src/main/java/com/yinjia/mes/service/ButtonService.java | backend/src/main/java/com/yinjia/mes/service/DashboardStatsService.java"
"day_report",A_在用_MES自有,"DAY_REPORT","","",0,47,149,0,15,0,"生产日报表头表(自制物料/成型/切炭/组装四车间合一)","frontend/src/business/menus.js | tools/check-migrations.sql | tools/gen/gen-db-catalog.cjs"
"day_report_detail",A_在用_MES自有,"DAY_REPORT","","",0,75,54,0,24,0,"生产日报表行表(姓名/时间/产品/数量/报废等)","tools/gen/gen-db-catalog.cjs | tools/migrate-golive-cleanup.sql | tools/migrate-prod-forms.sql"
"equip_check",A_在用_MES自有,"EQUIP_CHECK","","",0,47,104,0,15,0,"设备点检记录头表","frontend/src/business/menus.js | tools/gen/gen-db-catalog.cjs | tools/migrate-golive-cleanup.sql"
"equip_check_detail",A_在用_MES自有,"EQUIP_CHECK","","",0,46,40,0,14,0,"设备点检记录行表(检查内容/方法/标准/结果/解决措施)","tools/gen/gen-db-catalog.cjs | tools/migrate-golive-cleanup.sql | tools/migrate-prod-forms-fix.sql"
"erp_imp_log",A_在用_MES自有,"ERPLG","","",0,55,41,0,17,0,"ERP导入日志(金蝶星辰数据导入批次)","tools/gen/gen-db-catalog.cjs | tools/migrate-basedata.sql | tools/migrate-golive-cleanup.sql"
"feed_confirm",A_在用_MES自有,"FEED_CONFIRM","","",0,44,100,0,14,0,"投料确认单头表(阶段:溶解/合成/A液/B液/浆体)","frontend/src/business/menus.js | tools/gen/gen-db-catalog.cjs | tools/migrate-golive-cleanup.sql"
"feed_confirm_detail",A_在用_MES自有,"FEED_CONFIRM","","",0,44,34,1,14,0,"投料确认单行表(投料成分/理论/实际)","tools/gen/gen-db-catalog.cjs | tools/migrate-golive-cleanup.sql | tools/migrate-prod-forms.sql"
"form_flow_link",A_在用_MES自有,"","","",44,102,65,0,18,0,"单据流链接表(上游生单→下游单据占用,link_status=ACTIVE|RELEASED)","backend/src/main/java/com/yinjia/mes/panel/ManuPurchaseReqHandler.java | backend/src/main/java/com/yinjia/mes/panel/PushGenerateHandler.java | backend/src/main/java/com/yinjia/mes/panel/WoPickingHandler.java"
"gran_record",A_在用_MES自有,"GRAN_RECORD","","",0,86,180,0,27,0,"造粒记录头表(温湿度/PE/纯水/捏合吹扫/水分)","frontend/src/business/menus.js | tools/gen/gen-db-catalog.cjs | tools/migrate-golive-cleanup.sql"
"gran_record_detail",A_在用_MES自有,"GRAN_RECORD","","",0,21,21,0,7,0,"造粒记录占位行表(恒空,doc模式要求)","tools/check-migrations.sql | tools/gen/gen-db-catalog.cjs | tools/migrate-golive-cleanup.sql"
"inv_cost_ledger",A_在用_MES自有,"","","v_stock_balance v_stock_ledger",4,13,11,0,14,0,"库存移动加权成本物化表:由后端 InvCostService 重算(审核/弃审钩子 + 启动自检 + 面板「重算成本」),分区=(仓库键,存货编码)不含批号;PK (src,rid) 对应 v_stock_movement 一行","backend/src/main/java/com/yinjia/mes/MesApplication.java | backend/src/main/java/com/yinjia/mes/service/ButtonService.java | backend/src/main/java/com/yinjia/mes/service/InvCostService.java"
"maint_plan",A_在用_MES自有,"MAINT_PLAN","","",0,41,100,0,13,0,"保养计划头表","frontend/src/business/menus.js | tools/gen/gen-db-catalog.cjs | tools/migrate-golive-cleanup.sql"
"maint_plan_detail",A_在用_MES自有,"MAINT_PLAN","","",0,47,38,10,15,0,"保养计划行表(设备/保养项目/周期/情况)","tools/gen/gen-db-catalog.cjs | tools/migrate-golive-cleanup.sql | tools/migrate-prod-forms-fix.sql"
"mix_record",A_在用_MES自有,"MIX_RECORD","","",0,53,106,0,17,0,"物料混合记录头表(四次混合行式化)","frontend/src/business/menus.js | tools/gen/gen-db-catalog.cjs | tools/migrate-golive-cleanup.sql"
"mix_record_detail",A_在用_MES自有,"MIX_RECORD","","",0,38,30,1,12,0,"物料混合记录行表(混合次序/物料批次/重量)","tools/gen/gen-db-catalog.cjs | tools/migrate-golive-cleanup.sql | tools/migrate-prod-forms.sql"
"pack_confirm",A_在用_MES自有,"PACK_CONFIRM","","",0,53,100,0,17,0,"封箱确认头表(装箱人/确认人/主管签名)","frontend/src/business/menus.js | tools/gen/gen-db-catalog.cjs | tools/migrate-golive-cleanup.sql"
"pack_confirm_detail",A_在用_MES自有,"PACK_CONFIRM","","",0,21,21,0,7,0,"封箱确认占位行表(恒空,doc模式要求)","tools/check-migrations.sql | tools/gen/gen-db-catalog.cjs | tools/migrate-golive-cleanup.sql"
"qc_bhc",A_在用_MES自有,"QC_BHC","","",0,106,196,0,55,20,"不合格品处理单(制程)头表——面板 QC_BHC;列名即中文标签","frontend/src/business/menus.js | frontend/src/core/views/docSheetConfigs.js | tools/migrate-db-norm-cleanup.sql"
"qc_bhc_detail",A_在用_MES自有,"QC_BHC","","",0,22,19,0,27,20,"不合格品处理单(制程)行表——面板 QC_BHC 明细","tools/migrate-db-norm-cleanup.sql | tools/migrate-qc-8sheets.sql | deploy/pkg-incr-20260922c/tools/migrate-qc-8sheets.sql"
"qc_bhg",A_在用_MES自有,"QC_BHG","","",0,91,167,0,50,20,"不合格报告(制程)头表——面板 QC_BHG;含检验工站/异常时间/责任部门","frontend/src/business/menus.js | frontend/src/core/views/docSheetConfigs.js | tools/migrate-db-norm-cleanup.sql"
"qc_bhg_detail",A_在用_MES自有,"QC_BHG","","",0,22,19,0,27,20,"不合格报告(制程)行表——面板 QC_BHG 明细","tools/migrate-db-norm-cleanup.sql | tools/migrate-qc-8sheets.sql | deploy/pkg-incr-20260922c/tools/migrate-qc-8sheets.sql"
"qc_bhz",A_在用_MES自有,"QC_BHZ","","",0,94,174,0,51,20,"不合格品处理单(自制物料)头表——面板 QC_BHZ","frontend/src/business/menus.js | frontend/src/core/views/docSheetConfigs.js | tools/migrate-db-norm-cleanup.sql"
"qc_bhz_detail",A_在用_MES自有,"QC_BHZ","","",0,22,19,0,27,20,"不合格品处理单(自制物料)行表——面板 QC_BHZ 明细","tools/migrate-db-norm-cleanup.sql | tools/migrate-qc-8sheets.sql | deploy/pkg-incr-20260922c/tools/migrate-qc-8sheets.sql"
"qc_catalog",A_在用_MES自有,"QC_CATALOG","","",2,6,88,1,29,20,"来料品质检验目录头表(单单据面板:全部检验批次记录进同一张目录单,单据号前缀 JYML,方式对照项目进度查询 RD_PROGRESS)","backend/src/main/java/com/yinjia/mes/service/ButtonService.java | backend/src/main/java/com/yinjia/mes/service/QcCatalogService.java | frontend/src/business/menus.js"
"qc_catalog_detail",A_在用_MES自有,"QC_CATALOG","","",13,31,16,2,37,20,"来料品质检验目录行表(检验记录目录,每行=一个物料批次;由检验单生单自动生成、不可手工编辑;检测物料类别来自商品档案所属类别)","backend/src/main/java/com/yinjia/mes/service/ButtonService.java | backend/src/main/java/com/yinjia/mes/service/QcCatalogService.java | frontend/src/core/qc/qcCatalogColumns.js"
"qc_disposal",A_在用_MES自有,"QC_DISPOSAL","","v_lot_trace",1,76,127,0,41,20,"不良品处理单(转隔离仓/报废,审核即移仓过账)","backend/src/main/java/com/yinjia/mes/service/QcDisposalService.java | frontend/src/business/menus.js | tools/migrate-align-views-20260924.sql"
"qc_insp",A_在用_MES自有,"QC_INSP","","v_lot_trace",8,173,576,0,57,20,"检验单头表——面板 QC_INSP;暂收单号/采购订单号/批次号/供应商口径","backend/src/main/java/com/yinjia/mes/panel/ManuFirstArticleHandler.java | backend/src/main/java/com/yinjia/mes/panel/PushGenerateHandler.java | backend/src/main/java/com/yinjia/mes/service/BatchService.java"
"qc_insp_detail",A_在用_MES自有,"QC_INSP","","v_lot_trace",16,271,123,10,62,20,"检验单行表——面板 QC_INSP 明细(检验项目与判定)","backend/src/main/java/com/yinjia/mes/service/ButtonService.java | backend/src/main/java/com/yinjia/mes/service/DashboardStatsService.java | backend/src/main/java/com/yinjia/mes/service/QcCatalogService.java"
"qc_insp_rec",A_在用_MES自有,"QC_INSP_REC","","",3,15,108,0,42,20,"来料品质检验数据记录头表(检验报告 YJ-QR-96:抬头/结论/处理意见/签名;一张报告一单,单据号前缀 JYSJ)","backend/src/main/java/com/yinjia/mes/service/ButtonService.java | backend/src/main/java/com/yinjia/mes/service/QcCatalogService.java | frontend/src/business/menus.js"
"qc_insp_rec_detail",A_在用_MES自有,"QC_INSP_REC","","",0,1,7,0,31,20,"来料品质检验数据记录行表(检验结果表体:检验项=标准库 qc.insp_item 选择 | 检测标准 | 检测结果 | 单项判定)","frontend/src/core/qc/qcInspRecColumns.js | frontend/src/core/qc/qcInspRecColumns.test.js | frontend/src/core/views/QcInspRecSheet.vue"
"qc_insp_req",A_在用_MES自有,"QC_INSP_REQ","","",0,4,67,77,59,20,"来料检验要求表(品质资料 7 张检验要求表并集:折叠棉/垫片/无纺布/网套/PP管/端盖/PP棉;档案式全局资料,无单据号;物料类别=页签)","backend/src/main/java/com/yinjia/mes/service/ButtonService.java | frontend/src/business/menus.js | frontend/src/core/qc/qcInspReqLookup.js"
"qc_jjf",A_在用_MES自有,"QC_JJF","","",0,84,152,0,47,20,"紧急放行申请单头表——面板 QC_JJF","frontend/src/business/menus.js | frontend/src/core/views/docSheetConfigs.js | tools/migrate-db-norm-cleanup.sql"
"qc_jjf_detail",A_在用_MES自有,"QC_JJF","","",0,22,19,0,27,20,"紧急放行申请单行表——面板 QC_JJF 明细","tools/migrate-db-norm-cleanup.sql | tools/migrate-qc-8sheets.sql | deploy/pkg-incr-20260922c/tools/migrate-qc-8sheets.sql"
"qc_lyb",A_在用_MES自有,"QC_LYB","","",0,84,152,0,47,20,"来料异常分析报告头表——面板 QC_LYB;供应商/物料批次/不良率","frontend/src/business/menus.js | frontend/src/core/views/docSheetConfigs.js | tools/migrate-db-norm-cleanup.sql"
"qc_lyb_detail",A_在用_MES自有,"QC_LYB","","",0,22,19,0,27,20,"来料异常分析报告行表——面板 QC_LYB 明细","tools/migrate-db-norm-cleanup.sql | tools/migrate-qc-8sheets.sql | deploy/pkg-incr-20260922c/tools/migrate-qc-8sheets.sql"
"qc_op",A_在用_MES自有,"QC_OP","","v_lot_trace",0,62,121,0,37,20,"工序质检单头表(制程检验,首件/巡检语义)","frontend/src/business/menus.js | tools/migrate-align-views-20260924.sql | tools/migrate-golive-cleanup.sql"
"qc_op_detail",A_在用_MES自有,"QC_OP","","",0,39,32,0,32,20,"工序质检单行表(检验项目/标准/实测值)","tools/migrate-golive-cleanup.sql | tools/migrate-qc-op.sql | tools/migrate-table-comments.sql"
"qc_record",A_在用_MES自有,"QC_RECORD","","",0,65,146,0,41,20,"检验记录单头表(八类合一:首件/烧结制程/脱模/来料/材料进厂/黑水/巡线/管控点)","frontend/src/business/menus.js | tools/check-migrations.sql | tools/migrate-golive-cleanup.sql"
"qc_record_detail",A_在用_MES自有,"QC_RECORD","","",0,41,31,0,33,20,"检验记录单行表(检验项目/标准要求/结果/品序号)","tools/migrate-golive-cleanup.sql | tools/migrate-prod-forms.sql | tools/migrate-table-comments.sql"
"qc_return",A_在用_MES自有,"QC_RETURN","","",1,148,404,0,50,20,"暂收退料单头表——面板 QC_RETURN;退货类型/仓库/供应商代码","backend/src/main/java/com/yinjia/mes/service/BatchService.java | backend/src/main/java/com/yinjia/mes/service/ButtonService.java | backend/src/main/java/com/yinjia/mes/service/PanelConfigService.java"
"qc_return_detail",A_在用_MES自有,"QC_RETURN","","",2,230,148,8,58,20,"暂收退料单行表——面板 QC_RETURN 明细","backend/src/main/java/com/yinjia/mes/service/BatchService.java | backend/src/main/java/com/yinjia/mes/service/ButtonService.java | tools/migrate-align-qc-col-fix-20260924.sql"
"qc_scp",A_在用_MES自有,"QC_SCP","","",0,76,138,0,45,20,"试产材料使用申请单头表——面板 QC_SCP","frontend/src/business/menus.js | frontend/src/core/views/docSheetConfigs.js | tools/migrate-db-norm-cleanup.sql"
"qc_scp_detail",A_在用_MES自有,"QC_SCP","","",0,22,19,0,27,20,"试产材料使用申请单行表——面板 QC_SCP 明细","tools/migrate-db-norm-cleanup.sql | tools/migrate-qc-8sheets.sql | deploy/pkg-incr-20260922c/tools/migrate-qc-8sheets.sql"
"qc_scy",A_在用_MES自有,"QC_SCY","","",0,78,140,0,45,20,"生产异常分析报告头表——面板 QC_SCY;异常描述/原因分析","frontend/src/business/menus.js | frontend/src/core/views/docSheetConfigs.js | tools/migrate-db-norm-cleanup.sql"
"qc_scy_detail",A_在用_MES自有,"QC_SCY","","",0,22,19,0,27,20,"生产异常分析报告行表——面板 QC_SCY 明细","tools/migrate-db-norm-cleanup.sql | tools/migrate-qc-8sheets.sql | deploy/pkg-incr-20260922c/tools/migrate-qc-8sheets.sql"
"qc_tc_in",A_在用_MES自有,"QC_TC_IN","","",1,42,150,0,64,20,"来料品质特采单头表(YJ-QR-60 特采申请单;表头一行一单,无明细行;单据号前缀 TCI)","backend/src/main/java/com/yinjia/mes/panel/PushGenerateHandler.java | backend/src/main/java/com/yinjia/mes/service/BatchService.java | backend/src/main/java/com/yinjia/mes/service/ButtonService.java"
"qc_tc_in_detail",A_在用_MES自有,"QC_TC_IN","","",0,1,7,0,27,20,"来料品质特采单明细表(恒空占位:doc 模式要求 line_table,特采单无明细行)","backend/src/main/java/com/yinjia/mes/service/BatchService.java | tools/migrate-qc-tc-in.sql"
"qr_batch_registry",A_在用_MES自有,"","","",4,13,11,0,9,0,"二维码批号登记表(批号=日期+流水取号留痕)","backend/src/main/java/com/yinjia/mes/service/QrBatchService.java | tools/gen/gen-db-catalog.cjs | tools/migrate-golive-cleanup.sql"
"rd_alkaline_detail",A_在用_MES自有,"RD_ALKALINE","","",0,62,51,0,40,20,"碱性测试行表","tools/migrate-golive-cleanup.sql | tools/migrate-rd-panel-register.sql | tools/migrate-rd-record-sheets.sql"
"rd_alkaline_head",A_在用_MES自有,"RD_ALKALINE","","",0,86,70,7,48,20,"碱性测试头表","tools/check-migrations.sql | tools/migrate-golive-cleanup.sql | tools/migrate-rd-docno-ref.sql"
"rd_antibact_detail",A_在用_MES自有,"RD_ANTIBACT","","",0,41,37,2,33,20,"抑菌测试行表","tools/migrate-golive-cleanup.sql | tools/migrate-rd-panel-register.sql | tools/migrate-rd-record-sheets.sql"
"rd_antibact_head",A_在用_MES自有,"RD_ANTIBACT","","",0,74,62,13,44,20,"抑菌测试头表","tools/check-migrations.sql | tools/migrate-golive-cleanup.sql | tools/migrate-rd-docno-ref.sql"
"rd_approval",A_在用_MES自有,"RD_APPROVAL","","",7,91,266,2,44,20,"立项申请表(文件类,管理员保存即归档)","backend/src/main/java/com/yinjia/mes/service/ButtonService.java | backend/src/main/java/com/yinjia/mes/service/PanelConfigService.java | frontend/src/business/menus.js"
"rd_approval_detail",A_在用_MES自有,"RD_APPROVAL","","",0,26,23,0,27,20,"立项申请表占位行表(恒空,doc模式要求)","tools/migrate-golive-cleanup.sql | tools/migrate-rd-approval.sql | tools/migrate-rd-cleanup.sql"
"rd_asm_proc_detail",A_在用_MES自有,"RD_ASM_PROC","","",0,104,103,5,45,20,"组装工艺清单行表","frontend/src/core/views/recordSheetConfigs.js | tools/migrate-asm-proc-redesign-2026-09-20.sql | tools/migrate-golive-cleanup.sql"
"rd_asm_proc_head",A_在用_MES自有,"RD_ASM_PROC","","",0,101,96,2,45,20,"组装工艺清单头表","backend/src/main/java/com/yinjia/mes/service/DevTaskService.java | tools/migrate-asm-proc-redesign-2026-09-20.sql | tools/migrate-change-flow.sql"
"rd_change_detail",A_在用_MES自有,"RD_CHANGE","","",1,11,31,7,33,20,"产品变更申请单行表(表区=部门评审:7 部门各一行,部门/变更后内容/签字/日期)","backend/src/main/java/com/yinjia/mes/service/ButtonService.java | tools/migrate-change-dept-map.sql | tools/migrate-change-request.sql"
"rd_change_head",A_在用_MES自有,"RD_CHANGE","","",2,22,33,1,51,20,"产品变更申请单头表(照《副本变更模板(1).xlsx》sheet「KPC变更申请通知单」YJ-QR-130;产品编号关联四受控文件,部门评审在行表)","backend/src/main/java/com/yinjia/mes/service/ButtonService.java | frontend/src/core/views/RecordSheetPanels.vue | tools/migrate-change-flow.sql"
"rd_dev_task",A_在用_MES自有,"","","",11,52,37,8,13,0,"研发任务下发记录(产品开发按钮分发留痕)","backend/src/main/java/com/yinjia/mes/service/ButtonService.java | backend/src/main/java/com/yinjia/mes/service/DevTaskService.java | frontend/src/core/views/ProdDocListSheet.vue"
"rd_dom_test_detail",A_在用_MES自有,"RD_DOM_TEST","","",0,108,64,0,51,20,"内部委托测试申请单行表","tools/migrate-golive-cleanup.sql | tools/migrate-rd-lab-sheets.sql | tools/migrate-rd-panel-register.sql"
"rd_dom_test_head",A_在用_MES自有,"RD_DOM_TEST","","",0,72,40,0,39,20,"内部委托测试申请单头表","tools/migrate-golive-cleanup.sql | tools/migrate-rd-lab-sheets.sql | tools/migrate-rd-panel-register.sql"
"rd_drop_prec_detail",A_在用_MES自有,"RD_DROP_PREC","","",0,56,47,1,38,20,"压降精度测试行表","tools/migrate-golive-cleanup.sql | tools/migrate-rd-panel-register.sql | tools/migrate-rd-record-sheets.sql"
"rd_drop_prec_head",A_在用_MES自有,"RD_DROP_PREC","","",0,65,56,4,41,20,"压降精度测试头表","tools/check-migrations.sql | tools/migrate-golive-cleanup.sql | tools/migrate-rd-docno-ref.sql"
"rd_equip_use_detail",A_在用_MES自有,"RD_EQUIP_USE","","",0,68,40,2,40,20,"设备使用登记表行表","tools/migrate-golive-cleanup.sql | tools/migrate-rd-lab-sheets.sql | tools/migrate-rd-panel-register.sql"
"rd_equip_use_head",A_在用_MES自有,"RD_EQUIP_USE","","",0,53,32,3,35,20,"设备使用登记表头表","tools/migrate-golive-cleanup.sql | tools/migrate-rd-lab-sheets.sql | tools/migrate-rd-panel-register.sql"
"rd_filter_eff_detail",A_在用_MES自有,"RD_FILTER_EFF","","",0,142,113,6,56,20,"功能性滤效行表","tools/migrate-filter-eff-samples.sql | tools/migrate-golive-cleanup.sql | tools/migrate-rd-filter-eff.sql"
"rd_filter_eff_head",A_在用_MES自有,"RD_FILTER_EFF","","",0,161,123,15,67,20,"功能性滤效头表","tools/check-migrations.sql | tools/migrate-filter-eff-samples.sql | tools/migrate-golive-cleanup.sql"
"rd_insp_plan_detail",A_在用_MES自有,"RD_INSP_PLAN","","",0,69,64,3,40,20,"出货检验计划表行表","frontend/src/core/views/recordSheetConfigs.js | frontend/src/core/views/recordSheetConfigs.keys.test.js | tools/migrate-golive-cleanup.sql"
"rd_insp_plan_head",A_在用_MES自有,"RD_INSP_PLAN","","",1,95,97,2,46,20,"出货检验计划表头表","backend/src/main/java/com/yinjia/mes/service/ButtonService.java | backend/src/main/java/com/yinjia/mes/service/DevTaskService.java | tools/migrate-change-flow.sql"
"rd_instr_use_detail",A_在用_MES自有,"RD_INSTR_USE","","",0,74,44,3,42,20,"仪器使用记录表行表","tools/migrate-golive-cleanup.sql | tools/migrate-rd-lab-sheets.sql | tools/migrate-rd-panel-register.sql"
"rd_instr_use_head",A_在用_MES自有,"RD_INSTR_USE","","",0,55,32,4,35,20,"仪器使用记录表头表","tools/migrate-golive-cleanup.sql | tools/migrate-lab-stdlib.sql | tools/migrate-rd-lab-sheets.sql"
"rd_mineral_detail",A_在用_MES自有,"RD_MINERAL","","",0,41,37,0,33,20,"矿化测试行表","tools/migrate-golive-cleanup.sql | tools/migrate-rd-panel-register.sql | tools/migrate-rd-record-sheets.sql"
"rd_mineral_head",A_在用_MES自有,"RD_MINERAL","","",0,68,58,0,42,20,"矿化测试头表","tools/check-migrations.sql | tools/migrate-golive-cleanup.sql | tools/migrate-rd-docno-ref.sql"
"rd_mold_proc_detail",A_在用_MES自有,"RD_MOLD_PROC","","",0,78,112,5,40,20,"成型工艺清单行表","frontend/src/core/views/recordSheetConfigs.js | frontend/src/core/views/recordSheetConfigs.keys.test.js | tools/migrate-golive-cleanup.sql"
"rd_mold_proc_head",A_在用_MES自有,"RD_MOLD_PROC","","",0,302,254,2,100,20,"成型工艺清单头表","backend/src/main/java/com/yinjia/mes/service/DevTaskService.java | tools/migrate-change-flow.sql | tools/migrate-golive-cleanup.sql"
"rd_plan",A_在用_MES自有,"RD_PLAN","","",9,278,454,2,104,20,"项目实施计划(10阶段×五字段:计划内容/计划开始/计划完成/实际完成/责任人,项目定级必填下拉)","backend/src/main/java/com/yinjia/mes/controller/PxController.java | backend/src/main/java/com/yinjia/mes/service/ButtonService.java | backend/src/main/java/com/yinjia/mes/service/DashboardStatsService.java"
"rd_plan_detail",A_在用_MES自有,"RD_PLAN","","",0,24,21,0,27,20,"项目实施计划占位行表(恒空,doc模式要求)","tools/migrate-golive-cleanup.sql | tools/migrate-rd-cleanup.sql | tools/migrate-rd-plan.sql"
"rd_prod_doclist_detail",A_在用_MES自有,"RD_PROD_DOCLIST","","",0,20,30,0,30,20,"产品文件列表明细表(占位,doc 模式要求):产品×4文件状态矩阵不落库,由 DevTaskService.board() 现算;是否受控/受控日期为派生值(4 份文件全归档 ⇒ 是)","tools/migrate-rd-prod-doclist.sql | deploy/pkg-incr-20260922c/tools/migrate-rd-prod-doclist.sql"
"rd_prod_doclist_head",A_在用_MES自有,"RD_PROD_DOCLIST","","",0,6,9,1,33,20,"产品文件列表(产品开发文件汇总):产品×4文件开发状态矩阵,状态由 DevTaskService 实时推导不存表","tools/migrate-rd-prod-doclist.sql | deploy/pkg-incr-20260922c/check-migrations.sql | deploy/pkg-incr-20260922c/tools/migrate-rd-prod-doclist.sql"
"rd_prod_info_detail",A_在用_MES自有,"RD_PROD_INFO","","",0,25,25,0,27,20,"产品信息表行表","tools/migrate-golive-cleanup.sql | tools/migrate-rd-panel-register.sql | tools/migrate-rd-prod2.sql"
"rd_prod_info_head",A_在用_MES自有,"RD_PROD_INFO","","",6,124,78,2,52,20,"产品信息表头表(归档后产品开发下发5个下游文件)","backend/src/main/java/com/yinjia/mes/controller/PxController.java | backend/src/main/java/com/yinjia/mes/service/ButtonService.java | backend/src/main/java/com/yinjia/mes/service/DevTaskService.java"
"rd_progress",A_在用_MES自有,"RD_PROGRESS","","",1,80,342,1,41,20,"项目进度查询头表","backend/src/main/java/com/yinjia/mes/controller/PxController.java | backend/src/main/java/com/yinjia/mes/service/ButtonService.java | backend/src/main/java/com/yinjia/mes/service/PanelConfigService.java"
"rd_progress_detail",A_在用_MES自有,"RD_PROGRESS","","",2,230,162,11,49,20,"项目进度查询行表(产品开发二三四级项目控制列表;纸面 14 列:项目定级=col 项目层级/项目名称/子项目/尺寸/项目编号/内容/项目发起人=col 项目级/项目负责人=col 项目负责/立项日期=col 实施进度/预计完成日期=col 里程完成/状态(按实施计划阶段派生,只读)/测试情况=col 测试员/技术目标达成/是否市场转化/未转换原因。另 4 列 开发复杂度/重要程度/紧急程度/项目定及变更 保留物理列与数据但不上纸面(hidden=1,2026-09-22 用户口径);[说明] 是 RD_PLAN→RD_PROGRESS 同步的匹配键,与 [项目编号] 同值)","backend/src/main/java/com/yinjia/mes/service/ButtonService.java | frontend/src/core/progress/progressColumns.js | tools/gen/gen-db-catalog.cjs"
"rd_ro_protect_detail",A_在用_MES自有,"RD_RO_PROTECT","","",0,53,45,2,37,20,"RO保护测试行表","tools/migrate-golive-cleanup.sql | tools/migrate-rd-panel-register.sql | tools/migrate-rd-record-sheets.sql"
"rd_ro_protect_head",A_在用_MES自有,"RD_RO_PROTECT","","",0,77,64,4,45,20,"RO保护测试头表","tools/check-migrations.sql | tools/migrate-golive-cleanup.sql | tools/migrate-rd-docno-ref.sql"
"rd_sample_no_detail",A_在用_MES自有,"RD_SAMPLE_NO","","",1,13,18,0,36,20,"样品编号表明细(客户项目代号/样品编号/项目名称/子项目/项目负责人/项目编号/炭棒尺寸)","backend/src/main/java/com/yinjia/mes/service/ButtonService.java | tools/migrate-rd-sample-no.sql | deploy/pkg-incr-20260922c/tools/migrate-rd-sample-no.sql"
"rd_sample_no_head",A_在用_MES自有,"RD_SAMPLE_NO","","",1,5,9,0,33,20,"样品编号表(产品开发样品编号):样品编号=客户项目代号+项目编号(确定性拼接,38样例验证)","backend/src/main/java/com/yinjia/mes/service/ButtonService.java | tools/migrate-rd-sample-no.sql | tools/migrate-testdata-cleanup.sql"
"rd_scale_detail",A_在用_MES自有,"RD_SCALE","","",0,56,47,3,38,20,"阻垢性能测试行表","tools/migrate-golive-cleanup.sql | tools/migrate-rd-panel-register.sql | tools/migrate-rd-record-sheets.sql"
"rd_scale_head",A_在用_MES自有,"RD_SCALE","","",0,71,60,2,43,20,"阻垢性能测试头表","tools/check-migrations.sql | tools/migrate-golive-cleanup.sql | tools/migrate-rd-docno-ref.sql"
"rd_sinter_tolerance",A_在用_MES自有,"RD_SINTER_TOL","","",0,254,32,60,37,20,"烧结尺寸表:烧结车间模具对应的炭棒内外径与公差对照(配方计算按车间+型号带出尺寸)","frontend/src/core/mold/recipeSheet.js | frontend/src/core/mold/specCarry.test.js | frontend/src/i18n/locales/en.js"
"rd_soak_detail",A_在用_MES自有,"RD_SOAK","","",0,41,37,21,33,20,"浸泡安全测试行表","tools/migrate-golive-cleanup.sql | tools/migrate-rd-panel-register.sql | tools/migrate-rd-record-sheets.sql"
"rd_soak_head",A_在用_MES自有,"RD_SOAK","","",0,122,94,4,60,20,"浸泡安全测试头表","tools/check-migrations.sql | tools/migrate-golive-cleanup.sql | tools/migrate-rd-docno-ref.sql"
"rd_spec_assign",A_在用_MES自有,"","","",7,46,30,0,11,0,"规格书分派(产品编号+种类→责任人)","backend/src/main/java/com/yinjia/mes/controller/PxController.java | backend/src/main/java/com/yinjia/mes/service/ButtonService.java | backend/src/main/java/com/yinjia/mes/service/DevTaskService.java"
"rd_spec_doc_detail",A_在用_MES自有,"RD_SPEC_DOC","","",2,74,57,0,42,20,"规格书行表","backend/src/main/java/com/yinjia/mes/controller/PxController.java | backend/src/main/java/com/yinjia/mes/service/ButtonService.java | frontend/src/core/views/recordSheetConfigs.js"
"rd_spec_doc_head",A_在用_MES自有,"RD_SPEC_DOC","","",8,130,110,2,51,20,"规格书头表(按规格书种类页签)","backend/src/main/java/com/yinjia/mes/controller/PxController.java | backend/src/main/java/com/yinjia/mes/service/ButtonService.java | backend/src/main/java/com/yinjia/mes/service/DevTaskService.java"
"rd_spike_water_detail",A_在用_MES自有,"RD_SPIKE_WATER","","",0,104,68,2,53,20,"加标水配置记录表行表","tools/migrate-golive-cleanup.sql | tools/migrate-rd-lab-sheets.sql | tools/migrate-rd-panel-register.sql"
"rd_spike_water_head",A_在用_MES自有,"RD_SPIKE_WATER","","",0,50,32,4,35,20,"加标水配置记录表头表","tools/migrate-golive-cleanup.sql | tools/migrate-rd-lab-sheets.sql | tools/migrate-rd-panel-register.sql"
"report_column_settings",A_在用_MES自有,"","","",3,7,7,0,5,0,"报表列设置(用户自定义列布局,按panel_code存JSON)","backend/src/main/java/com/yinjia/mes/service/ReportColumnSettingsService.java | tools/gen/gen-db-catalog.cjs | tools/migrate-golive-cleanup.sql"
"rod_return",A_在用_MES自有,"ROD_RETURN","","",0,56,108,0,18,0,"炭棒不良退货登记头表","frontend/src/business/menus.js | tools/check-migrations.sql | tools/gen/gen-db-catalog.cjs"
"rod_return_detail",A_在用_MES自有,"ROD_RETURN","","",0,21,21,0,7,0,"炭棒不良退货登记占位行表(恒空,doc模式要求)","tools/check-migrations.sql | tools/gen/gen-db-catalog.cjs | tools/migrate-golive-cleanup.sql"
"s_allno",A_在用_MES自有,"","","",4,93,59,572,16,0,"单据编号","backend/src/main/java/com/yinjia/mes/service/ButtonService.java | backend/src/main/java/com/yinjia/mes/service/FormNoService.java | tools/fix-s-allno-ny.sql"
"sample_req",A_在用_MES自有,"SAMPLE_REQ","","",0,59,134,0,19,0,"样品申请单头表(录入/审核/执行三级)","frontend/src/business/menus.js | tools/check-migrations.sql | tools/gen/gen-db-catalog.cjs"
"sample_req_detail",A_在用_MES自有,"SAMPLE_REQ","","",0,44,36,1,14,0,"样品申请单行表(样品种类/规格/打样背景/交期)","tools/gen/gen-db-catalog.cjs | tools/migrate-golive-cleanup.sql | tools/migrate-prod-forms-fix.sql"
"sl_recv",A_在用_MES自有,"QC_RECV","","",1,126,345,0,34,0,"送料暂收单头表——面板 QC_RECV;金额/税额/总金额/供应商","backend/src/main/java/com/yinjia/mes/service/BatchService.java | backend/src/main/java/com/yinjia/mes/service/ButtonService.java | backend/src/main/java/com/yinjia/mes/service/PanelConfigService.java"
"sl_recv_detail",A_在用_MES自有,"QC_RECV","","",2,294,167,8,52,0,"送料暂收单行表——面板 QC_RECV 明细;计量单位/批次键随链路流转","backend/src/main/java/com/yinjia/mes/service/ButtonService.java | backend/src/main/resources/reports/sl_recv.jrxml | frontend/src/business/menus.js"
"wh_record",A_在用_MES自有,"WH_RECORD","","",0,59,112,0,19,0,"无黑处理登记头表(加湿前后重量/无黑时间)","frontend/src/business/menus.js | tools/gen/gen-db-catalog.cjs | tools/migrate-golive-cleanup.sql"
"wh_record_detail",A_在用_MES自有,"WH_RECORD","","",0,21,21,0,7,0,"无黑处理登记占位行表(恒空,doc模式要求)","tools/check-migrations.sql | tools/gen/gen-db-catalog.cjs | tools/migrate-golive-cleanup.sql"
"wo_order",A_在用_MES自有,"WO_ORDER","","v_lot_trace v_wo_schedule",4,116,210,0,49,20,"生产工单(五工序计划预填,产品批号取号)","backend/src/main/java/com/yinjia/mes/panel/PushGenerateHandler.java | backend/src/main/java/com/yinjia/mes/panel/WoPickingHandler.java | backend/src/main/java/com/yinjia/mes/service/ButtonService.java"
"wo_progress",A_在用_MES自有,"WO_ORDER","WO_PROGRESS","v_manu_schedule v_wo_schedule",0,140,61,10,31,20,"工单工序进度(报工审核按工序累计完成数量)","backend/src/main/java/com/yinjia/mes/service/ButtonService.java | backend/src/main/java/com/yinjia/mes/service/ScheduleBoardService.java | tools/migrate-golive-cleanup.sql"
"yj_app_setting",A_在用_MES自有,"","","",1,16,6,1,6,0,"系统参数表(键值对:收料超送比例等运行期可调口径,见 remark)","backend/src/main/java/com/yinjia/mes/service/BatchService.java | tools/migrate-batch-link.sql | tools/migrate-over-ratio-cap.sql"
"yj_archive_change_log",A_在用_MES自有,"","","",2,6,5,0,8,0,"档案式面板修改记录(每次存档留一条:操作人/时间/行变化摘要/字段级变化;只增不改)","backend/src/main/java/com/yinjia/mes/service/ButtonService.java | tools/migrate-archive-change-log.sql"
"yj_attachment",A_在用_MES自有,"","","",8,27,53,0,12,0,"单据附件表(panel_code+doc_no+field_key定位,文件名/存储名/大小/类型)","backend/src/main/java/com/yinjia/mes/controller/AttachmentController.java | backend/src/main/java/com/yinjia/mes/controller/ShareFileController.java | backend/src/main/java/com/yinjia/mes/service/AttachmentService.java"
"yj_change_dept",A_在用_MES自有,"","","",3,19,43,12,8,0,"产品变更申请单部门映射:纸面「部门评审意见」的部门行(YJ-QR-130 的 7 个部门)↔ 系统部门 yj_dept.id —— 账号按 yj_user.dept_id 命中本表即可填写对应部门行(管理员豁免)","backend/src/main/java/com/yinjia/mes/service/ButtonService.java | backend/src/main/java/com/yinjia/mes/service/PanelConfigService.java | frontend/src/core/views/PanelxList.vue"
"yj_dept",A_在用_MES自有,"","","",7,52,31,20,4,0,"部门表(多级,parentId)","backend/src/main/java/com/yinjia/mes/controller/SysAdminController.java | backend/src/main/java/com/yinjia/mes/service/ButtonService.java | backend/src/main/java/com/yinjia/mes/service/DashboardStatsService.java"
"yj_doc_batch",A_在用_MES自有,"","","",8,50,29,0,13,0,"采购订单送料批次台账(每张暂收单一个批次;批次号=订单号+3位序号,序号在草稿删除后回收)","backend/src/main/java/com/yinjia/mes/service/BatchService.java | tools/migrate-batch-backfill.sql | tools/migrate-batch-link.sql"
"yj_doc_modify_log",A_在用_MES自有,"","","",9,15,12,0,14,0,"归档单修改记录(修改前后差异快照与审批链)","backend/src/main/java/com/yinjia/mes/service/BatchService.java | backend/src/main/java/com/yinjia/mes/service/ButtonService.java | backend/src/main/java/com/yinjia/mes/service/QcCatalogService.java"
"yj_doc_status",A_在用_MES自有,"","","v_dispatch_stats v_finish_in_detail v_finish_in_stats v_lot_trace v_manu_order_stats v_manu_schedule v_material_out_detail v_material_out_stats v_other_in_detail v_other_in_stats v_other_out_detail v_other_out_stats v_purchase_in_detail v_purchase_in_stats v_sale_out_detail v_sale_out_stats v_sales_order_detail v_sales_order_stats v_wo_kit v_wo_schedule",50,322,198,24,30,0,"单据状态表(shr审核/canceled作废/stopped中止/pending审批中/archived归档/modify_state修改态)","backend/src/main/java/com/yinjia/mes/controller/PxController.java | backend/src/main/java/com/yinjia/mes/controller/ShellController.java | backend/src/main/java/com/yinjia/mes/controller/SysAdminController.java"
"yj_ext_bind_log",A_在用_MES自有,"","","",1,2,12,66,8,0,"动态字段绑定审计(bind绑定/retire退绑/clear清空;备用列池操作留痕)","backend/src/main/java/com/yinjia/mes/service/PanelConfigService.java | tools/migrate-ext-bind-log.sql"
"yj_field",A_在用_MES自有,"","","",12,14408,473,4213,20,0,"面板字段注册表(列名/中文标签/类型/字典SQL/参照面板/位置query|header|detail/必填)","backend/src/main/java/com/yinjia/mes/service/AttachmentService.java | backend/src/main/java/com/yinjia/mes/service/GenericReportSupport.java | backend/src/main/java/com/yinjia/mes/service/PanelConfigService.java"
"yj_form_approval",A_在用_MES自有,"","","",11,43,33,44,9,0,"审批流记录(提交/通过/驳回留痕)","backend/src/main/java/com/yinjia/mes/controller/SysAdminController.java | backend/src/main/java/com/yinjia/mes/service/ButtonService.java | backend/src/main/java/com/yinjia/mes/service/QueryService.java"
"yj_locale",A_在用_MES自有,"","","",1,12,17,10,5,0,"语言表(启用语言清单,插行即出现语言切换器)","backend/src/main/java/com/yinjia/mes/controller/LocaleController.java | frontend/src/i18n/index.js | frontend/src/main.js"
"yj_lot_seq",A_在用_MES自有,"","","",3,11,4,0,2,0,"批号流水表(批号=yyyymmdd+3位流水,材料/产品批号统一取号)","backend/src/main/java/com/yinjia/mes/service/LotSeqService.java | tools/migrate-basedata.sql | tools/migrate-golive-cleanup.sql"
"yj_message",A_在用_MES自有,"","","",5,39,20,2,14,0,"站内消息表(收件人/消息码/关联面板与单据/已读)","backend/src/main/java/com/yinjia/mes/service/MessageService.java | tools/migrate-golive-cleanup.sql | tools/migrate-message.sql"
"yj_panel",A_在用_MES自有,"","","",5,1088,143,172,17,0,"面板注册表(元数据核心:面板编码/模式doc|flat|archive/头行表/前缀/日期列/模块分组)","backend/src/main/java/com/yinjia/mes/controller/SysAdminController.java | backend/src/main/java/com/yinjia/mes/panel/PushGenerateHandler.java | backend/src/main/java/com/yinjia/mes/service/AttachmentService.java"
"yj_plan_term",A_在用_MES自有,"","","",9,28,22,0,16,0,"计划条款表(阶段中止/恢复申请:stage/reason/state)","backend/src/main/java/com/yinjia/mes/service/ButtonService.java | backend/src/main/java/com/yinjia/mes/service/QueryService.java | frontend/src/core/views/DocSheet.vue"
"yj_report_template",A_在用_MES自有,"","","",7,30,30,1,11,0,"报表模板表(ADR-0002:DB 存储精细模板,上传即编译校验生效免重启;template_code 唯一,panel_code 绑定面板)","backend/src/main/java/com/yinjia/mes/service/ReportService.java | tools/migrate-db-norm-column-comments.sql | tools/migrate-golive-cleanup.sql"
"yj_role",A_在用_MES自有,"","","",7,43,18,3,5,0,"角色表(角色编码/名称/is_admin)","backend/src/main/java/com/yinjia/mes/controller/SysAdminController.java | tools/deploy-all.sql | tools/migrate-change-request.sql"
"yj_role_panel",A_在用_MES自有,"","","",15,72,39,185,5,0,"角色-面板授权表(perms动作词表含view等,can_approve=审批权)","backend/src/main/java/com/yinjia/mes/controller/AuthController.java | backend/src/main/java/com/yinjia/mes/controller/PxController.java | backend/src/main/java/com/yinjia/mes/controller/SysAdminController.java"
"yj_share_file",A_在用_MES自有,"RD_SHARE_FILE","","",13,43,51,0,17,0,"共享文件表(研发管理·全公司共享资料:标准/测试报告/认证报告;1行=1份文件,文件本体存yj_attachment,权限=指定人上传改删、其余仅查阅)","backend/src/main/java/com/yinjia/mes/service/ShareFileService.java | tools/migrate-share-file.sql | tools/verify/ledger-cache-isolation-test.cjs"
"yj_share_file_cat",A_在用_MES自有,"","","",9,55,27,13,8,0,"共享文件分类表(树形 parent_id,研发管理·共享文件模块;分类可增减,有文件或子分类时禁删)","backend/src/main/java/com/yinjia/mes/service/ShareFileService.java | tools/migrate-db-norm-column-comments.sql | tools/migrate-share-file.sql"
"yj_std_lib",A_在用_MES自有,"","","",6,445,54,178,11,0,"标准库(lib_code+item_code 内容片段,供文书面板引用)","backend/src/main/java/com/yinjia/mes/controller/StdLibController.java | backend/src/main/java/com/yinjia/mes/service/PanelConfigService.java | frontend/src/core/panel/testItemLib.js"
"yj_translation",A_在用_MES自有,"","","",1,18761,83,41835,8,0,"多语言翻译表(scope=panel|field,ref_key=中文键,source=mt机翻|manual人工)","backend/src/main/java/com/yinjia/mes/service/PanelConfigService.java | backend/src/main/java/com/yinjia/mes/service/TranslationService.java | frontend/src/i18n/locales/en.js"
"yj_usage_log",A_在用_MES自有,"","","",8,26,21,2395,9,0,"使用日志(登录与面板操作留痕,使用权限查看页面数据源)","backend/src/main/java/com/yinjia/mes/controller/SysAdminController.java | backend/src/main/java/com/yinjia/mes/controller/WorkOrderListController.java | backend/src/main/java/com/yinjia/mes/service/QuickScheduleService.java"
"yj_user",A_在用_MES自有,"","","",50,159,76,10,26,0,"用户表(登录名/口令哈希/姓名/部门dept_id/角色role_id/管理员标志is_admin)","backend/src/main/java/com/yinjia/mes/controller/AuthController.java | backend/src/main/java/com/yinjia/mes/controller/PxController.java | backend/src/main/java/com/yinjia/mes/controller/SysAdminController.java"
"dm_ck",B_在用_经典遗留,"CKDA","","",0,69,49,22,22,0,"仓库代码","frontend/src/core/views/PanelxList.vue | tools/gen/gen-legacy-compat.cjs | tools/legacy-hsdz-compat.sql"
"dm_gf",B_在用_经典遗留,"GFDA","","",0,404,190,29,78,0,"厂商代码","tools/gen/gen-legacy-compat.cjs | tools/legacy-hsdz-compat.sql | tools/migrate-fix-qc-recv-ref-20260924.sql"
"dm_kh",B_在用_经典遗留,"KHDA","","",5,673,296,41,127,0,"客户代码","backend/src/main/java/com/yinjia/mes/controller/WorkOrderListController.java | backend/src/main/java/com/yinjia/mes/service/OrderConvertService.java | backend/src/main/java/com/yinjia/mes/service/ScheduleBoardService.java"
"gxgs",B_在用_经典遗留,"OP_TIME","","",0,358,226,1,71,0,"工序工时","frontend/src/business/menus.js | tools/migrate-op-time-and-scx.sql | tools/migrate-op-time-table.sql"
"inh",B_在用_经典遗留,"RKD","","",4,284,198,145,95,0,"进货单","backend/src/main/java/com/yinjia/mes/service/DashboardStatsService.java | backend/src/main/java/com/yinjia/mes/service/FormNoService.java | backend/src/main/java/com/yinjia/mes/service/ManuWritebackService.java"
"kucun",B_在用_经典遗留,"STOCK_STATUS","","v_wo_kit",14,132,119,31,33,0,"库存资料","backend/src/main/java/com/yinjia/mes/controller/PortalController.java | backend/src/main/java/com/yinjia/mes/panel/ManuPurchaseReqHandler.java | backend/src/main/java/com/yinjia/mes/panel/WoPickingHandler.java"
"mate",B_在用_经典遗留,"","WLBOM","",1,116,85,35578,36,0,"BOM","backend/src/main/java/com/yinjia/mes/service/DashboardStatsService.java | backend/src/main/java/com/yinjia/mes/service/QueryService.java | tools/gen/gen-db-catalog.cjs"
"order_bs",B_在用_经典遗留,"KHDD","","",0,396,269,77,131,0,"订单明细","backend/src/main/java/com/yinjia/mes/service/QueryService.java | tools/gen/gen-legacy-compat.cjs | tools/legacy-hsdz-compat.sql"
"order_bt",B_在用_经典遗留,"KHDD","","",0,260,181,13,87,0,"订单","backend/src/main/java/com/yinjia/mes/service/QueryService.java | tools/gen/gen-legacy-compat.cjs | tools/legacy-hsdz-compat.sql"
"outh",B_在用_经典遗留,"CKD","","",3,319,218,30,106,0,"出货单","backend/src/main/java/com/yinjia/mes/service/DashboardStatsService.java | backend/src/main/java/com/yinjia/mes/service/ManuWritebackService.java | backend/src/main/java/com/yinjia/mes/service/QueryService.java"
"plang",B_在用_经典遗留,"","","",36,234,233,25,58,0,"工单","backend/src/main/java/com/yinjia/mes/controller/OrderConvertController.java | backend/src/main/java/com/yinjia/mes/controller/WorkOrderListController.java | backend/src/main/java/com/yinjia/mes/panel/ManuScheduleHandler.java"
"plang_pc",B_在用_经典遗留,"","","",8,186,176,25,56,0,"工单排产","backend/src/main/java/com/yinjia/mes/panel/ManuCloseHandler.java | backend/src/main/java/com/yinjia/mes/panel/ManuScheduleHandler.java | backend/src/main/java/com/yinjia/mes/service/ButtonService.java"
"Porder",B_在用_经典遗留,"CGD","","",0,201,141,12,73,0,"采购单","backend/src/main/java/com/yinjia/mes/service/QueryService.java | tools/gen/gen-legacy-compat.cjs | tools/legacy-hsdz-compat.sql"
"s_log",B_在用_经典遗留,"","","",1,64,48,8220,20,0,"上机日志","backend/src/main/java/com/yinjia/mes/service/PortalNotificationService.java | tools/legacy-hsdz-compat.sql | tools/migrate-usage-log.sql"
"scjl",B_在用_经典遗留,"WO_REPORT WO_REPORT_LIST","","",18,264,206,7,79,0,"生产记录","backend/src/main/java/com/yinjia/mes/service/ButtonService.java | backend/src/main/java/com/yinjia/mes/service/DashboardStatsService.java | backend/src/main/java/com/yinjia/mes/service/ManuWritebackService.java"
"dm_ywy",C_仅下架面板挂靠,"","YWYDA","",0,291,196,13,100,0,"员工编码","tools/gen/gen-legacy-compat.cjs | tools/legacy-hsdz-compat.sql | tools/setup-db.sql"
"erp_imp_row",C_仅下架面板挂靠,"","ERPLG_ROW","",0,37,34,0,16,0,"ERP导入行明细(逐行导入结果)","tools/gen/gen-db-catalog.cjs | tools/migrate-basedata.sql | tools/migrate-golive-cleanup.sql"
"pr_asm_daily",C_仅下架面板挂靠,"","PR_ASM_DAILY","",0,52,69,0,17,0,"组装日报表(PR系列,已下架)","tools/migrate-phase23-forms-batch2.sql | tools/migrate-table-comments.sql | deploy/pkg-incr-20260922c/tools/migrate-phase23-forms-batch2.sql"
"pr_asm_incoming",C_仅下架面板挂靠,"","PR_ASM_INCOMING","",0,55,75,0,18,0,"组装来料检查(PR系列,已下架)","tools/migrate-phase23-forms.sql | tools/migrate-table-comments.sql | deploy/pkg-incr-20260922c/tools/migrate-phase23-forms.sql"
"pr_asm_return",C_仅下架面板挂靠,"","PR_ASM_RETURN","",0,46,61,0,15,0,"不良退货记录(PR系列,已下架)","tools/migrate-phase23-forms-batch2.sql | tools/migrate-table-comments.sql | deploy/pkg-incr-20260922c/tools/migrate-phase23-forms-batch2.sql"
"pr_black_test",C_仅下架面板挂靠,"","PR_BLACK_TEST","",0,46,61,0,15,0,"黑水测试记录(PR系列,已下架)","tools/migrate-phase23-forms-batch2.sql | tools/migrate-table-comments.sql | deploy/pkg-incr-20260922c/tools/migrate-phase23-forms-batch2.sql"
"pr_cut_daily",C_仅下架面板挂靠,"","PR_CUT_DAILY","",0,58,79,0,19,0,"切炭日报表(PR系列,已下架)","tools/migrate-phase23-forms.sql | tools/migrate-table-comments.sql | deploy/pkg-incr-20260922c/tools/migrate-phase23-forms.sql"
"pr_demold_qc",C_仅下架面板挂靠,"","PR_DEMOLD_QC","",0,49,65,0,16,0,"脱模检验记录(PR系列,已下架)","tools/migrate-phase23-forms-batch2.sql | tools/migrate-table-comments.sql | deploy/pkg-incr-20260922c/tools/migrate-phase23-forms-batch2.sql"
"pr_efficiency",C_仅下架面板挂靠,"","PR_EFFICIENCY","",0,40,53,0,13,0,"人均效率表(PR系列,已下架)","tools/migrate-phase23-forms-batch2.sql | tools/migrate-table-comments.sql | deploy/pkg-incr-20260922c/tools/migrate-phase23-forms-batch2.sql"
"pr_flow_card",C_仅下架面板挂靠,"","PR_FLOW_CARD","",0,58,77,0,19,0,"产品流动标识卡(PR系列,已下架)","tools/migrate-phase23-forms-batch2.sql | tools/migrate-table-comments.sql | deploy/pkg-incr-20260922c/tools/migrate-phase23-forms-batch2.sql"
"pr_form_daily",C_仅下架面板挂靠,"","PR_FORM_DAILY","",0,52,69,0,17,0,"成型日报表(PR系列,已下架)","tools/migrate-phase23-forms-batch2.sql | tools/migrate-table-comments.sql | deploy/pkg-incr-20260922c/tools/migrate-phase23-forms-batch2.sql"
"pr_form_first",C_仅下架面板挂靠,"","PR_FORM_FIRST","",0,55,75,0,18,0,"成型首件记录(PR系列,已下架)","tools/migrate-phase23-forms.sql | tools/migrate-table-comments.sql | deploy/pkg-incr-20260922c/tools/migrate-phase23-forms.sql"
"pr_maintenance",C_仅下架面板挂靠,"","PR_MAINTENANCE","",0,46,61,0,15,0,"预防性保养计划(PR系列,已下架)","tools/migrate-phase23-forms-batch2.sql | tools/migrate-table-comments.sql | deploy/pkg-incr-20260922c/tools/migrate-phase23-forms-batch2.sql"
"pr_mat_inspect",C_仅下架面板挂靠,"","PR_MAT_INSPECT","",0,52,69,0,17,0,"材料进厂检查(PR系列,已下架)","tools/migrate-phase23-forms-batch2.sql | tools/migrate-table-comments.sql | deploy/pkg-incr-20260922c/tools/migrate-phase23-forms-batch2.sql"
"pr_mix_blend",C_仅下架面板挂靠,"","PR_MIX_BLEND","",0,43,57,0,14,0,"物料混合记录(PR系列,已下架)","tools/migrate-phase23-forms-batch2.sql | tools/migrate-table-comments.sql | deploy/pkg-incr-20260922c/tools/migrate-phase23-forms-batch2.sql"
"pr_mix_check",C_仅下架面板挂靠,"","PR_MIX_CHECK","",0,46,61,0,15,0,"设备点检表(PR系列,已下架)","tools/migrate-phase23-forms-batch2.sql | tools/migrate-table-comments.sql | deploy/pkg-incr-20260922c/tools/migrate-phase23-forms-batch2.sql"
"pr_mix_confirm",C_仅下架面板挂靠,"","PR_MIX_CONFIRM","",0,55,73,0,18,0,"投料确认表(PR系列,已下架)","tools/migrate-phase23-forms.sql | tools/migrate-table-comments.sql | deploy/pkg-incr-20260922c/tools/migrate-phase23-forms.sql"
"pr_mix_daily",C_仅下架面板挂靠,"","PR_MIX_DAILY","",0,50,66,0,16,0,"混料日报表(PR系列,已下架)","tools/migrate-phase23-forms-batch2.sql | tools/migrate-table-comments.sql | tools/_probe-report-rollout-sample.sql"
"pr_mix_feed",C_仅下架面板挂靠,"","PR_MIX_FEED","",0,43,57,0,14,0,"阻垢投料单(PR系列,已下架)","tools/migrate-phase23-forms-batch2.sql | tools/migrate-table-comments.sql | deploy/pkg-incr-20260922c/tools/migrate-phase23-forms-batch2.sql"
"pr_mix_granule",C_仅下架面板挂靠,"","PR_MIX_GRANULE","",0,49,65,0,16,0,"造粒过程控制(PR系列,已下架)","tools/migrate-phase23-forms-batch2.sql | tools/migrate-table-comments.sql | deploy/pkg-incr-20260922c/tools/migrate-phase23-forms-batch2.sql"
"pr_mix_process",C_仅下架面板挂靠,"","PR_MIX_PROCESS","",0,46,61,0,15,0,"阻垢工序控制(PR系列,已下架)","tools/migrate-phase23-forms-batch2.sql | tools/migrate-table-comments.sql | deploy/pkg-incr-20260922c/tools/migrate-phase23-forms-batch2.sql"
"pr_no_black",C_仅下架面板挂靠,"","PR_NO_BLACK","",0,46,61,0,15,0,"无黑处理登记(PR系列,已下架)","tools/migrate-phase23-forms-batch2.sql | tools/migrate-table-comments.sql | deploy/pkg-incr-20260922c/tools/migrate-phase23-forms-batch2.sql"
"pr_pack_confirm",C_仅下架面板挂靠,"","PR_PACK_CONFIRM","",0,52,69,0,17,0,"封箱数量确认(PR系列,已下架)","tools/migrate-phase23-forms.sql | tools/migrate-table-comments.sql | deploy/pkg-incr-20260922c/tools/migrate-phase23-forms.sql"
"pr_patrol_qc",C_仅下架面板挂靠,"","PR_PATROL_QC","",0,46,61,0,15,0,"巡线抽检记录(PR系列,已下架)","tools/migrate-phase23-forms-batch2.sql | tools/migrate-table-comments.sql | deploy/pkg-incr-20260922c/tools/migrate-phase23-forms-batch2.sql"
"pr_qc_control",C_仅下架面板挂靠,"","PR_QC_CONTROL","",0,43,57,0,14,0,"品质管控点要求(PR系列,已下架)","tools/migrate-phase23-forms-batch2.sql | tools/migrate-table-comments.sql | deploy/pkg-incr-20260922c/tools/migrate-phase23-forms-batch2.sql"
"pr_scrap",C_仅下架面板挂靠,"","PR_SCRAP","",0,52,73,0,16,0,"物料产品报废单(PR系列,已下架)","tools/migrate-db-norm-cleanup.sql | tools/migrate-phase23-forms-batch2.sql | tools/migrate-server-parity-20260928.sql"
"pr_sinter_qc",C_仅下架面板挂靠,"","PR_SINTER_QC","",0,55,73,0,18,0,"烧结制程检验(PR系列,已下架)","tools/migrate-phase23-forms-batch2.sql | tools/migrate-table-comments.sql | deploy/pkg-incr-20260922c/tools/migrate-phase23-forms-batch2.sql"
"wo_line_stock",C_仅下架面板挂靠,"","WO_LINE","",0,35,28,0,32,20,"线边库存(PR系列,已下架)","tools/gen/gen-db-catalog.cjs | tools/migrate-golive-cleanup.sql | tools/migrate-phase23-production.sql"
"wo_material_pick",C_仅下架面板挂靠,"","WO_PICK","",0,41,32,0,35,20,"工序领料记录(PR系列,已下架)","tools/gen/gen-db-catalog.cjs | tools/migrate-golive-cleanup.sql | tools/migrate-phase23-production.sql"
"wo_stage_report",C_仅下架面板挂靠,"","WO_STAGE","",0,56,45,0,39,20,"工序报工记录(PR系列,已下架)","tools/gen/gen-db-catalog.cjs | tools/migrate-golive-cleanup.sql | tools/migrate-phase23-production.sql"
"area_city",D_有数据无引用,"","","",0,23,16,365,7,0,"省份城市","deploy/sync-db-comments.sql"
"area_code",D_有数据无引用,"","","",0,11,8,3524,3,0,"省市区代码","deploy/sync-db-comments.sql"
"area_country",D_有数据无引用,"","","",0,35,24,248,11,0,"区域国家","deploy/sync-db-comments.sql"
"area_district",D_有数据无引用,"","","",0,23,16,2927,7,0,"城市区域","deploy/sync-db-comments.sql"
"area_province",D_有数据无引用,"","","",0,26,18,34,8,0,"中国省份","deploy/sync-db-comments.sql"
"bacord",D_有数据无引用,"","","",0,41,32,20,17,0,"条码","deploy/sync-db-comments.sql"
"bxsq",D_有数据无引用,"","","",0,119,80,1,40,0,"报销申请","deploy/sync-db-comments.sql"
"chdcmx",D_有数据无引用,"","","",0,140,94,3,52,0,"出货订舱明细","deploy/sync-db-comments.sql"
"chsq",D_有数据无引用,"","","",0,153,103,2,51,0,"出货申请","tools/migrate-kucun-ckdm-widen-20260924.sql | deploy/sync-db-comments.sql"
"chtz",D_有数据无引用,"","","",0,137,92,1,51,0,"出货通知","deploy/sync-db-comments.sql"
"computer",D_有数据无引用,"","","",0,44,30,2,15,0,"电脑ID","deploy/sync-db-comments.sql"
"dh",D_有数据无引用,"","","",0,86,111,232,33,0,"质检项目设定","backend/src/main/java/com/yinjia/mes/service/FormNoService.java | tools/fix-s-allno-ny.sql | tools/legacy-hsdz-compat.sql"
"dm_fylb",D_有数据无引用,"","","",0,50,34,16,17,0,"费用类别","deploy/sync-db-comments.sql"
"dm_gfjj",D_有数据无引用,"","","",0,101,68,4,34,0,"厂商进价","deploy/sync-db-comments.sql"
"dm_gx",D_有数据无引用,"","","",0,180,95,206,41,0,"工序及数据字典","tools/deploy-all.sql | tools/fix-db-restore-20260915.sql | tools/fix-zdgl-perf.sql"
"dm_gz",D_有数据无引用,"","","",0,44,30,38,15,0,"工种","deploy/sync-db-comments.sql"
"dm_jjlb",D_有数据无引用,"","","",0,44,30,11,14,0,"奖金类别","deploy/sync-db-comments.sql"
"dm_key",D_有数据无引用,"","","",0,53,38,5,18,0,"各种软件接口Key值表","tools/gen/gen-db-catalog.cjs | deploy/sync-db-comments.sql"
"dm_khgjjl",D_有数据无引用,"","","",0,62,42,1,21,0,"客户跟进记录","deploy/sync-db-comments.sql"
"dm_khlxr",D_有数据无引用,"","","",0,53,36,4,20,0,"客户联系人","deploy/sync-db-comments.sql"
"dm_khsj",D_有数据无引用,"","","",0,98,66,9,33,0,"客户售价设定","deploy/sync-db-comments.sql"
"dm_khzl",D_有数据无引用,"","","",0,260,174,73,87,0,"客户款号资料","deploy/sync-db-comments.sql"
"dm_ks",D_有数据无引用,"","","",0,47,32,27,16,0,"科室/部门","deploy/sync-db-comments.sql"
"dm_langue",D_有数据无引用,"","","",0,44,31,15,22,0,"语言（作废）","tools/gen/gen-db-catalog.cjs | deploy/sync-db-comments.sql"
"dm_py",D_有数据无引用,"","","",0,33,24,6764,15,0,"拼音码(遗留)","tools/gen/gen-db-catalog.cjs | tools/migrate-table-comments.sql | deploy/sync-db-comments.sql"
"dm_style",D_有数据无引用,"","","",0,77,52,2,28,0,"形体代码","deploy/sync-db-comments.sql"
"dm_tax",D_有数据无引用,"","","",0,50,34,6,17,0,"税别代码","deploy/sync-db-comments.sql"
"dm_wzlb",D_有数据无引用,"","","",0,38,26,5,14,0,"物料类别","deploy/sync-db-comments.sql"
"dm_xl",D_有数据无引用,"","","",0,44,30,1,15,0,"学历","deploy/sync-db-comments.sql"
"dm_yh",D_有数据无引用,"","","",0,56,38,10,21,0,"银行代码","deploy/sync-db-comments.sql"
"dm_ywylb",D_有数据无引用,"","","",0,38,26,2,15,0,"员工类别","deploy/sync-db-comments.sql"
"dm_zjfl",D_有数据无引用,"","","",0,59,40,1,20,0,"质检分类","deploy/sync-db-comments.sql"
"dm_zw",D_有数据无引用,"","","",0,44,30,1,15,0,"职务","deploy/sync-db-comments.sql"
"flash",D_有数据无引用,"","","",0,53,41,6,18,0,"广告动画","frontend/src/core/views/QcInspReqSheet.vue | frontend/src/i18n/locales/en.js | tools/migrate-qc-insp-req.sql"
"gscs",D_有数据无引用,"","","",0,113,77,1,55,0,"公司参数","tools/gen/gen-db-catalog.cjs | deploy/sync-db-comments.sql"
"gzzc",D_有数据无引用,"","","",0,56,38,40,19,0,"工资支出记录","deploy/sync-db-comments.sql"
"Invoice",D_有数据无引用,"","","",0,113,87,4,45,0,"形式发票","tools/migrate-kingdee-archive-fields.sql | tools/migrate-so-extra-cols.sql | tools/migrate-yj-translation-dedupe.sql"
"kjkm",D_有数据无引用,"","","",0,68,58,652,23,0,"会计科目","deploy/sync-db-comments.sql"
"kmye",D_有数据无引用,"","","",0,53,36,29,18,0,"科目余额","deploy/sync-db-comments.sql"
"kqewm",D_有数据无引用,"","","",0,44,30,2,15,0,"考勤二维码","deploy/sync-db-comments.sql"
"kqjjr",D_有数据无引用,"","","",0,47,32,6,16,0,"节假日设定","deploy/sync-db-comments.sql"
"kqyc",D_有数据无引用,"","","",0,59,40,1,20,0,"严重违规记录","deploy/sync-db-comments.sql"
"odprice_bs",D_有数据无引用,"","","",0,335,224,39,112,0,"报价单明细","deploy/sync-db-comments.sql"
"odprice_bt",D_有数据无引用,"","","",0,194,130,14,65,0,"报价单","deploy/sync-db-comments.sql"
"OdSample_bs",D_有数据无引用,"","","",0,74,50,4,25,0,"样品单明细","deploy/sync-db-comments.sql"
"OdSample_wl",D_有数据无引用,"","","",0,95,64,40,32,0,"样品单物料","deploy/sync-db-comments.sql"
"OrderSample",D_有数据无引用,"","","",0,134,90,2,45,0,"样品单明细","deploy/sync-db-comments.sql"
"permission",D_有数据无引用,"","","",0,41,40,1529,18,0,"权限明细","backend/src/main/java/com/yinjia/mes/controller/SysAdminController.java | backend/src/main/java/com/yinjia/mes/service/PanelRegistry.java | frontend/src/i18n/locales/en.js"
"pjjl",D_有数据无引用,"","","",0,158,107,6,53,0,"品检记录","tools/migrate-qc-insp-fields.sql | deploy/sync-db-comments.sql"
"pzfk",D_有数据无引用,"","","",0,71,48,2,24,0,"品质反馈","deploy/sync-db-comments.sql"
"qkd",D_有数据无引用,"","","",0,119,80,1,45,0,"请款单","deploy/sync-db-comments.sql"
"s_commdata",D_有数据无引用,"","","",0,83,56,712,28,0,"通讯数据","deploy/sync-db-comments.sql"
"s_error",D_有数据无引用,"","","",0,56,38,2,19,0,"错误信息","deploy/sync-db-comments.sql"
"s_remoteprint",D_有数据无引用,"","","",0,83,56,43,28,0,"远程打印","deploy/sync-db-comments.sql"
"s_repformat",D_有数据无引用,"","","",0,68,46,56,23,0,"窗体_报表格式","deploy/sync-db-comments.sql"
"s_roles",D_有数据无引用,"","","",0,53,36,189,18,0,"用户角色","deploy/sync-db-comments.sql"
"s_rzxz",D_有数据无引用,"","","",0,44,30,4,15,0,"入职须知","deploy/sync-db-comments.sql"
"s_screen",D_有数据无引用,"","","",0,50,34,113,17,0,"屏幕参数","deploy/sync-db-comments.sql"
"s_SelWhere",D_有数据无引用,"","","",0,69,47,4,23,0,"查询条件设置(遗留)","tools/migrate-table-comments.sql | deploy/sync-db-comments.sql"
"s_sys",D_有数据无引用,"","","",0,140,94,5660,46,0,"系统表","deploy/sync-db-comments.sql"
"s_xtcs",D_有数据无引用,"","","",0,50,35,14,17,0,"系统参数","tools/gen/gen-db-catalog.cjs | deploy/sync-db-comments.sql"
"s_ycdy",D_有数据无引用,"","","",0,83,56,23,27,0,"远程打印记录","deploy/sync-db-comments.sql"
"setdate",D_有数据无引用,"","","",0,47,39,1,16,0,"数据库设置","frontend/src/core/views/SelectVoucherDialog.vue | deploy/sync-db-comments.sql"
"sfkcz",D_有数据无引用,"","","",0,74,50,4,25,0,"收付款冲账明细","deploy/sync-db-comments.sql"
"sfkmx",D_有数据无引用,"","","",0,62,42,6,21,0,"收付款明细","deploy/sync-db-comments.sql"
"users",D_有数据无引用,"","","",0,107,117,5,38,0,"用户","backend/src/main/java/com/yinjia/mes/controller/PxController.java | backend/src/main/java/com/yinjia/mes/controller/SysAdminController.java | backend/src/main/java/com/yinjia/mes/service/ButtonService.java"
"wbgd",D_有数据无引用,"","","",0,116,78,4,39,0,"外包工单","deploy/sync-db-comments.sql"
"xsdh",D_有数据无引用,"","","",0,57,39,3,22,0,"销售订货(遗留)","tools/migrate-table-comments.sql | deploy/sync-db-comments.sql"
"yj_schema_log",D_有数据无引用,"","","",0,16,14,329,3,0,"数据库结构脚本执行日志(script_name+content_hash 幂等记录)","tools/DbInit.java | tools/DbSync.java | tools/dump-schema-log.sql"
"rd_alkaline",E_空表_MES未接线,"","","",0,23,149,0,19,0,"碱性测试(旧单表)","backend/src/main/java/com/yinjia/mes/service/ButtonService.java | frontend/src/business/menus.js | frontend/src/core/views/recordSheetConfigs.docno.test.js"
"rd_antibact",E_空表_MES未接线,"","","",0,23,125,0,19,0,"抑菌测试(旧单表)","backend/src/main/java/com/yinjia/mes/service/ButtonService.java | frontend/src/business/menus.js | frontend/src/core/views/recordSheetConfigs.js"
"rd_asm_bom",E_空表_MES未接线,"","","",0,26,165,0,18,0,"组装BOM表(旧单表)","backend/src/main/java/com/yinjia/mes/service/ButtonService.java | backend/src/main/java/com/yinjia/mes/service/DevTaskService.java | frontend/src/business/menus.js"
"rd_asm_proc",E_空表_MES未接线,"","","",0,23,274,0,16,0,"组装工艺清单(旧单表)","backend/src/main/java/com/yinjia/mes/service/ButtonService.java | backend/src/main/java/com/yinjia/mes/service/DevTaskService.java | frontend/src/business/menus.js"
"rd_dom_test",E_空表_MES未接线,"","","",0,23,135,0,22,0,"内部委托测试申请单(旧单表)","backend/src/main/java/com/yinjia/mes/service/ButtonService.java | frontend/src/business/menus.js | frontend/src/core/views/recordSheetConfigs.js"
"rd_drop_prec",E_空表_MES未接线,"","","",0,23,128,0,18,0,"压降精度测试(旧单表)","backend/src/main/java/com/yinjia/mes/service/ButtonService.java | frontend/src/business/menus.js | frontend/src/core/views/recordSheetConfigs.docno.test.js"
"rd_equip_use",E_空表_MES未接线,"","","",0,23,92,0,20,0,"设备使用登记表(旧单表)","backend/src/main/java/com/yinjia/mes/service/ButtonService.java | frontend/src/business/menus.js | frontend/src/core/views/recordSheetConfigs.js"
"rd_filter_eff",E_空表_MES未接线,"","","",0,23,254,0,20,0,"功能性滤效(旧单表)","backend/src/main/java/com/yinjia/mes/service/ButtonService.java | frontend/src/business/menus.js | frontend/src/core/panel/docDefaults.js"
"rd_insp_plan",E_空表_MES未接线,"","","",0,22,227,0,18,0,"出货检验计划表(旧单表)","backend/src/main/java/com/yinjia/mes/controller/PxController.java | backend/src/main/java/com/yinjia/mes/service/ButtonService.java | backend/src/main/java/com/yinjia/mes/service/DevTaskService.java"
"rd_instr_use",E_空表_MES未接线,"","","",0,23,100,0,21,0,"仪器使用记录表(旧单表)","backend/src/main/java/com/yinjia/mes/service/ButtonService.java | frontend/src/business/menus.js | frontend/src/core/views/recordSheetConfigs.js"
"rd_mineral",E_空表_MES未接线,"","","",0,23,122,0,19,0,"矿化测试(旧单表)","backend/src/main/java/com/yinjia/mes/service/ButtonService.java | frontend/src/business/menus.js | frontend/src/core/views/recordSheetConfigs.docno.test.js"
"rd_mold_formula",E_空表_MES未接线,"","","",0,23,125,0,16,0,"成型配方(旧单表)","backend/src/main/java/com/yinjia/mes/service/ButtonService.java | backend/src/main/java/com/yinjia/mes/service/DevTaskService.java | frontend/src/business/menus.js"
"rd_mold_proc",E_空表_MES未接线,"","","",0,23,393,0,19,0,"成型工艺清单(旧单表)","backend/src/main/java/com/yinjia/mes/service/ButtonService.java | backend/src/main/java/com/yinjia/mes/service/DevTaskService.java | frontend/src/business/menus.js"
"rd_product_info",E_空表_MES未接线,"","","",0,23,15,0,17,0,"产品信息(旧单表,已被rd_prod_info_head/detail取代)","tools/deploy-all.sql | tools/migrate-golive-cleanup.sql | tools/migrate-table-comments.sql"
"rd_ro_protect",E_空表_MES未接线,"","","",0,23,134,0,18,0,"RO保护测试(旧单表)","backend/src/main/java/com/yinjia/mes/service/ButtonService.java | frontend/src/business/menus.js | frontend/src/core/views/recordSheetConfigs.docno.test.js"
"rd_scale",E_空表_MES未接线,"","","",0,23,134,0,19,0,"阻垢性能测试(旧单表)","backend/src/main/java/com/yinjia/mes/service/ButtonService.java | frontend/src/business/menus.js | frontend/src/core/views/recordSheetConfigs.docno.test.js"
"rd_soak",E_空表_MES未接线,"","","",0,23,158,0,19,0,"浸泡安全测试(旧单表)","backend/src/main/java/com/yinjia/mes/service/ButtonService.java | frontend/src/business/menus.js | frontend/src/core/views/recordSheetConfigs.docno.test.js"
"rd_spec_doc",E_空表_MES未接线,"","","",0,22,306,0,18,0,"规格书(旧单表)","backend/src/main/java/com/yinjia/mes/controller/PxController.java | backend/src/main/java/com/yinjia/mes/service/ButtonService.java | backend/src/main/java/com/yinjia/mes/service/DevTaskService.java"
"rd_spike_water",E_空表_MES未接线,"","","",0,23,114,0,18,0,"加标水配置记录表(旧单表)","backend/src/main/java/com/yinjia/mes/service/ButtonService.java | frontend/src/business/menus.js | frontend/src/core/views/recordSheetConfigs.js"
"wo_report",E_空表_MES未接线,"","","",0,63,171,0,17,0,"工序报工单(切炭行支持直销数量双出口)","backend/src/main/java/com/yinjia/mes/panel/ManuFirstArticleHandler.java | backend/src/main/java/com/yinjia/mes/service/ButtonService.java | backend/src/main/java/com/yinjia/mes/service/WoReportService.java"
"address",F_空表_遗留未用,"","","",0,56,117,0,19,0,"位置信息","frontend/src/i18n/locales/en.js | tools/deploy-all.sql | tools/i18n-p3-labels.sql"
"cbhs",F_空表_遗留未用,"","","",0,167,112,0,56,0,"成本核算","deploy/sync-db-comments.sql"
"cp_barcode",F_空表_遗留未用,"","","",0,86,58,0,29,0,"产品出厂条码","deploy/sync-db-comments.sql"
"cpfpmx",F_空表_遗留未用,"","","",0,71,48,0,24,0,"次品废品明细","deploy/sync-db-comments.sql"
"dm_dbzsd",F_空表_遗留未用,"","","",0,65,44,0,22,0,"线组长设定（作废不用,并入dm_gx）","deploy/sync-db-comments.sql"
"dm_myjj",F_空表_遗留未用,"","","",0,26,18,0,15,0,"名言惊句","deploy/sync-db-comments.sql"
"dm_sys",F_空表_遗留未用,"","","",0,14,10,0,26,0,"系统表","deploy/sync-db-comments.sql"
"dm_wz",F_空表_遗留未用,"","","",0,116,78,0,38,0,"物料代码","deploy/sync-db-comments.sql"
"dm_wzbacord",F_空表_遗留未用,"","","",0,53,36,0,18,0,"货品多条码","deploy/sync-db-comments.sql"
"dm_wzddw",F_空表_遗留未用,"","","",0,56,38,0,19,0,"货品多单位","deploy/sync-db-comments.sql"
"dm_wzsx",F_空表_遗留未用,"","","",0,48,33,0,16,0,"物料属性(遗留)","tools/migrate-table-comments.sql | deploy/sync-db-comments.sql"
"dorder",F_空表_遗留未用,"","","",0,125,84,0,42,0,"请购单","deploy/sync-db-comments.sql"
"fgjl",F_空表_遗留未用,"","","",0,236,158,0,79,0,"返工记录","deploy/sync-db-comments.sql"
"fgjl_ls",F_空表_遗留未用,"","","",0,239,160,0,80,0,"返工记录-历史资料","deploy/sync-db-comments.sql"
"fgjlhz",F_空表_遗留未用,"","","",0,59,40,0,20,0,"反攻记录汇总","deploy/sync-db-comments.sql"
"from_excel",F_空表_遗留未用,"","","",0,56,38,0,19,0,"从excel导入","deploy/sync-db-comments.sql"
"gdzc",F_空表_遗留未用,"","","",0,47,32,0,34,0,"固定资产","deploy/sync-db-comments.sql"
"gssp",F_空表_遗留未用,"","","",0,89,60,0,30,0,"工时水平","deploy/sync-db-comments.sql"
"gszl",F_空表_遗留未用,"","","",0,65,44,0,22,0,"工时资料","deploy/sync-db-comments.sql"
"gzb",F_空表_遗留未用,"","","",0,101,68,0,34,0,"工资表","deploy/sync-db-comments.sql"
"gzffjl",F_空表_遗留未用,"","","",0,137,92,0,46,0,"工资发放记录","deploy/sync-db-comments.sql"
"huiyuan",F_空表_遗留未用,"","","",0,98,66,0,41,0,"会员","deploy/sync-db-comments.sql"
"huiyuan_hz",F_空表_遗留未用,"","","",0,98,66,0,41,0,"会员汇总","deploy/sync-db-comments.sql"
"jgsd",F_空表_遗留未用,"","","",0,104,70,0,35,0,"价格设定","deploy/sync-db-comments.sql"
"jrhz",F_空表_遗留未用,"","","",0,71,48,0,24,0,"今日汇总","deploy/sync-db-comments.sql"
"jrhz_ls",F_空表_遗留未用,"","","",0,71,48,0,24,0,"今日汇总-历史资料","deploy/sync-db-comments.sql"
"jyd",F_空表_遗留未用,"","","",0,111,77,0,37,0,"检验单","tools/migrate-kucun-ckdm-widen-20260924.sql | tools/migrate-qc-3docs-rebuild.sql | deploy/pkg-incr-20260922c/tools/migrate-qc-3docs-rebuild.sql"
"jyd_bs",F_空表_遗留未用,"","","",0,74,50,0,25,0,"检验单明细","deploy/sync-db-comments.sql"
"khts",F_空表_遗留未用,"","","",0,71,48,0,26,0,"投诉单","deploy/sync-db-comments.sql"
"kjpz",F_空表_遗留未用,"","","",0,89,60,0,30,0,"会计凭证","deploy/sync-db-comments.sql"
"kjpz_bs",F_空表_遗留未用,"","","",0,86,58,0,29,0,"会计凭证_表身","deploy/sync-db-comments.sql"
"kqbc",F_空表_遗留未用,"","","",0,62,42,0,21,0,"考勤报餐","deploy/sync-db-comments.sql"
"kqqjd",F_空表_遗留未用,"","","",0,74,50,0,25,0,"考勤请假单","deploy/sync-db-comments.sql"
"kqsj",F_空表_遗留未用,"","","",0,65,44,0,22,0,"考勤数据","deploy/sync-db-comments.sql"
"kqsj_ls",F_空表_遗留未用,"","","",0,68,46,0,23,0,"考勤数据-历史资料","deploy/sync-db-comments.sql"
"mate_jtsh",F_空表_遗留未用,"","","",0,59,41,0,19,0,"BOM子件的阶梯损耗率    ","tools/gen/gen-db-catalog.cjs | deploy/sync-db-comments.sql"
"order1",F_空表_遗留未用,"","","",0,89,60,0,48,0,"订单-无明细","deploy/sync-db-comments.sql"
"pandian",F_空表_遗留未用,"","","",0,57,39,0,25,0,"盘点单","tools/migrate-kucun-ckdm-widen-20260924.sql | deploy/sync-db-comments.sql"
"pd_history",F_空表_遗留未用,"","","",0,36,25,0,23,0,"盘点-历史","tools/migrate-kucun-ckdm-widen-20260924.sql | deploy/sync-db-comments.sql"
"pd_zzp",F_空表_遗留未用,"","","",0,36,25,0,24,0,"盘点-在制品","tools/migrate-kucun-ckdm-widen-20260924.sql | deploy/sync-db-comments.sql"
"pd_zzphistory",F_空表_遗留未用,"","","",0,36,25,0,23,0,"盘点-在制品-历史","tools/migrate-kucun-ckdm-widen-20260924.sql | deploy/sync-db-comments.sql"
"pd_zzprq",F_空表_遗留未用,"","","",0,20,14,0,13,0,"盘点-在制品-日期","deploy/sync-db-comments.sql"
"pjjl_sz",F_空表_遗留未用,"","","",0,89,60,0,34,0,"品检记录-测试数值","deploy/sync-db-comments.sql"
"s_cookie",F_空表_遗留未用,"","","",0,47,32,0,15,0,"Cookie值","deploy/sync-db-comments.sql"
"s_fromexcel",F_空表_遗留未用,"","","",0,53,36,0,19,0,"EXCEL导入设置","deploy/sync-db-comments.sql"
"s_otherfunc",F_空表_遗留未用,"","","",0,47,32,0,16,0,"窗体_其他功能","deploy/sync-db-comments.sql"
"s_phrase",F_空表_遗留未用,"","","",0,44,30,0,15,0,"通讯短语","deploy/sync-db-comments.sql"
"s_repbody",F_空表_遗留未用,"","","",0,83,56,0,27,0,"报表表身","deploy/sync-db-comments.sql"
"s_repdraw",F_空表_遗留未用,"","","",0,56,38,0,18,0,"报表画线","deploy/sync-db-comments.sql"
"s_repheader",F_空表_遗留未用,"","","",0,92,62,0,30,0,"报表表头","deploy/sync-db-comments.sql"
"s_repinfo",F_空表_遗留未用,"","","",0,74,50,0,24,0,"报表信息","deploy/sync-db-comments.sql"
"scjd",F_空表_遗留未用,"","","",0,80,54,0,27,0,"生产进度","deploy/sync-db-comments.sql"
"scjd_ls",F_空表_遗留未用,"","","",0,83,56,0,28,0,"生产进度-历史资料","deploy/sync-db-comments.sql"
"scpc",F_空表_遗留未用,"","","",0,185,124,0,62,0,"生产排程","deploy/sync-db-comments.sql"
"scrb",F_空表_遗留未用,"","","",0,89,60,0,35,0,"生成日报","deploy/sync-db-comments.sql"
"scrb_bs",F_空表_遗留未用,"","","",0,59,40,0,26,0,"生产日报-明细","deploy/sync-db-comments.sql"
"sczxd",F_空表_遗留未用,"","","",0,164,110,0,55,0,"装箱单","deploy/sync-db-comments.sql"
"wlxx",F_空表_遗留未用,"","","",0,50,34,0,22,0,"物流信息","deploy/sync-db-comments.sql"
"xjjl",F_空表_遗留未用,"","","",0,152,102,0,51,0,"巡检记录","deploy/sync-db-comments.sql"
"xjjl_sz",F_空表_遗留未用,"","","",0,89,60,0,34,0,"巡检记录-测试数值","deploy/sync-db-comments.sql"
"ysfk",F_空表_遗留未用,"","","",0,63,43,0,22,0,"收付款(遗留)","tools/migrate-table-comments.sql | deploy/sync-db-comments.sql"
"zc",F_空表_遗留未用,"","","",0,65,43,0,25,0,"转仓单","tools/migrate-server-parity-20260928.sql | deploy/sync-db-comments.sql"
"log",X_备份临时,"","","",0,38,646,0,15,0,"日志（作废，用s_log）","backend/src/main/java/com/yinjia/mes/controller/PxController.java | backend/src/main/java/com/yinjia/mes/ocr/AliyunOcrGateway.java | backend/src/main/java/com/yinjia/mes/service/ButtonService.java"
"rd_approval_bak_20260911",X_备份临时,"","","",0,0,0,20,23,0,"备份/改名残留(20260911 面板结构调整前备份,可清理)",""
"rd_approval_detail_bak_20260911",X_备份临时,"","","",0,0,0,0,7,0,"备份/改名残留(20260911 面板结构调整前备份,可清理)",""
"rd_asm_bom_detail_bak_20260911",X_备份临时,"","","",0,0,0,4,19,0,"备份/改名残留(20260911 面板结构调整前备份,可清理)",""
"rd_asm_bom_head_bak_20260911",X_备份临时,"","","",0,0,0,3,15,0,"备份/改名残留(20260911 面板结构调整前备份,可清理)",""
"rd_dom_test_detail_bak_20260911",X_备份临时,"","","",0,0,0,0,26,0,"备份/改名残留(20260911 面板结构调整前备份,可清理)",""
"rd_dom_test_head_bak_20260911",X_备份临时,"","","",0,0,0,2,14,0,"备份/改名残留(20260911 面板结构调整前备份,可清理)",""
"rd_equip_use_detail_bak_20260911",X_备份临时,"","","",0,0,0,5,14,0,"备份/改名残留(20260911 面板结构调整前备份,可清理)",""
"rd_equip_use_head_bak_20260911",X_备份临时,"","","",0,0,0,9,10,0,"备份/改名残留(20260911 面板结构调整前备份,可清理)",""
"rd_insp_plan_detail_bak_20260911",X_备份临时,"","","",0,0,0,0,18,0,"备份/改名残留(20260911 面板结构调整前备份,可清理)",""
"rd_insp_plan_head_bak_20260911",X_备份临时,"","","",0,0,0,2,21,0,"备份/改名残留(20260911 面板结构调整前备份,可清理)",""
"rd_instr_use_detail_bak_20260911",X_备份临时,"","","",0,0,0,0,16,0,"备份/改名残留(20260911 面板结构调整前备份,可清理)",""
"rd_instr_use_head_bak_20260911",X_备份临时,"","","",0,0,0,2,10,0,"备份/改名残留(20260911 面板结构调整前备份,可清理)",""
"rd_mold_formula_detail_bak_20260911",X_备份临时,"","","",0,0,0,2,14,0,"备份/改名残留(20260911 面板结构调整前备份,可清理)",""
"rd_mold_formula_head_bak_20260911",X_备份临时,"","","",0,0,0,3,22,0,"备份/改名残留(20260911 面板结构调整前备份,可清理)",""
"rd_plan_bak_20260911",X_备份临时,"","","",0,0,0,8,84,0,"备份/改名残留(20260911 面板结构调整前备份,可清理)",""
"rd_plan_detail_bak_20260911",X_备份临时,"","","",0,0,0,0,7,0,"备份/改名残留(20260911 面板结构调整前备份,可清理)",""
"rd_prod_info_detail_bak_20260911",X_备份临时,"","","",0,0,0,0,7,0,"备份/改名残留(20260911 面板结构调整前备份,可清理)",""
"rd_prod_info_head_bak_20260911",X_备份临时,"","","",0,0,0,8,23,0,"备份/改名残留(20260911 面板结构调整前备份,可清理)",""
"rd_progress_detail_bak_20260918",X_备份临时,"","","",0,2,10,0,21,0,"","tools/gen/gen-db-catalog.cjs | tools/migrate-rd-progress-18cols.sql | tools/migrate-rd-progress-drop-orphan-cols.sql"
"rd_spike_water_detail_bak_20260911",X_备份临时,"","","",0,0,0,0,28,0,"备份/改名残留(20260911 面板结构调整前备份,可清理)",""
"rd_spike_water_head_bak_20260911",X_备份临时,"","","",0,0,0,2,10,0,"备份/改名残留(20260911 面板结构调整前备份,可清理)",""
"RENAME_20260911_173159_rd_approval_bak_20260911",X_备份临时,"","","",0,0,0,20,23,0,"备份/改名残留(20260911 面板结构调整前备份,可清理)",""
"RENAME_20260911_173159_rd_approval_detail_bak_20260911",X_备份临时,"","","",0,0,0,0,7,0,"备份/改名残留(20260911 面板结构调整前备份,可清理)",""
"RENAME_20260911_173159_rd_dom_test_detail_bak_20260911",X_备份临时,"","","",0,0,0,0,26,0,"备份/改名残留(20260911 面板结构调整前备份,可清理)",""
"RENAME_20260911_173159_rd_dom_test_head_bak_20260911",X_备份临时,"","","",0,0,0,2,14,0,"备份/改名残留(20260911 面板结构调整前备份,可清理)",""
"RENAME_20260911_173159_rd_equip_use_detail_bak_20260911",X_备份临时,"","","",0,0,0,5,14,0,"备份/改名残留(20260911 面板结构调整前备份,可清理)",""
"RENAME_20260911_173159_rd_equip_use_head_bak_20260911",X_备份临时,"","","",0,0,0,9,10,0,"备份/改名残留(20260911 面板结构调整前备份,可清理)",""
"RENAME_20260911_173159_rd_insp_plan_detail_bak_20260911",X_备份临时,"","","",0,0,0,0,18,0,"备份/改名残留(20260911 面板结构调整前备份,可清理)",""
"RENAME_20260911_173159_rd_insp_plan_head_bak_20260911",X_备份临时,"","","",0,0,0,2,21,0,"备份/改名残留(20260911 面板结构调整前备份,可清理)",""
"RENAME_20260911_173159_rd_instr_use_detail_bak_20260911",X_备份临时,"","","",0,0,0,0,16,0,"备份/改名残留(20260911 面板结构调整前备份,可清理)",""
"RENAME_20260911_173159_rd_instr_use_head_bak_20260911",X_备份临时,"","","",0,0,0,2,10,0,"备份/改名残留(20260911 面板结构调整前备份,可清理)",""
"RENAME_20260911_173159_rd_plan_bak_20260911",X_备份临时,"","","",0,0,0,8,84,0,"备份/改名残留(20260911 面板结构调整前备份,可清理)",""
"RENAME_20260911_173159_rd_plan_detail_bak_20260911",X_备份临时,"","","",0,0,0,0,7,0,"备份/改名残留(20260911 面板结构调整前备份,可清理)",""
"RENAME_20260911_173159_rd_prod_info_detail_bak_20260911",X_备份临时,"","","",0,0,0,0,7,0,"备份/改名残留(20260911 面板结构调整前备份,可清理)",""
"RENAME_20260911_173159_rd_prod_info_head_bak_20260911",X_备份临时,"","","",0,0,0,8,23,0,"备份/改名残留(20260911 面板结构调整前备份,可清理)",""
"RENAME_20260911_173159_rd_spike_water_detail_bak_20260911",X_备份临时,"","","",0,0,0,0,28,0,"备份/改名残留(20260911 面板结构调整前备份,可清理)",""
"RENAME_20260911_173159_rd_spike_water_head_bak_20260911",X_备份临时,"","","",0,0,0,2,10,0,"备份/改名残留(20260911 面板结构调整前备份,可清理)",""
"RENAME_20260911_173159_yj_doc_modify_log_bak_20260911",X_备份临时,"","","",0,0,0,3,14,0,"备份/改名残留(20260911 面板结构调整前备份,可清理)",""
"RENAME_20260911_173159_yj_doc_status_bak_20260911",X_备份临时,"","","",0,0,0,53,26,0,"备份/改名残留(20260911 面板结构调整前备份,可清理)",""
"RENAME_20260911_173205_rd_approval_bak_20260911",X_备份临时,"","","",0,0,0,20,23,0,"备份/改名残留(20260911 面板结构调整前备份,可清理)",""
"RENAME_20260911_173205_rd_approval_detail_bak_20260911",X_备份临时,"","","",0,0,0,0,7,0,"备份/改名残留(20260911 面板结构调整前备份,可清理)",""
"RENAME_20260911_173205_rd_dom_test_detail_bak_20260911",X_备份临时,"","","",0,0,0,0,26,0,"备份/改名残留(20260911 面板结构调整前备份,可清理)",""
"RENAME_20260911_173205_rd_dom_test_head_bak_20260911",X_备份临时,"","","",0,0,0,2,14,0,"备份/改名残留(20260911 面板结构调整前备份,可清理)",""
"RENAME_20260911_173205_rd_equip_use_detail_bak_20260911",X_备份临时,"","","",0,0,0,5,14,0,"备份/改名残留(20260911 面板结构调整前备份,可清理)",""
"RENAME_20260911_173205_rd_equip_use_head_bak_20260911",X_备份临时,"","","",0,0,0,9,10,0,"备份/改名残留(20260911 面板结构调整前备份,可清理)",""
"RENAME_20260911_173205_rd_insp_plan_detail_bak_20260911",X_备份临时,"","","",0,0,0,0,18,0,"备份/改名残留(20260911 面板结构调整前备份,可清理)",""
"RENAME_20260911_173205_rd_insp_plan_head_bak_20260911",X_备份临时,"","","",0,0,0,2,21,0,"备份/改名残留(20260911 面板结构调整前备份,可清理)",""
"RENAME_20260911_173205_rd_instr_use_detail_bak_20260911",X_备份临时,"","","",0,0,0,0,16,0,"备份/改名残留(20260911 面板结构调整前备份,可清理)",""
"RENAME_20260911_173205_rd_instr_use_head_bak_20260911",X_备份临时,"","","",0,0,0,2,10,0,"备份/改名残留(20260911 面板结构调整前备份,可清理)",""
"RENAME_20260911_173205_rd_plan_bak_20260911",X_备份临时,"","","",0,0,0,8,84,0,"备份/改名残留(20260911 面板结构调整前备份,可清理)",""
"RENAME_20260911_173205_rd_plan_detail_bak_20260911",X_备份临时,"","","",0,0,0,0,7,0,"备份/改名残留(20260911 面板结构调整前备份,可清理)",""
"RENAME_20260911_173205_rd_prod_info_detail_bak_20260911",X_备份临时,"","","",0,0,0,0,7,0,"备份/改名残留(20260911 面板结构调整前备份,可清理)",""
"RENAME_20260911_173205_rd_prod_info_head_bak_20260911",X_备份临时,"","","",0,0,0,8,23,0,"备份/改名残留(20260911 面板结构调整前备份,可清理)",""
"RENAME_20260911_173205_rd_spike_water_detail_bak_20260911",X_备份临时,"","","",0,0,0,0,28,0,"备份/改名残留(20260911 面板结构调整前备份,可清理)",""
"RENAME_20260911_173205_rd_spike_water_head_bak_20260911",X_备份临时,"","","",0,0,0,2,10,0,"备份/改名残留(20260911 面板结构调整前备份,可清理)",""
"RENAME_20260911_173205_yj_doc_modify_log_bak_20260911",X_备份临时,"","","",0,0,0,3,14,0,"备份/改名残留(20260911 面板结构调整前备份,可清理)",""
"RENAME_20260911_173205_yj_doc_status_bak_20260911",X_备份临时,"","","",0,0,0,53,26,0,"备份/改名残留(20260911 面板结构调整前备份,可清理)",""
"RENAME_20260911_213754_yj_doc_status_bak_20260911",X_备份临时,"","","",0,0,0,53,26,0,"备份/改名残留(20260911 面板结构调整前备份,可清理)",""
"t1",X_备份临时,"","","",0,0,18,0,3,0,"临时表(可清理)","backend/src/main/java/com/yinjia/mes/config/Sha256.java | tools/gen/gen-db-catalog.cjs | tools/migrate-stock-report-perf.sql"
"t2",X_备份临时,"","","",0,0,51,1,1,0,"临时表(可清理)","backend/src/main/java/com/yinjia/mes/config/Sha256.java | tools/gen/gen-db-catalog.cjs | tools/migrate-batch-link.sql"
"tmp_excel",X_备份临时,"","","",0,71,49,856,24,0,"临时表-EXCEL","tools/gen/gen-db-catalog.cjs | deploy/sync-db-comments.sql"
"tmp_report",X_备份临时,"","","",0,35,25,41,43,0,"临时表-表身","tools/gen/gen-db-catalog.cjs | deploy/sync-db-comments.sql"
"tmp_report_head",X_备份临时,"","","",0,35,25,11,43,0,"临时表-标头","tools/gen/gen-db-catalog.cjs | deploy/sync-db-comments.sql"
"yj_doc_modify_log_bak_20260911",X_备份临时,"","","",0,0,0,3,14,0,"备份/改名残留(20260911 面板结构调整前备份,可清理)",""
"yj_doc_status_bak_20260911",X_备份临时,"","","",0,0,0,2,26,0,"备份/改名残留(20260911 面板结构调整前备份,可清理)",""
