referencing,referencing_kind,referenced
"bd_pu_order",U ,"bd_pu_order"
"bd_so_order",U ,"bd_so_order"
"bs_currency",U ,"bs_currency"
"bs_customer_group",U ,"bs_customer_group"
"bs_dept",U ,"bs_dept"
"bs_emp",U ,"bs_emp"
"bs_inv",U ,"bs_inv"
"bs_inv",U ,"bs_inv"
"bs_material_group",U ,"bs_material_group"
"bs_settle_type",U ,"bs_settle_type"
"bs_supplier_group",U ,"bs_supplier_group"
"bs_uom",U ,"bs_uom"
"bs_wh",U ,"bs_wh"
"dm_gf",U ,"dm_gf"
"dm_kh",U ,"dm_kh"
"rd_dev_task",U ,"rd_dev_task"
"rd_spec_assign",U ,"rd_spec_assign"
"v_dispatch_detail",V ,"bd_dispatch"
"v_dispatch_detail",V ,"bl_dispatch"
"v_dispatch_stats",V ,"bd_dispatch"
"v_dispatch_stats",V ,"bl_dispatch"
"v_dispatch_stats",V ,"yj_doc_status"
"v_finish_in_detail",V ,"bd_finish_in"
"v_finish_in_detail",V ,"bl_finish_in"
"v_finish_in_detail",V ,"yj_doc_status"
"v_finish_in_stats",V ,"bd_finish_in"
"v_finish_in_stats",V ,"bl_finish_in"
"v_finish_in_stats",V ,"yj_doc_status"
"v_line_load",V ,"bs_prod_line"
"v_line_load",V ,"v_manu_schedule"
"v_lot_trace",V ,"bd_finish_in"
"v_lot_trace",V ,"bd_material_out"
"v_lot_trace",V ,"bd_purchase_in"
"v_lot_trace",V ,"bd_sale_out"
"v_lot_trace",V ,"bl_finish_in"
"v_lot_trace",V ,"bl_material_out"
"v_lot_trace",V ,"bl_purchase_in"
"v_lot_trace",V ,"bl_sale_out"
"v_lot_trace",V ,"qc_disposal"
"v_lot_trace",V ,"qc_insp"
"v_lot_trace",V ,"qc_insp_detail"
"v_lot_trace",V ,"qc_op"
"v_lot_trace",V ,"wo_order"
"v_lot_trace",V ,"yj_doc_status"
"v_manu_order_detail",V ,"bd_manu_order"
"v_manu_order_detail",V ,"bl_manu_order"
"v_manu_order_stats",V ,"bd_manu_order"
"v_manu_order_stats",V ,"bl_manu_order"
"v_manu_order_stats",V ,"yj_doc_status"
"v_manu_schedule",V ,"bd_manu_order"
"v_manu_schedule",V ,"bl_manu_order"
"v_manu_schedule",V ,"bl_so_order"
"v_manu_schedule",V ,"bs_inv"
"v_manu_schedule",V ,"bs_partner"
"v_manu_schedule",V ,"bs_prod_line"
"v_manu_schedule",V ,"wo_progress"
"v_manu_schedule",V ,"yj_doc_status"
"v_material_out_detail",V ,"bd_material_out"
"v_material_out_detail",V ,"bl_material_out"
"v_material_out_detail",V ,"yj_doc_status"
"v_material_out_stats",V ,"bd_material_out"
"v_material_out_stats",V ,"bl_material_out"
"v_material_out_stats",V ,"yj_doc_status"
"v_other_in_detail",V ,"bd_other_in"
"v_other_in_detail",V ,"bl_other_in"
"v_other_in_detail",V ,"yj_doc_status"
"v_other_in_stats",V ,"bd_other_in"
"v_other_in_stats",V ,"bl_other_in"
"v_other_in_stats",V ,"yj_doc_status"
"v_other_out_detail",V ,"bd_other_out"
"v_other_out_detail",V ,"bl_other_out"
"v_other_out_detail",V ,"yj_doc_status"
"v_other_out_stats",V ,"bd_other_out"
"v_other_out_stats",V ,"bl_other_out"
"v_other_out_stats",V ,"yj_doc_status"
"v_outsource_in_detail",V ,"bd_outsource_in"
"v_outsource_in_detail",V ,"bl_outsource_in"
"v_outsource_in_stats",V ,"bd_outsource_in"
"v_outsource_in_stats",V ,"bl_outsource_in"
"v_outsource_issue_detail",V ,"bd_outsource_issue"
"v_outsource_issue_detail",V ,"bl_outsource_issue"
"v_outsource_issue_stats",V ,"bd_outsource_issue"
"v_outsource_issue_stats",V ,"bl_outsource_issue"
"v_purchase_in_detail",V ,"bd_purchase_in"
"v_purchase_in_detail",V ,"bl_purchase_in"
"v_purchase_in_detail",V ,"yj_doc_status"
"v_purchase_in_stats",V ,"bd_purchase_in"
"v_purchase_in_stats",V ,"bl_purchase_in"
"v_purchase_in_stats",V ,"yj_doc_status"
"v_sale_out_detail",V ,"bd_sale_out"
"v_sale_out_detail",V ,"bl_sale_out"
"v_sale_out_detail",V ,"yj_doc_status"
"v_sale_out_stats",V ,"bd_sale_out"
"v_sale_out_stats",V ,"bl_sale_out"
"v_sale_out_stats",V ,"yj_doc_status"
"v_sales_order_detail",V ,"bd_so_order"
"v_sales_order_detail",V ,"bl_so_order"
"v_sales_order_detail",V ,"yj_doc_status"
"v_sales_order_stats",V ,"bd_so_order"
"v_sales_order_stats",V ,"bl_so_order"
"v_sales_order_stats",V ,"yj_doc_status"
"v_stock_balance",V ,"inv_cost_ledger"
"v_stock_balance",V ,"v_stock_movement"
"v_stock_ledger",V ,"inv_cost_ledger"
"v_stock_ledger",V ,"v_stock_movement"
"v_stock_movement",V ,"bd_finish_in"
"v_stock_movement",V ,"bd_material_out"
"v_stock_movement",V ,"bd_other_in"
"v_stock_movement",V ,"bd_other_out"
"v_stock_movement",V ,"bd_outsource_in"
"v_stock_movement",V ,"bd_outsource_issue"
"v_stock_movement",V ,"bd_purchase_in"
"v_stock_movement",V ,"bd_sale_out"
"v_stock_movement",V ,"bl_finish_in"
"v_stock_movement",V ,"bl_material_out"
"v_stock_movement",V ,"bl_other_in"
"v_stock_movement",V ,"bl_other_out"
"v_stock_movement",V ,"bl_outsource_in"
"v_stock_movement",V ,"bl_outsource_issue"
"v_stock_movement",V ,"bl_purchase_in"
"v_stock_movement",V ,"bl_sale_out"
"v_stock_movement",V ,"bs_wh"
"v_stock_summary",V ,"v_stock_ledger"
"v_wo_kit",V ,"bd_manu_order"
"v_wo_kit",V ,"bl_manu_order"
"v_wo_kit",V ,"bs_bom"
"v_wo_kit",V ,"kucun"
"v_wo_kit",V ,"yj_doc_status"
"v_wo_schedule",V ,"wo_order"
"v_wo_schedule",V ,"wo_progress"
"v_wo_schedule",V ,"yj_doc_status"
"VIEW_barcord",V ,"dm_wz"
"VIEW_barcord",V ,"kucun"
"View_BOM",V ,"dm_wz"
"View_BOM",V ,"dm_ywy"
"View_BOM",V ,"mate"
"VIEW_CK",V ,"dm_ck"
"VIEW_CK",V ,"outh"
"VIEW_CK",V ,"users"
"View_CRK",V ,"VIEW_CK"
"View_CRK",V ,"VIEW_RK"
"View_FKZE",V ,"xsdh"
"View_GX",V ,"dm_gx"
"VIEW_inh",V ,"dm_ck"
"VIEW_inh",V ,"dm_gf"
"VIEW_inh",V ,"dm_wz"
"VIEW_inh",V ,"dm_ywy"
"VIEW_inh",V ,"inh"
"VIEW_kucun",V ,"dm_ck"
"VIEW_kucun",V ,"dm_wz"
"VIEW_kucun",V ,"kucun"
"View_llrk00",V ,"inh"
"View_llrk01",V ,"dm_kh"
"View_llrk01",V ,"dm_khzl"
"View_llrk01",V ,"View_llrk00"
"View_llrk01",V ,"View_llrk02"
"View_llrk01",V ,"View_llrk03"
"View_llrk01",V ,"View_llrk04"
"View_llrk01",V ,"View_llrk05"
"View_llrk01",V ,"View_llrk06"
"View_llrk01",V ,"View_llrk07"
"View_llrk01",V ,"View_llrk08"
"View_llrk01A",V ,"dm_kh"
"View_llrk01A",V ,"dm_khzl"
"View_llrk01A",V ,"View_llrk00"
"View_llrk01A",V ,"View_llrk02A"
"View_llrk01A",V ,"View_llrk03A"
"View_llrk01A",V ,"View_llrk04A"
"View_llrk01A",V ,"View_llrk05A"
"View_llrk01A",V ,"View_llrk06A"
"View_llrk01A",V ,"View_llrk07A"
"View_llrk01A",V ,"View_llrk08"
"View_llrk02",V ,"inh"
"View_llrk02A",V ,"inh"
"View_llrk03",V ,"inh"
"View_llrk03A",V ,"inh"
"View_llrk04",V ,"inh"
"View_llrk04A",V ,"inh"
"View_llrk05",V ,"outh"
"View_llrk05A",V ,"outh"
"View_llrk06",V ,"outh"
"View_llrk06A",V ,"outh"
"View_llrk07",V ,"outh"
"View_llrk07A",V ,"outh"
"View_llrk08",V ,"kucun"
"View_od_cost",V ,"dm_wz"
"View_od_cost",V ,"order1"
"View_od_cost",V ,"View_od_cost1"
"View_od_cost",V ,"View_od_cost2"
"View_od_cost",V ,"View_od_cost3"
"View_od_cost",V ,"View_od_cost4"
"View_od_cost1",V ,"Porder"
"View_od_cost2",V ,"dh"
"View_od_cost3",V ,"plang"
"View_od_cost3",V ,"scjl"
"View_od_cost3",V ,"View_GX"
"View_od_cost4",V ,"outh"
"View_od_sqdchl",V ,"chsq"
"View_od_sqdchl",V ,"outh"
"View_OD_WLQTY1",V ,"dm_kh"
"View_OD_WLQTY1",V ,"dm_wz"
"View_OD_WLQTY1",V ,"dm_ywy"
"View_OD_WLQTY1",V ,"mate"
"View_OD_WLQTY1",V ,"order1"
"View_OD_WLQTY2",V ,"Porder"
"View_OD_WLQTY3",V ,"inh"
"View_OD_WLQTY4",V ,"outh"
"View_OD_WLQTY41",V ,"outh"
"View_OD_WLQTY5",V ,"inh"
"View_OD_WLQTY5",V ,"mate"
"View_OD_WLQTY6",V ,"VIEW_QTY"
"View_OD_WLQTY7",V ,"inh"
"View_OD_WLQTY7",V ,"mate"
"View_OD_WLQTY9",V ,"View_OD_WLQTY1"
"View_OD_WLQTY9",V ,"View_OD_WLQTY2"
"View_OD_WLQTY9",V ,"View_OD_WLQTY3"
"View_OD_WLQTY9",V ,"View_OD_WLQTY4"
"View_OD_WLQTY9",V ,"View_OD_WLQTY41"
"View_OD_WLQTY9",V ,"View_OD_WLQTY5"
"View_OD_WLQTY9",V ,"View_OD_WLQTY6"
"View_OD_WLQTY9",V ,"View_OD_WLQTY7"
"VIEW_odqty",V ,"dm_kh"
"VIEW_odqty",V ,"dm_wz"
"VIEW_odqty",V ,"dm_ywy"
"VIEW_odqty",V ,"order1"
"VIEW_odqty",V ,"View_odqty1"
"VIEW_odqty",V ,"View_odqty2"
"VIEW_odqty",V ,"View_odqty3"
"View_odqty1",V ,"outh"
"View_odqty2",V ,"inh"
"View_odqty3",V ,"inh"
"VIEW_order",V ,"dm_wz"
"VIEW_order",V ,"order1"
"VIEW_outh",V ,"dm_ck"
"VIEW_outh",V ,"dm_kh"
"VIEW_outh",V ,"dm_wz"
"VIEW_outh",V ,"dm_ywy"
"VIEW_outh",V ,"order1"
"VIEW_outh",V ,"outh"
"VIEW_pandian",V ,"dm_ck"
"VIEW_pandian",V ,"dm_wz"
"VIEW_pandian",V ,"pandian"
"View_pcqty",V ,"order_bs"
"View_pcqty",V ,"plang_pc"
"VIEW_podyl",V ,"dm_gf"
"VIEW_podyl",V ,"dm_wz"
"VIEW_podyl",V ,"Porder"
"VIEW_podyl",V ,"VIEW_podyl1"
"VIEW_podyl1",V ,"inh"
"View_Porder",V ,"dm_gf"
"View_Porder",V ,"dm_wz"
"View_Porder",V ,"dm_ywy"
"View_Porder",V ,"Porder"
"VIEW_QTY",V ,"VIEW_QTY3"
"VIEW_QTY1",V ,"VIEW_CK"
"VIEW_QTY1",V ,"VIEW_RK"
"VIEW_QTY2",V ,"outh"
"VIEW_QTY2",V ,"VIEW_RK"
"VIEW_QTY3",V ,"VIEW_QTY1"
"VIEW_QTY3",V ,"VIEW_QTY2"
"VIEW_RK",V ,"dm_ck"
"VIEW_RK",V ,"inh"
"VIEW_RK",V ,"users"
"View_SCGD",V ,"dm_wz"
"View_SCGD",V ,"dm_ywy"
"View_SCGD",V ,"plang"
"View_SCX",V ,"dm_gx"
"View_SKZE",V ,"xsdh"
"View_WB_WLQTY1",V ,"dh"
"View_WB_WLQTY1",V ,"dm_gf"
"View_WB_WLQTY1",V ,"dm_wz"
"View_WB_WLQTY1",V ,"dm_ywy"
"View_WB_WLQTY1",V ,"mate"
"View_WB_WLQTY2",V ,"outh"
"View_WB_WLQTY3",V ,"inh"
"View_WB_WLQTY3",V ,"mate"
"View_WB_WLQTY9",V ,"View_WB_WLQTY1"
"View_WB_WLQTY9",V ,"View_WB_WLQTY2"
"View_WB_WLQTY9",V ,"View_WB_WLQTY3"
"VIEW_zc",V ,"dm_ck"
"VIEW_zc",V ,"dm_wz"
"VIEW_zc",V ,"dm_ywy"
"VIEW_zc",V ,"zc"
"View_ZZPQTY",V ,"View_ZZPQTY0"
"View_ZZPQTY",V ,"View_ZZPQTY1"
"View_ZZPQTY",V ,"View_ZZPQTY2"
"View_ZZPQTY",V ,"View_ZZPQTY4"
"View_ZZPQTY",V ,"View_ZZPQTY5"
"View_ZZPQTY",V ,"View_ZZPQTY6"
"View_ZZPQTY",V ,"View_ZZPQTY7"
"View_ZZPQTY",V ,"View_ZZPQTY8"
"View_ZZPQTY0",V ,"mate"
"View_ZZPQTY0",V ,"order1"
"View_ZZPQTY1",V ,"dm_wz"
"View_ZZPQTY1",V ,"VIEW_QTY"
"View_ZZPQTY2",V ,"pd_zzp"
"View_ZZPQTY3",V ,"pd_zzprq"
"View_ZZPQTY4",V ,"outh"
"View_ZZPQTY4",V ,"View_ZZPQTY3"
"View_ZZPQTY5",V ,"inh"
"View_ZZPQTY5",V ,"mate"
"View_ZZPQTY5",V ,"View_ZZPQTY3"
"View_ZZPQTY6",V ,"outh"
"View_ZZPQTY6",V ,"View_ZZPQTY3"
"View_ZZPQTY7",V ,"outh"
"View_ZZPQTY7",V ,"View_ZZPQTY3"
"View_ZZPQTY8",V ,"outh"
"View_ZZPQTY8",V ,"View_ZZPQTY3"
"yj_doc_batch",U ,"yj_doc_batch"
"yj_doc_batch",U ,"yj_doc_batch"
"yj_doc_batch",U ,"yj_doc_batch"
