table,class,rows,cols,verdict,sql_refs_biz,mentions,referencing_views,retired_panels,sample_files
"dm_ywy",C_仅下架面板挂靠,13,100,DROP_存活视图失效(视图自身未在用),0,196,"View_BOM VIEW_inh View_OD_WLQTY1 VIEW_odqty VIEW_outh View_Porder View_SCGD View_WB_WLQTY1 VIEW_zc","YWYDA","tools/gen/gen-legacy-compat.cjs | tools/legacy-hsdz-compat.sql | tools/setup-db.sql"
"erp_imp_row",C_仅下架面板挂靠,0,16,DROP_仅注释/字符串提及,0,34,"","ERPLG_ROW","tools/gen/gen-db-catalog.cjs | tools/migrate-basedata.sql | tools/migrate-golive-cleanup.sql"
"pr_asm_daily",C_仅下架面板挂靠,0,17,DROP_仅注释/字符串提及,0,69,"","PR_ASM_DAILY","tools/migrate-phase23-forms-batch2.sql | tools/migrate-table-comments.sql | deploy/pkg-incr-20260922c/tools/migrate-phase23-forms-batch2.sql"
"pr_asm_incoming",C_仅下架面板挂靠,0,18,DROP_仅注释/字符串提及,0,75,"","PR_ASM_INCOMING","tools/migrate-phase23-forms.sql | tools/migrate-table-comments.sql | deploy/pkg-incr-20260922c/tools/migrate-phase23-forms.sql"
"pr_asm_return",C_仅下架面板挂靠,0,15,DROP_仅注释/字符串提及,0,61,"","PR_ASM_RETURN","tools/migrate-phase23-forms-batch2.sql | tools/migrate-table-comments.sql | deploy/pkg-incr-20260922c/tools/migrate-phase23-forms-batch2.sql"
"pr_black_test",C_仅下架面板挂靠,0,15,DROP_仅注释/字符串提及,0,61,"","PR_BLACK_TEST","tools/migrate-phase23-forms-batch2.sql | tools/migrate-table-comments.sql | deploy/pkg-incr-20260922c/tools/migrate-phase23-forms-batch2.sql"
"pr_cut_daily",C_仅下架面板挂靠,0,19,DROP_仅注释/字符串提及,0,79,"","PR_CUT_DAILY","tools/migrate-phase23-forms.sql | tools/migrate-table-comments.sql | deploy/pkg-incr-20260922c/tools/migrate-phase23-forms.sql"
"pr_demold_qc",C_仅下架面板挂靠,0,16,DROP_仅注释/字符串提及,0,65,"","PR_DEMOLD_QC","tools/migrate-phase23-forms-batch2.sql | tools/migrate-table-comments.sql | deploy/pkg-incr-20260922c/tools/migrate-phase23-forms-batch2.sql"
"pr_efficiency",C_仅下架面板挂靠,0,13,DROP_仅注释/字符串提及,0,53,"","PR_EFFICIENCY","tools/migrate-phase23-forms-batch2.sql | tools/migrate-table-comments.sql | deploy/pkg-incr-20260922c/tools/migrate-phase23-forms-batch2.sql"
"pr_flow_card",C_仅下架面板挂靠,0,19,DROP_仅注释/字符串提及,0,77,"","PR_FLOW_CARD","tools/migrate-phase23-forms-batch2.sql | tools/migrate-table-comments.sql | deploy/pkg-incr-20260922c/tools/migrate-phase23-forms-batch2.sql"
"pr_form_daily",C_仅下架面板挂靠,0,17,DROP_仅注释/字符串提及,0,69,"","PR_FORM_DAILY","tools/migrate-phase23-forms-batch2.sql | tools/migrate-table-comments.sql | deploy/pkg-incr-20260922c/tools/migrate-phase23-forms-batch2.sql"
"pr_form_first",C_仅下架面板挂靠,0,18,DROP_仅注释/字符串提及,0,75,"","PR_FORM_FIRST","tools/migrate-phase23-forms.sql | tools/migrate-table-comments.sql | deploy/pkg-incr-20260922c/tools/migrate-phase23-forms.sql"
"pr_maintenance",C_仅下架面板挂靠,0,15,DROP_仅注释/字符串提及,0,61,"","PR_MAINTENANCE","tools/migrate-phase23-forms-batch2.sql | tools/migrate-table-comments.sql | deploy/pkg-incr-20260922c/tools/migrate-phase23-forms-batch2.sql"
"pr_mat_inspect",C_仅下架面板挂靠,0,17,DROP_仅注释/字符串提及,0,69,"","PR_MAT_INSPECT","tools/migrate-phase23-forms-batch2.sql | tools/migrate-table-comments.sql | deploy/pkg-incr-20260922c/tools/migrate-phase23-forms-batch2.sql"
"pr_mix_blend",C_仅下架面板挂靠,0,14,DROP_仅注释/字符串提及,0,57,"","PR_MIX_BLEND","tools/migrate-phase23-forms-batch2.sql | tools/migrate-table-comments.sql | deploy/pkg-incr-20260922c/tools/migrate-phase23-forms-batch2.sql"
"pr_mix_check",C_仅下架面板挂靠,0,15,DROP_仅注释/字符串提及,0,61,"","PR_MIX_CHECK","tools/migrate-phase23-forms-batch2.sql | tools/migrate-table-comments.sql | deploy/pkg-incr-20260922c/tools/migrate-phase23-forms-batch2.sql"
"pr_mix_confirm",C_仅下架面板挂靠,0,18,DROP_仅注释/字符串提及,0,73,"","PR_MIX_CONFIRM","tools/migrate-phase23-forms.sql | tools/migrate-table-comments.sql | deploy/pkg-incr-20260922c/tools/migrate-phase23-forms.sql"
"pr_mix_daily",C_仅下架面板挂靠,0,16,DROP_仅注释/字符串提及,0,66,"","PR_MIX_DAILY","tools/migrate-phase23-forms-batch2.sql | tools/migrate-table-comments.sql | tools/_probe-report-rollout-sample.sql"
"pr_mix_feed",C_仅下架面板挂靠,0,14,DROP_仅注释/字符串提及,0,57,"","PR_MIX_FEED","tools/migrate-phase23-forms-batch2.sql | tools/migrate-table-comments.sql | deploy/pkg-incr-20260922c/tools/migrate-phase23-forms-batch2.sql"
"pr_mix_granule",C_仅下架面板挂靠,0,16,DROP_仅注释/字符串提及,0,65,"","PR_MIX_GRANULE","tools/migrate-phase23-forms-batch2.sql | tools/migrate-table-comments.sql | deploy/pkg-incr-20260922c/tools/migrate-phase23-forms-batch2.sql"
"pr_mix_process",C_仅下架面板挂靠,0,15,DROP_仅注释/字符串提及,0,61,"","PR_MIX_PROCESS","tools/migrate-phase23-forms-batch2.sql | tools/migrate-table-comments.sql | deploy/pkg-incr-20260922c/tools/migrate-phase23-forms-batch2.sql"
"pr_no_black",C_仅下架面板挂靠,0,15,DROP_仅注释/字符串提及,0,61,"","PR_NO_BLACK","tools/migrate-phase23-forms-batch2.sql | tools/migrate-table-comments.sql | deploy/pkg-incr-20260922c/tools/migrate-phase23-forms-batch2.sql"
"pr_pack_confirm",C_仅下架面板挂靠,0,17,DROP_仅注释/字符串提及,0,69,"","PR_PACK_CONFIRM","tools/migrate-phase23-forms.sql | tools/migrate-table-comments.sql | deploy/pkg-incr-20260922c/tools/migrate-phase23-forms.sql"
"pr_patrol_qc",C_仅下架面板挂靠,0,15,DROP_仅注释/字符串提及,0,61,"","PR_PATROL_QC","tools/migrate-phase23-forms-batch2.sql | tools/migrate-table-comments.sql | deploy/pkg-incr-20260922c/tools/migrate-phase23-forms-batch2.sql"
"pr_qc_control",C_仅下架面板挂靠,0,14,DROP_仅注释/字符串提及,0,57,"","PR_QC_CONTROL","tools/migrate-phase23-forms-batch2.sql | tools/migrate-table-comments.sql | deploy/pkg-incr-20260922c/tools/migrate-phase23-forms-batch2.sql"
"pr_scrap",C_仅下架面板挂靠,0,16,DROP_仅注释/字符串提及,0,73,"","PR_SCRAP","tools/migrate-db-norm-cleanup.sql | tools/migrate-phase23-forms-batch2.sql | tools/migrate-server-parity-20260928.sql"
"pr_sinter_qc",C_仅下架面板挂靠,0,18,DROP_仅注释/字符串提及,0,73,"","PR_SINTER_QC","tools/migrate-phase23-forms-batch2.sql | tools/migrate-table-comments.sql | deploy/pkg-incr-20260922c/tools/migrate-phase23-forms-batch2.sql"
"wo_line_stock",C_仅下架面板挂靠,0,32,DROP_仅注释/字符串提及,0,28,"","WO_LINE","tools/gen/gen-db-catalog.cjs | tools/migrate-golive-cleanup.sql | tools/migrate-phase23-production.sql"
"wo_material_pick",C_仅下架面板挂靠,0,35,DROP_仅注释/字符串提及,0,32,"","WO_PICK","tools/gen/gen-db-catalog.cjs | tools/migrate-golive-cleanup.sql | tools/migrate-phase23-production.sql"
"wo_stage_report",C_仅下架面板挂靠,0,39,DROP_仅注释/字符串提及,0,45,"","WO_STAGE","tools/gen/gen-db-catalog.cjs | tools/migrate-golive-cleanup.sql | tools/migrate-phase23-production.sql"
"area_city",D_有数据无引用,365,7,DROP_仅注释/字符串提及,0,16,"","","deploy/sync-db-comments.sql"
"area_code",D_有数据无引用,3524,3,DROP_仅注释/字符串提及,0,8,"","","deploy/sync-db-comments.sql"
"area_country",D_有数据无引用,248,11,DROP_仅注释/字符串提及,0,24,"","","deploy/sync-db-comments.sql"
"area_district",D_有数据无引用,2927,7,DROP_仅注释/字符串提及,0,16,"","","deploy/sync-db-comments.sql"
"area_province",D_有数据无引用,34,8,DROP_仅注释/字符串提及,0,18,"","","deploy/sync-db-comments.sql"
"bacord",D_有数据无引用,20,17,DROP_仅注释/字符串提及,0,32,"","","deploy/sync-db-comments.sql"
"bxsq",D_有数据无引用,1,40,DROP_仅注释/字符串提及,0,80,"","","deploy/sync-db-comments.sql"
"chdcmx",D_有数据无引用,3,52,DROP_仅注释/字符串提及,0,94,"","","deploy/sync-db-comments.sql"
"chsq",D_有数据无引用,2,51,DROP_存活视图失效(视图自身未在用),0,103,"View_od_sqdchl","","tools/migrate-kucun-ckdm-widen-20260924.sql | deploy/sync-db-comments.sql"
"chtz",D_有数据无引用,1,51,DROP_仅注释/字符串提及,0,92,"","","deploy/sync-db-comments.sql"
"computer",D_有数据无引用,2,15,DROP_仅注释/字符串提及,0,30,"","","deploy/sync-db-comments.sql"
"dh",D_有数据无引用,232,33,DROP_存活视图失效(视图自身未在用),0,111,"View_od_cost2 View_WB_WLQTY1","","backend/src/main/java/com/yinjia/mes/service/FormNoService.java | tools/fix-s-allno-ny.sql | tools/legacy-hsdz-compat.sql"
"dm_fylb",D_有数据无引用,16,17,DROP_仅注释/字符串提及,0,34,"","","deploy/sync-db-comments.sql"
"dm_gfjj",D_有数据无引用,4,34,DROP_仅注释/字符串提及,0,68,"","","deploy/sync-db-comments.sql"
"dm_gx",D_有数据无引用,206,41,DROP_存活视图失效(视图自身未在用),0,95,"View_GX View_SCX","","tools/deploy-all.sql | tools/fix-db-restore-20260915.sql | tools/fix-zdgl-perf.sql"
"dm_gz",D_有数据无引用,38,15,DROP_仅注释/字符串提及,0,30,"","","deploy/sync-db-comments.sql"
"dm_jjlb",D_有数据无引用,11,14,DROP_仅注释/字符串提及,0,30,"","","deploy/sync-db-comments.sql"
"dm_key",D_有数据无引用,5,18,DROP_仅注释/字符串提及,0,38,"","","tools/gen/gen-db-catalog.cjs | deploy/sync-db-comments.sql"
"dm_khgjjl",D_有数据无引用,1,21,DROP_仅注释/字符串提及,0,42,"","","deploy/sync-db-comments.sql"
"dm_khlxr",D_有数据无引用,4,20,DROP_仅注释/字符串提及,0,36,"","","deploy/sync-db-comments.sql"
"dm_khsj",D_有数据无引用,9,33,DROP_仅注释/字符串提及,0,66,"","","deploy/sync-db-comments.sql"
"dm_khzl",D_有数据无引用,73,87,DROP_存活视图失效(视图自身未在用),0,174,"View_llrk01 View_llrk01A","","deploy/sync-db-comments.sql"
"dm_ks",D_有数据无引用,27,16,DROP_仅注释/字符串提及,0,32,"","","deploy/sync-db-comments.sql"
"dm_langue",D_有数据无引用,15,22,DROP_仅注释/字符串提及,0,31,"","","tools/gen/gen-db-catalog.cjs | deploy/sync-db-comments.sql"
"dm_py",D_有数据无引用,6764,15,DROP_仅注释/字符串提及,0,24,"","","tools/gen/gen-db-catalog.cjs | tools/migrate-table-comments.sql | deploy/sync-db-comments.sql"
"dm_style",D_有数据无引用,2,28,DROP_仅注释/字符串提及,0,52,"","","deploy/sync-db-comments.sql"
"dm_tax",D_有数据无引用,6,17,DROP_仅注释/字符串提及,0,34,"","","deploy/sync-db-comments.sql"
"dm_wzlb",D_有数据无引用,5,14,DROP_仅注释/字符串提及,0,26,"","","deploy/sync-db-comments.sql"
"dm_xl",D_有数据无引用,1,15,DROP_仅注释/字符串提及,0,30,"","","deploy/sync-db-comments.sql"
"dm_yh",D_有数据无引用,10,21,DROP_仅注释/字符串提及,0,38,"","","deploy/sync-db-comments.sql"
"dm_ywylb",D_有数据无引用,2,15,DROP_仅注释/字符串提及,0,26,"","","deploy/sync-db-comments.sql"
"dm_zjfl",D_有数据无引用,1,20,DROP_仅注释/字符串提及,0,40,"","","deploy/sync-db-comments.sql"
"dm_zw",D_有数据无引用,1,15,DROP_仅注释/字符串提及,0,30,"","","deploy/sync-db-comments.sql"
"flash",D_有数据无引用,6,18,DROP_仅注释/字符串提及,0,41,"","","frontend/src/core/views/QcInspReqSheet.vue | frontend/src/i18n/locales/en.js | tools/migrate-qc-insp-req.sql"
"gscs",D_有数据无引用,1,55,DROP_仅注释/字符串提及,0,77,"","","tools/gen/gen-db-catalog.cjs | deploy/sync-db-comments.sql"
"gzzc",D_有数据无引用,40,19,DROP_仅注释/字符串提及,0,38,"","","deploy/sync-db-comments.sql"
"Invoice",D_有数据无引用,4,45,DROP_仅注释/字符串提及,0,87,"","","tools/migrate-kingdee-archive-fields.sql | tools/migrate-so-extra-cols.sql | tools/migrate-yj-translation-dedupe.sql"
"kjkm",D_有数据无引用,652,23,DROP_仅注释/字符串提及,0,58,"","","deploy/sync-db-comments.sql"
"kmye",D_有数据无引用,29,18,DROP_仅注释/字符串提及,0,36,"","","deploy/sync-db-comments.sql"
"kqewm",D_有数据无引用,2,15,DROP_仅注释/字符串提及,0,30,"","","deploy/sync-db-comments.sql"
"kqjjr",D_有数据无引用,6,16,DROP_仅注释/字符串提及,0,32,"","","deploy/sync-db-comments.sql"
"kqyc",D_有数据无引用,1,20,DROP_仅注释/字符串提及,0,40,"","","deploy/sync-db-comments.sql"
"odprice_bs",D_有数据无引用,39,112,DROP_仅注释/字符串提及,0,224,"","","deploy/sync-db-comments.sql"
"odprice_bt",D_有数据无引用,14,65,DROP_仅注释/字符串提及,0,130,"","","deploy/sync-db-comments.sql"
"OdSample_bs",D_有数据无引用,4,25,DROP_仅注释/字符串提及,0,50,"","","deploy/sync-db-comments.sql"
"OdSample_wl",D_有数据无引用,40,32,DROP_仅注释/字符串提及,0,64,"","","deploy/sync-db-comments.sql"
"OrderSample",D_有数据无引用,2,45,DROP_仅注释/字符串提及,0,90,"","","deploy/sync-db-comments.sql"
"permission",D_有数据无引用,1529,18,DROP_仅注释/字符串提及,0,40,"","","backend/src/main/java/com/yinjia/mes/controller/SysAdminController.java | backend/src/main/java/com/yinjia/mes/service/PanelRegistry.java | frontend/src/i18n/locales/en.js"
"pjjl",D_有数据无引用,6,53,DROP_仅注释/字符串提及,0,107,"","","tools/migrate-qc-insp-fields.sql | deploy/sync-db-comments.sql"
"pzfk",D_有数据无引用,2,24,DROP_仅注释/字符串提及,0,48,"","","deploy/sync-db-comments.sql"
"qkd",D_有数据无引用,1,45,DROP_仅注释/字符串提及,0,80,"","","deploy/sync-db-comments.sql"
"s_commdata",D_有数据无引用,712,28,DROP_仅注释/字符串提及,0,56,"","","deploy/sync-db-comments.sql"
"s_error",D_有数据无引用,2,19,DROP_仅注释/字符串提及,0,38,"","","deploy/sync-db-comments.sql"
"s_remoteprint",D_有数据无引用,43,28,DROP_仅注释/字符串提及,0,56,"","","deploy/sync-db-comments.sql"
"s_repformat",D_有数据无引用,56,23,DROP_仅注释/字符串提及,0,46,"","","deploy/sync-db-comments.sql"
"s_roles",D_有数据无引用,189,18,DROP_仅注释/字符串提及,0,36,"","","deploy/sync-db-comments.sql"
"s_rzxz",D_有数据无引用,4,15,DROP_仅注释/字符串提及,0,30,"","","deploy/sync-db-comments.sql"
"s_screen",D_有数据无引用,113,17,DROP_仅注释/字符串提及,0,34,"","","deploy/sync-db-comments.sql"
"s_SelWhere",D_有数据无引用,4,23,DROP_仅注释/字符串提及,0,47,"","","tools/migrate-table-comments.sql | deploy/sync-db-comments.sql"
"s_sys",D_有数据无引用,5660,46,DROP_仅注释/字符串提及,0,94,"","","deploy/sync-db-comments.sql"
"s_xtcs",D_有数据无引用,14,17,DROP_仅注释/字符串提及,0,35,"","","tools/gen/gen-db-catalog.cjs | deploy/sync-db-comments.sql"
"s_ycdy",D_有数据无引用,23,27,DROP_仅注释/字符串提及,0,56,"","","deploy/sync-db-comments.sql"
"setdate",D_有数据无引用,1,16,DROP_仅注释/字符串提及,0,39,"","","frontend/src/core/views/SelectVoucherDialog.vue | deploy/sync-db-comments.sql"
"sfkcz",D_有数据无引用,4,25,DROP_仅注释/字符串提及,0,50,"","","deploy/sync-db-comments.sql"
"sfkmx",D_有数据无引用,6,21,DROP_仅注释/字符串提及,0,42,"","","deploy/sync-db-comments.sql"
"users",D_有数据无引用,5,38,DROP_存活视图失效(视图自身未在用),0,117,"VIEW_CK VIEW_RK","","backend/src/main/java/com/yinjia/mes/controller/PxController.java | backend/src/main/java/com/yinjia/mes/controller/SysAdminController.java | backend/src/main/java/com/yinjia/mes/service/ButtonService.java"
"wbgd",D_有数据无引用,4,39,DROP_仅注释/字符串提及,0,78,"","","deploy/sync-db-comments.sql"
"xsdh",D_有数据无引用,3,22,DROP_存活视图失效(视图自身未在用),0,39,"View_FKZE View_SKZE","","tools/migrate-table-comments.sql | deploy/sync-db-comments.sql"
"yj_schema_log",D_有数据无引用,329,3,DROP_仅注释/字符串提及,0,14,"","","tools/DbInit.java | tools/DbSync.java | tools/dump-schema-log.sql"
"rd_alkaline",E_空表_MES未接线,0,19,DROP_仅注释/字符串提及,0,149,"","","backend/src/main/java/com/yinjia/mes/service/ButtonService.java | frontend/src/business/menus.js | frontend/src/core/views/recordSheetConfigs.docno.test.js"
"rd_antibact",E_空表_MES未接线,0,19,DROP_仅注释/字符串提及,0,125,"","","backend/src/main/java/com/yinjia/mes/service/ButtonService.java | frontend/src/business/menus.js | frontend/src/core/views/recordSheetConfigs.js"
"rd_asm_bom",E_空表_MES未接线,0,18,DROP_仅注释/字符串提及,0,165,"","","backend/src/main/java/com/yinjia/mes/service/ButtonService.java | backend/src/main/java/com/yinjia/mes/service/DevTaskService.java | frontend/src/business/menus.js"
"rd_asm_proc",E_空表_MES未接线,0,16,DROP_仅注释/字符串提及,0,274,"","","backend/src/main/java/com/yinjia/mes/service/ButtonService.java | backend/src/main/java/com/yinjia/mes/service/DevTaskService.java | frontend/src/business/menus.js"
"rd_dom_test",E_空表_MES未接线,0,22,DROP_仅注释/字符串提及,0,135,"","","backend/src/main/java/com/yinjia/mes/service/ButtonService.java | frontend/src/business/menus.js | frontend/src/core/views/recordSheetConfigs.js"
"rd_drop_prec",E_空表_MES未接线,0,18,DROP_仅注释/字符串提及,0,128,"","","backend/src/main/java/com/yinjia/mes/service/ButtonService.java | frontend/src/business/menus.js | frontend/src/core/views/recordSheetConfigs.docno.test.js"
"rd_equip_use",E_空表_MES未接线,0,20,DROP_仅注释/字符串提及,0,92,"","","backend/src/main/java/com/yinjia/mes/service/ButtonService.java | frontend/src/business/menus.js | frontend/src/core/views/recordSheetConfigs.js"
"rd_filter_eff",E_空表_MES未接线,0,20,DROP_仅注释/字符串提及,0,254,"","","backend/src/main/java/com/yinjia/mes/service/ButtonService.java | frontend/src/business/menus.js | frontend/src/core/panel/docDefaults.js"
"rd_insp_plan",E_空表_MES未接线,0,18,DROP_仅注释/字符串提及,0,227,"","","backend/src/main/java/com/yinjia/mes/controller/PxController.java | backend/src/main/java/com/yinjia/mes/service/ButtonService.java | backend/src/main/java/com/yinjia/mes/service/DevTaskService.java"
"rd_instr_use",E_空表_MES未接线,0,21,DROP_仅注释/字符串提及,0,100,"","","backend/src/main/java/com/yinjia/mes/service/ButtonService.java | frontend/src/business/menus.js | frontend/src/core/views/recordSheetConfigs.js"
"rd_mineral",E_空表_MES未接线,0,19,DROP_仅注释/字符串提及,0,122,"","","backend/src/main/java/com/yinjia/mes/service/ButtonService.java | frontend/src/business/menus.js | frontend/src/core/views/recordSheetConfigs.docno.test.js"
"rd_mold_formula",E_空表_MES未接线,0,16,DROP_仅注释/字符串提及,0,125,"","","backend/src/main/java/com/yinjia/mes/service/ButtonService.java | backend/src/main/java/com/yinjia/mes/service/DevTaskService.java | frontend/src/business/menus.js"
"rd_mold_proc",E_空表_MES未接线,0,19,DROP_仅注释/字符串提及,0,393,"","","backend/src/main/java/com/yinjia/mes/service/ButtonService.java | backend/src/main/java/com/yinjia/mes/service/DevTaskService.java | frontend/src/business/menus.js"
"rd_product_info",E_空表_MES未接线,0,17,DROP_仅注释/字符串提及,0,15,"","","tools/deploy-all.sql | tools/migrate-golive-cleanup.sql | tools/migrate-table-comments.sql"
"rd_ro_protect",E_空表_MES未接线,0,18,DROP_仅注释/字符串提及,0,134,"","","backend/src/main/java/com/yinjia/mes/service/ButtonService.java | frontend/src/business/menus.js | frontend/src/core/views/recordSheetConfigs.docno.test.js"
"rd_scale",E_空表_MES未接线,0,19,DROP_仅注释/字符串提及,0,134,"","","backend/src/main/java/com/yinjia/mes/service/ButtonService.java | frontend/src/business/menus.js | frontend/src/core/views/recordSheetConfigs.docno.test.js"
"rd_soak",E_空表_MES未接线,0,19,DROP_仅注释/字符串提及,0,158,"","","backend/src/main/java/com/yinjia/mes/service/ButtonService.java | frontend/src/business/menus.js | frontend/src/core/views/recordSheetConfigs.docno.test.js"
"rd_spec_doc",E_空表_MES未接线,0,18,DROP_仅注释/字符串提及,0,306,"","","backend/src/main/java/com/yinjia/mes/controller/PxController.java | backend/src/main/java/com/yinjia/mes/service/ButtonService.java | backend/src/main/java/com/yinjia/mes/service/DevTaskService.java"
"rd_spike_water",E_空表_MES未接线,0,18,DROP_仅注释/字符串提及,0,114,"","","backend/src/main/java/com/yinjia/mes/service/ButtonService.java | frontend/src/business/menus.js | frontend/src/core/views/recordSheetConfigs.js"
"wo_report",E_空表_MES未接线,0,17,DROP_仅注释/字符串提及,0,171,"","","backend/src/main/java/com/yinjia/mes/panel/ManuFirstArticleHandler.java | backend/src/main/java/com/yinjia/mes/service/ButtonService.java | backend/src/main/java/com/yinjia/mes/service/WoReportService.java"
"address",F_空表_遗留未用,0,19,DROP_仅注释/字符串提及,0,117,"","","frontend/src/i18n/locales/en.js | tools/deploy-all.sql | tools/i18n-p3-labels.sql"
"cbhs",F_空表_遗留未用,0,56,DROP_仅注释/字符串提及,0,112,"","","deploy/sync-db-comments.sql"
"cp_barcode",F_空表_遗留未用,0,29,DROP_仅注释/字符串提及,0,58,"","","deploy/sync-db-comments.sql"
"cpfpmx",F_空表_遗留未用,0,24,DROP_仅注释/字符串提及,0,48,"","","deploy/sync-db-comments.sql"
"dm_dbzsd",F_空表_遗留未用,0,22,DROP_仅注释/字符串提及,0,44,"","","deploy/sync-db-comments.sql"
"dm_myjj",F_空表_遗留未用,0,15,DROP_仅注释/字符串提及,0,18,"","","deploy/sync-db-comments.sql"
"dm_sys",F_空表_遗留未用,0,26,DROP_仅注释/字符串提及,0,10,"","","deploy/sync-db-comments.sql"
"dm_wz",F_空表_遗留未用,0,38,DROP_存活视图失效(视图自身未在用),0,78,"VIEW_barcord View_BOM VIEW_inh VIEW_kucun View_od_cost View_OD_WLQTY1 VIEW_odqty VIEW_order VIEW_outh VIEW_pandian VIEW_podyl View_Porder View_SCGD View_WB_WLQTY1 VIEW_zc View_ZZPQTY1","","deploy/sync-db-comments.sql"
"dm_wzbacord",F_空表_遗留未用,0,18,DROP_仅注释/字符串提及,0,36,"","","deploy/sync-db-comments.sql"
"dm_wzddw",F_空表_遗留未用,0,19,DROP_仅注释/字符串提及,0,38,"","","deploy/sync-db-comments.sql"
"dm_wzsx",F_空表_遗留未用,0,16,DROP_仅注释/字符串提及,0,33,"","","tools/migrate-table-comments.sql | deploy/sync-db-comments.sql"
"dorder",F_空表_遗留未用,0,42,DROP_仅注释/字符串提及,0,84,"","","deploy/sync-db-comments.sql"
"fgjl",F_空表_遗留未用,0,79,DROP_仅注释/字符串提及,0,158,"","","deploy/sync-db-comments.sql"
"fgjl_ls",F_空表_遗留未用,0,80,DROP_仅注释/字符串提及,0,160,"","","deploy/sync-db-comments.sql"
"fgjlhz",F_空表_遗留未用,0,20,DROP_仅注释/字符串提及,0,40,"","","deploy/sync-db-comments.sql"
"from_excel",F_空表_遗留未用,0,19,DROP_仅注释/字符串提及,0,38,"","","deploy/sync-db-comments.sql"
"gdzc",F_空表_遗留未用,0,34,DROP_仅注释/字符串提及,0,32,"","","deploy/sync-db-comments.sql"
"gssp",F_空表_遗留未用,0,30,DROP_仅注释/字符串提及,0,60,"","","deploy/sync-db-comments.sql"
"gszl",F_空表_遗留未用,0,22,DROP_仅注释/字符串提及,0,44,"","","deploy/sync-db-comments.sql"
"gzb",F_空表_遗留未用,0,34,DROP_仅注释/字符串提及,0,68,"","","deploy/sync-db-comments.sql"
"gzffjl",F_空表_遗留未用,0,46,DROP_仅注释/字符串提及,0,92,"","","deploy/sync-db-comments.sql"
"huiyuan",F_空表_遗留未用,0,41,DROP_仅注释/字符串提及,0,66,"","","deploy/sync-db-comments.sql"
"huiyuan_hz",F_空表_遗留未用,0,41,DROP_仅注释/字符串提及,0,66,"","","deploy/sync-db-comments.sql"
"jgsd",F_空表_遗留未用,0,35,DROP_仅注释/字符串提及,0,70,"","","deploy/sync-db-comments.sql"
"jrhz",F_空表_遗留未用,0,24,DROP_仅注释/字符串提及,0,48,"","","deploy/sync-db-comments.sql"
"jrhz_ls",F_空表_遗留未用,0,24,DROP_仅注释/字符串提及,0,48,"","","deploy/sync-db-comments.sql"
"jyd",F_空表_遗留未用,0,37,DROP_仅注释/字符串提及,0,77,"","","tools/migrate-kucun-ckdm-widen-20260924.sql | tools/migrate-qc-3docs-rebuild.sql | deploy/pkg-incr-20260922c/tools/migrate-qc-3docs-rebuild.sql"
"jyd_bs",F_空表_遗留未用,0,25,DROP_仅注释/字符串提及,0,50,"","","deploy/sync-db-comments.sql"
"khts",F_空表_遗留未用,0,26,DROP_仅注释/字符串提及,0,48,"","","deploy/sync-db-comments.sql"
"kjpz",F_空表_遗留未用,0,30,DROP_仅注释/字符串提及,0,60,"","","deploy/sync-db-comments.sql"
"kjpz_bs",F_空表_遗留未用,0,29,DROP_仅注释/字符串提及,0,58,"","","deploy/sync-db-comments.sql"
"kqbc",F_空表_遗留未用,0,21,DROP_仅注释/字符串提及,0,42,"","","deploy/sync-db-comments.sql"
"kqqjd",F_空表_遗留未用,0,25,DROP_仅注释/字符串提及,0,50,"","","deploy/sync-db-comments.sql"
"kqsj",F_空表_遗留未用,0,22,DROP_仅注释/字符串提及,0,44,"","","deploy/sync-db-comments.sql"
"kqsj_ls",F_空表_遗留未用,0,23,DROP_仅注释/字符串提及,0,46,"","","deploy/sync-db-comments.sql"
"mate_jtsh",F_空表_遗留未用,0,19,DROP_仅注释/字符串提及,0,41,"","","tools/gen/gen-db-catalog.cjs | deploy/sync-db-comments.sql"
"order1",F_空表_遗留未用,0,48,DROP_存活视图失效(视图自身未在用),0,60,"View_od_cost View_OD_WLQTY1 VIEW_odqty VIEW_order VIEW_outh View_ZZPQTY0","","deploy/sync-db-comments.sql"
"pandian",F_空表_遗留未用,0,25,DROP_存活视图失效(视图自身未在用),0,39,"VIEW_pandian","","tools/migrate-kucun-ckdm-widen-20260924.sql | deploy/sync-db-comments.sql"
"pd_history",F_空表_遗留未用,0,23,DROP_仅注释/字符串提及,0,25,"","","tools/migrate-kucun-ckdm-widen-20260924.sql | deploy/sync-db-comments.sql"
"pd_zzp",F_空表_遗留未用,0,24,DROP_存活视图失效(视图自身未在用),0,25,"View_ZZPQTY2","","tools/migrate-kucun-ckdm-widen-20260924.sql | deploy/sync-db-comments.sql"
"pd_zzphistory",F_空表_遗留未用,0,23,DROP_仅注释/字符串提及,0,25,"","","tools/migrate-kucun-ckdm-widen-20260924.sql | deploy/sync-db-comments.sql"
"pd_zzprq",F_空表_遗留未用,0,13,DROP_存活视图失效(视图自身未在用),0,14,"View_ZZPQTY3","","deploy/sync-db-comments.sql"
"pjjl_sz",F_空表_遗留未用,0,34,DROP_仅注释/字符串提及,0,60,"","","deploy/sync-db-comments.sql"
"s_cookie",F_空表_遗留未用,0,15,DROP_仅注释/字符串提及,0,32,"","","deploy/sync-db-comments.sql"
"s_fromexcel",F_空表_遗留未用,0,19,DROP_仅注释/字符串提及,0,36,"","","deploy/sync-db-comments.sql"
"s_otherfunc",F_空表_遗留未用,0,16,DROP_仅注释/字符串提及,0,32,"","","deploy/sync-db-comments.sql"
"s_phrase",F_空表_遗留未用,0,15,DROP_仅注释/字符串提及,0,30,"","","deploy/sync-db-comments.sql"
"s_repbody",F_空表_遗留未用,0,27,DROP_仅注释/字符串提及,0,56,"","","deploy/sync-db-comments.sql"
"s_repdraw",F_空表_遗留未用,0,18,DROP_仅注释/字符串提及,0,38,"","","deploy/sync-db-comments.sql"
"s_repheader",F_空表_遗留未用,0,30,DROP_仅注释/字符串提及,0,62,"","","deploy/sync-db-comments.sql"
"s_repinfo",F_空表_遗留未用,0,24,DROP_仅注释/字符串提及,0,50,"","","deploy/sync-db-comments.sql"
"scjd",F_空表_遗留未用,0,27,DROP_仅注释/字符串提及,0,54,"","","deploy/sync-db-comments.sql"
"scjd_ls",F_空表_遗留未用,0,28,DROP_仅注释/字符串提及,0,56,"","","deploy/sync-db-comments.sql"
"scpc",F_空表_遗留未用,0,62,DROP_仅注释/字符串提及,0,124,"","","deploy/sync-db-comments.sql"
"scrb",F_空表_遗留未用,0,35,DROP_仅注释/字符串提及,0,60,"","","deploy/sync-db-comments.sql"
"scrb_bs",F_空表_遗留未用,0,26,DROP_仅注释/字符串提及,0,40,"","","deploy/sync-db-comments.sql"
"sczxd",F_空表_遗留未用,0,55,DROP_仅注释/字符串提及,0,110,"","","deploy/sync-db-comments.sql"
"wlxx",F_空表_遗留未用,0,22,DROP_仅注释/字符串提及,0,34,"","","deploy/sync-db-comments.sql"
"xjjl",F_空表_遗留未用,0,51,DROP_仅注释/字符串提及,0,102,"","","deploy/sync-db-comments.sql"
"xjjl_sz",F_空表_遗留未用,0,34,DROP_仅注释/字符串提及,0,60,"","","deploy/sync-db-comments.sql"
"ysfk",F_空表_遗留未用,0,22,DROP_仅注释/字符串提及,0,43,"","","tools/migrate-table-comments.sql | deploy/sync-db-comments.sql"
"zc",F_空表_遗留未用,0,25,DROP_存活视图失效(视图自身未在用),0,43,"VIEW_zc","","tools/migrate-server-parity-20260928.sql | deploy/sync-db-comments.sql"
