role_code,panel_code,perms
"admin","FINISH_IN","view,query,add,modify,modlog,del,export"
"admin","FINISH_IN_DETAIL","view,query,export,print"
"admin","FINISH_IN_STATS","view,query,export,print"
"admin","LOT_TRACE","view,query,export,print"
"admin","MATERIAL_OUT","view,query,add,modify,modlog,del,export"
"admin","MATERIAL_OUT_DETAIL","view,query,export,print"
"admin","MATERIAL_OUT_STATS","view,query,export,print"
"admin","OTHER_IN","view,query,add,modify,modlog,del,export"
"admin","OTHER_IN_DETAIL","view,query,export,print"
"admin","OTHER_IN_STATS","view,query,export,print"
"admin","OTHER_OUT","view,query,add,modify,modlog,del,export"
"admin","OTHER_OUT_DETAIL","view,query,export,print"
"admin","OTHER_OUT_STATS","view,query,export,print"
"admin","OUTSOURCE_IN","view,query,add,modify,modlog,del,export"
"admin","OUTSOURCE_IN_DETAIL","view,query,export,print"
"admin","OUTSOURCE_IN_STATS","view,query,export,print"
"admin","OUTSOURCE_ISSUE","view,query,add,modify,modlog,del,export"
"admin","OUTSOURCE_ISSUE_DETAIL","view,query,export,print"
"admin","OUTSOURCE_ISSUE_STATS","view,query,export,print"
"admin","PU_ORDER","view,query,add,modify,modlog,del,export"
"admin","PU_REQ","view,query,add,modify,modlog,del,export"
"admin","PURCHASE_IN","view,query,add,modify,modlog,del,export"
"admin","PURCHASE_IN_DETAIL","view,query,export,print"
"admin","PURCHASE_IN_STATS","view,query,export,print"
"admin","QC_BHC","view,query,add,modify,modlog,del,export"
"admin","QC_BHG","view,query,add,modify,modlog,del,export"
"admin","QC_BHZ","view,query,add,modify,modlog,del,export"
"admin","QC_CATALOG","view,query,export,print"
"admin","QC_DISPOSAL","view,query,add,modify,modlog,del,export"
"admin","QC_INSP","view,query,add,modify,modlog,del,export"
"admin","QC_INSP_REC","view,query,add,modify,modlog,del,export"
"admin","QC_INSP_REQ","view,query"
"admin","QC_JJF","view,query,add,modify,modlog,del,export"
"admin","QC_LYB","view,query,add,modify,modlog,del,export"
"admin","QC_OP","view,query,add,modify,modlog,del,export"
"admin","QC_RECORD","view,query,add,modify,modlog,del,export"
"admin","QC_RECV","view,query,add,modify,modlog,del,export"
"admin","QC_RETURN","view,query,add,modify,modlog,del,export"
"admin","QC_SCP","view,query,add,modify,modlog,del,export"
"admin","QC_SCY","view,query,add,modify,modlog,del,export"
"admin","QC_TC_IN","view,query,add,modify,modlog,del,export"
"admin","RD_PROD_DOCLIST","view,query,export,print"
"admin","RD_SAMPLE_NO","view,query,add,modify,modlog,del,export"
"admin","RD_SHARE_FILE","view,query"
"admin","ROD_RETURN","view,query,add,modify,modlog,del,export"
"admin","SALE_OUT","view,query,add,modify,modlog,del,export"
"admin","SALE_OUT_DETAIL","view,query,export,print"
"admin","SALE_OUT_STATS","view,query,export,print"
"admin","SALES_ORDER_DETAIL","view,query,export,print"
"admin","SALES_ORDER_STATS","view,query,export,print"
"admin","SO_ORDER","view,query,add,modify,modlog,del,export"
"admin","STOCK_BALANCE","view,query,export,print"
"admin","STOCK_LEDGER","view,query,export,print"
"admin","STOCK_SUMMARY","view,query,export,print"
"user","FINISH_IN","view,query,add,modify,modlog,del,export"
"user","FINISH_IN_DETAIL","view,query,export,print"
"user","FINISH_IN_STATS","view,query,export,print"
"user","LOT_TRACE","view,query,export,print"
"user","MANU_SCHEDULE","view,query,export,print"
"user","MATERIAL_OUT","view,query,add,modify,modlog,del,export"
"user","MATERIAL_OUT_DETAIL","view,query,export,print"
"user","MATERIAL_OUT_STATS","view,query,export,print"
"user","OP_TIME","view,query,add,edit,delete,export,print"
"user","OTHER_IN","view,query,add,modify,modlog,del,export"
"user","OTHER_IN_DETAIL","view,query,export,print"
"user","OTHER_IN_STATS","view,query,export,print"
"user","OTHER_OUT","view,query,add,modify,modlog,del,export"
"user","OTHER_OUT_DETAIL","view,query,export,print"
"user","OTHER_OUT_STATS","view,query,export,print"
"user","OUTSOURCE_IN","view,query,add,modify,modlog,del,export"
"user","OUTSOURCE_IN_DETAIL","view,query,export,print"
"user","OUTSOURCE_IN_STATS","view,query,export,print"
"user","OUTSOURCE_ISSUE","view,query,add,modify,modlog,del,export"
"user","OUTSOURCE_ISSUE_DETAIL","view,query,export,print"
"user","OUTSOURCE_ISSUE_STATS","view,query,export,print"
"user","PU_ORDER","view,query,add,modify,modlog,del,export"
"user","PU_REQ","view,query,add,modify,modlog,del,export"
"user","PURCHASE_IN","view,query,add,modify,modlog,del,export"
"user","PURCHASE_IN_DETAIL","view,query,export,print"
"user","PURCHASE_IN_STATS","view,query,export,print"
"user","QC_BHC","view,query,add,modify,modlog,del,export"
"user","QC_BHG","view,query,add,modify,modlog,del,export"
"user","QC_BHZ","view,query,add,modify,modlog,del,export"
"user","QC_CATALOG","view,query,export,print"
"user","QC_DISPOSAL","view,query,add,modify,modlog,del,export"
"user","QC_INSP","view,query,add,modify,modlog,del,export"
"user","QC_INSP_REC","view,query,add,modify,modlog,del,export"
"user","QC_INSP_REQ","view,query"
"user","QC_JJF","view,query,add,modify,modlog,del,export"
"user","QC_LYB","view,query,add,modify,modlog,del,export"
"user","QC_OP","view,query,add,modify,modlog,del,export"
"user","QC_RECORD","view,query,add,modify,modlog,del,export"
"user","QC_RECV","view,query,add,modify,modlog,del,export"
"user","QC_RETURN","view,query,add,modify,modlog,del,export"
"user","QC_SCP","view,query,add,modify,modlog,del,export"
"user","QC_SCY","view,query,add,modify,modlog,del,export"
"user","QC_TC_IN","view,query,add,modify,modlog,del,export"
"user","RD_ALKALINE","view,query,add,modify,modlog,del,export"
"user","RD_ANTIBACT","view,query,add,modify,modlog,del,export"
"user","RD_APPROVAL","view,query,add,modify,modlog,del,export"
"user","RD_ASM_BOM","view,query,add,modify,modlog,del,export"
"user","RD_ASM_PROC","view,query,add,modify,modlog,del,export"
"user","RD_CHANGE","view,query,add,modify,modlog,del,export,print"
"user","RD_DOM_TEST","view,query,add,modify,modlog,del,export"
"user","RD_DROP_PREC","view,query,add,modify,modlog,del,export"
"user","RD_EQUIP_USE","view,query,add,modify,modlog,del,export"
"user","RD_FILTER_EFF","view,query,add,modify,modlog,del,export"
"user","RD_INSP_PLAN","view,query,add,modify,modlog,del,export"
"user","RD_INSTR_USE","view,query,add,modify,modlog,del,export"
"user","RD_MINERAL","view,query,add,modify,modlog,del,export"
"user","RD_MOLD_FORMULA","view,query,add,modify,modlog,del,export"
"user","RD_MOLD_PROC","view,query,add,modify,modlog,del,export"
"user","RD_PLAN","view,query,add,modify,modlog,del,export"
"user","RD_PROD_DOCLIST","view,query,export,print"
"user","RD_PROD_INFO","view,query,add,modify,modlog,del,export"
"user","RD_PROGRESS","view,query,add,export,edit,delete,print,price,review,adjust"
"user","RD_RO_PROTECT","view,query,add,modify,modlog,del,export"
"user","RD_SAMPLE_NO","view,query,add,modify,modlog,del,export"
"user","RD_SCALE","view,query,add,modify,modlog,del,export"
"user","RD_SHARE_FILE","view,query"
"user","RD_SOAK","view,query,add,modify,modlog,del,export"
"user","RD_SPEC_DOC","view,query,add,modify,modlog,del,export"
"user","RD_SPIKE_WATER","view,query,add,modify,modlog,del,export"
"user","ROD_RETURN","view,query,add,modify,modlog,del,export"
"user","SALE_OUT","view,query,add,modify,modlog,del,export"
"user","SALE_OUT_DETAIL","view,query,export,print"
"user","SALE_OUT_STATS","view,query,export,print"
"user","SALES_ORDER_DETAIL","view,query,export,print"
"user","SALES_ORDER_STATS","view,query,export,print"
"user","SO_ORDER","view,query,add,modify,modlog,del,export"
"user","STOCK_BALANCE","view,query,export,print"
"user","STOCK_LEDGER","view,query,export,print"
"user","STOCK_SUMMARY","view,query,export,print"
"zz_probe","FINISH_IN","view,query,add,modify,modlog,del,export"
"zz_probe","FINISH_IN_DETAIL","view,query,export,print"
"zz_probe","FINISH_IN_STATS","view,query,export,print"
"zz_probe","LOT_TRACE","view,query,export,print"
"zz_probe","MATERIAL_OUT","view,query,add,modify,modlog,del,export"
"zz_probe","MATERIAL_OUT_DETAIL","view,query,export,print"
"zz_probe","MATERIAL_OUT_STATS","view,query,export,print"
"zz_probe","OTHER_IN","view,query,add,modify,modlog,del,export"
"zz_probe","OTHER_IN_DETAIL","view,query,export,print"
"zz_probe","OTHER_IN_STATS","view,query,export,print"
"zz_probe","OTHER_OUT","view,query,add,modify,modlog,del,export"
"zz_probe","OTHER_OUT_DETAIL","view,query,export,print"
"zz_probe","OTHER_OUT_STATS","view,query,export,print"
"zz_probe","OUTSOURCE_IN","view,query,add,modify,modlog,del,export"
"zz_probe","OUTSOURCE_IN_DETAIL","view,query,export,print"
"zz_probe","OUTSOURCE_IN_STATS","view,query,export,print"
"zz_probe","OUTSOURCE_ISSUE","view,query,add,modify,modlog,del,export"
"zz_probe","OUTSOURCE_ISSUE_DETAIL","view,query,export,print"
"zz_probe","OUTSOURCE_ISSUE_STATS","view,query,export,print"
"zz_probe","PU_ORDER","view,query,add,modify,modlog,del,export"
"zz_probe","PU_REQ","view,query,add,modify,modlog,del,export"
"zz_probe","PURCHASE_IN","view,query,add,modify,modlog,del,export"
"zz_probe","PURCHASE_IN_DETAIL","view,query,export,print"
"zz_probe","PURCHASE_IN_STATS","view,query,export,print"
"zz_probe","QC_BHC","view,query,add,modify,modlog,del,export"
"zz_probe","QC_BHG","view,query,add,modify,modlog,del,export"
"zz_probe","QC_BHZ","view,query,add,modify,modlog,del,export"
"zz_probe","QC_CATALOG","view,query,export,print"
"zz_probe","QC_DISPOSAL","view,query,add,modify,modlog,del,export"
"zz_probe","QC_INSP","view,query,add,modify,modlog,del,export"
"zz_probe","QC_INSP_REC","view,query,add,modify,modlog,del,export"
"zz_probe","QC_INSP_REQ","view,query"
"zz_probe","QC_JJF","view,query,add,modify,modlog,del,export"
"zz_probe","QC_LYB","view,query,add,modify,modlog,del,export"
"zz_probe","QC_OP","view,query,add,modify,modlog,del,export"
"zz_probe","QC_RECORD","view,query,add,modify,modlog,del,export"
"zz_probe","QC_RECV","view,query,add,modify,modlog,del,export"
"zz_probe","QC_RETURN","view,query,add,modify,modlog,del,export"
"zz_probe","QC_SCP","view,query,add,modify,modlog,del,export"
"zz_probe","QC_SCY","view,query,add,modify,modlog,del,export"
"zz_probe","QC_TC_IN","view,query,add,modify,modlog,del,export"
"zz_probe","RD_SHARE_FILE","view,query"
"zz_probe","ROD_RETURN","view,query,add,modify,modlog,del,export"
"zz_probe","SALE_OUT","view,query,add,modify,modlog,del,export"
"zz_probe","SALE_OUT_DETAIL","view,query,export,print"
"zz_probe","SALE_OUT_STATS","view,query,export,print"
"zz_probe","SALES_ORDER_DETAIL","view,query,export,print"
"zz_probe","SALES_ORDER_STATS","view,query,export,print"
"zz_probe","SO_ORDER","view,query,add,modify,modlog,del,export"
"zz_probe","STOCK_BALANCE","view,query,export,print"
"zz_probe","STOCK_LEDGER","view,query,export,print"
"zz_probe","STOCK_SUMMARY","view,query,export,print"
