label,hex,panels
"D1",44003100,"LINE_LOAD"
"D10",440031003000,"LINE_LOAD"
"D11",440031003100,"LINE_LOAD"
"D12",440031003200,"LINE_LOAD"
"D13",440031003300,"LINE_LOAD"
"D2",44003200,"LINE_LOAD"
"D3",44003300,"LINE_LOAD"
"D4",44003400,"LINE_LOAD"
"D5",44003500,"LINE_LOAD"
"D6",44003600,"LINE_LOAD"
"D7",44003700,"LINE_LOAD"
"D8",44003800,"LINE_LOAD"
"D9",44003900,"LINE_LOAD"
"P-E/kg",50002D0045002F006B006700,"GRAN_RECORD"
"PH\n8.5±0.25",500048005C006E0038002E003500B10030002E0032003500,"RD_SPIKE_WATER"
"QQ",51005100,"GFDA"
"TDS（mg/L）200-500mg/L",54004400530008FF6D0067002F004C0009FF3200300030002D003500300030006D0067002F004C00,"RD_SPIKE_WATER"
"asp_cancel",6100730070005F00630061006E00630065006C00,"DISPATCH_DETAIL"
"asp_time2",6100730070005F00740069006D0065003200,"DISPATCH_DETAIL"
"asp_user2",6100730070005F0075007300650072003200,"DISPATCH_DETAIL"
"delivery_type_id",640065006C00690076006500720079005F0074007900700065005F0069006400,"PU_ORDER"
"delivery_type_number",640065006C00690076006500720079005F0074007900700065005F006E0075006D00620065007200,"PU_ORDER"
"group_id",670072006F00750070005F0069006400,"GFDA"
"is_show_aux_barcode",690073005F00730068006F0077005F006100750078005F0062006100720063006F0064006500,"INV"
"ivc_status ",6900760063005F007300740061007400750073002000,"SALE_OUT"
"kf_period",6B0066005F0070006500720069006F006400,"PU_ORDER"
"parent_name",70006100720065006E0074005F006E0061006D006500,"INV"
"检验方案",C0688C9AB9654868,"QC_INSP"
