name,kind,col_count,row_count,spare_cols,ms_description
"bd_account",TABLE,34,0,20,"会计科目档案"
"bd_dispatch",TABLE,43,0,20,"工序派工单头表(经典遗留面板)"
"bd_expense_type",TABLE,32,0,20,"费用类别档案"
"bd_finish_in",TABLE,44,0,20,"产成品入库单头表(切炭双出口直销自动生成并审核)"
"bd_manu_order",TABLE,78,0,20,"生产加工单头表(经典遗留面板)"
"bd_material_out",TABLE,51,0,20,"材料出库单(领料)头表"
"bd_other_in",TABLE,41,0,20,"其他入库单头表"
"bd_other_out",TABLE,49,0,20,"其他出库单头表"
"bd_outsource_in",TABLE,41,0,20,"委外入库单头表"
"bd_outsource_issue",TABLE,42,0,20,"委外发料单头表"
"bd_outsource_order",TABLE,49,0,20,"委外加工单头表"
"bd_prod_abn",TABLE,48,0,20,"生产异常处理单(闭环:异常提出→原因分析→处理措施→结案;挂 工单号/批次号(碳棒)/混料批次号,所有不良异常按批次号展开)"
"bd_pu_order",TABLE,125,0,20,"采购订单头表"
"bd_pu_req",TABLE,51,0,20,"请购单头表"
"bd_purchase_in",TABLE,153,0,20,"采购入库单头表(审核过账kucun入库)"
"bd_sale_out",TABLE,155,0,20,"销售出库单头表(审核过账kucun出库)"
"bd_so_order",TABLE,142,18,20,"销售订单头表(星辰ERP同步)"
"bd_tax_type",TABLE,32,0,20,"税别档案"
"bl_dispatch",TABLE,48,1,20,"工序派工单行表(中文列,服务器口径;含生产车间列供统计视图分组)"
"bl_finish_in",TABLE,42,1,20,"产成品入库单行表(负数量=红字冲回)"
"bl_manu_order",TABLE,51,0,20,"生产加工单行表(经典遗留面板)"
"bl_material_out",TABLE,48,1,20,"材料出库单(领料)行表(BOM展开生成)"
"bl_other_in",TABLE,42,1,20,"其他入库单行表"
"bl_other_out",TABLE,39,1,20,"其他出库单行表"
"bl_outsource_in",TABLE,39,0,20,"委外入库单行表"
"bl_outsource_issue",TABLE,38,0,20,"委外发料单行表"
"bl_outsource_order",TABLE,37,0,20,"委外加工单行表"
"bl_pu_order",TABLE,130,0,20,"采购订单行表"
"bl_pu_req",TABLE,48,1,20,"请购单行表"
"bl_purchase_in",TABLE,123,1,20,"采购入库单行表(批号三键入库)"
"bl_sale_out",TABLE,136,1,20,"销售出库单行表(批号三键出库)"
"bl_so_order",TABLE,133,30,20,"销售订单行表(星辰ERP同步)"
"bs_bom",TABLE,48,58,20,"物料清单BOM(父件-子件-定额数量,默认BOM标志)"
"bs_currency",TABLE,44,0,20,"币别档案(金蝶云·星辰 currency 同步目标表;编码=匹配列,外部数据ID=同步幂等锚点)"
"bs_customer_group",TABLE,37,0,20,"客户分类档案(金蝶云·星辰 customer_group 同步目标表;编码=匹配列,外部数据ID=同步幂等锚点)"
"bs_dept",TABLE,44,20,20,"部门档案(遗留,组织架构用yj_dept)"
"bs_dict",TABLE,33,413,20,"数据字典"
"bs_emp",TABLE,52,16,20,"员工档案(遗留,组织架构用yj_user)"
"bs_equip",TABLE,41,12,20,"设备档案(设备点检/保养计划参照源)"
"bs_inv",TABLE,145,114,20,"存货档案(物料/产品主数据,含是否检验标志)"
"bs_inv_price",TABLE,52,30,20,"存货价格本"
"bs_material_group",TABLE,41,0,20,"商品分类档案(金蝶云·星辰 material_group 同步目标表;编码=匹配列,外部数据ID=同步幂等锚点)"
"bs_op",TABLE,43,15,20,"工序档案(五道工序:混料/成型/切炭/组装/装箱)"
"bs_partner",TABLE,49,12,20,"往来单位档案"
"bs_prod_line",TABLE,34,30,20,"生产线档案(基础资料·生产组;排产指派对象,产能为属性:日产能=负荷/超载基准,小时产能与工序工时口径互补)"
"bs_proj",TABLE,36,6,20,"项目档案"
"bs_qc_item",TABLE,38,0,20,"检验项目档案(检验内容/标准/判定规则)"
"bs_qc_plan",TABLE,35,0,20,"检验方案(适用存货/检验方式/抽检比例)"
"bs_region",TABLE,32,8,20,"地区档案"
"bs_reject",TABLE,33,10,20,"不合格原因档案"
"bs_route",TABLE,45,20,20,"工艺路线(工序顺序/加工方式)"
"bs_settle_type",TABLE,34,0,20,"结算方式档案(金蝶云·星辰 settlement_type 同步目标表;名称=匹配列,外部数据ID=同步幂等锚点)"
"bs_supplier_group",TABLE,36,0,20,"供应商分类档案(金蝶云·星辰 supplier_group 同步目标表;编码=匹配列,外部数据ID=同步幂等锚点)"
"bs_team",TABLE,34,10,20,"班组档案"
"bs_uom",TABLE,46,16,20,"计量单位档案"
"bs_wc",TABLE,42,17,20,"工作中心档案"
"bs_wh",TABLE,52,18,20,"仓库档案(仓库编码/名称,库存台账仓库真源)"
"bs_wh_loc",TABLE,32,0,20,"库位档案(仓库内货位主数据:仓库/库位编码/库位地址;一仓多库位、一库位一仓;仓库列存仓库名称参照 bs_wh;库位二维码标签内容=仓库@库位地址@库位编码)"
"day_report",TABLE,35,0,20,"生产日报表头表(自制物料/成型/切炭/组装四车间合一)"
"day_report_detail",TABLE,44,0,20,"生产日报表行表(姓名/时间/产品/数量/报废等)"
"dm_ck",TABLE,42,22,20,"仓库代码"
"dm_gf",TABLE,98,29,20,"厂商代码"
"dm_key",TABLE,18,5,0,"各种软件接口Key值表"
"dm_kh",TABLE,147,41,20,"客户代码"
"equip_check",TABLE,35,0,20,"设备点检记录头表"
"equip_check_detail",TABLE,34,0,20,"设备点检记录行表(检查内容/方法/标准/结果/解决措施)"
"erp_imp_log",TABLE,37,0,20,"ERP导入日志(金蝶星辰数据导入批次)"
"erp_imp_row",TABLE,16,0,0,"ERP导入行明细(逐行导入结果)"
"feed_confirm",TABLE,34,0,20,"投料确认单头表(阶段:溶解/合成/A液/B液/浆体)"
"feed_confirm_detail",TABLE,34,1,20,"投料确认单行表(投料成分/理论/实际)"
"form_flow_link",TABLE,38,0,20,"单据流链接表(上游生单→下游单据占用,link_status=ACTIVE|RELEASED)"
"gran_record",TABLE,47,0,20,"造粒记录头表(温湿度/PE/纯水/捏合吹扫/水分)"
"gran_record_detail",TABLE,27,0,20,"造粒记录占位行表(恒空,doc模式要求)"
"gxgs",TABLE,91,1,20,"工序工时"
"inh",TABLE,115,145,20,"进货单"
"inv_cost_ledger",TABLE,34,0,20,"库存移动加权成本物化表:由后端 InvCostService 重算(审核/弃审钩子 + 启动自检 + 面板「重算成本」),分区=(仓库键,存货编码)不含批号;PK (src,rid) 对应 v_stock_movement 一行"
"kucun",TABLE,53,31,20,"库存资料"
"maint_plan",TABLE,33,0,20,"保养计划头表"
"maint_plan_detail",TABLE,35,10,20,"保养计划行表(设备/保养项目/周期/情况)"
"mate",TABLE,56,35578,20,"BOM"
"mix_record",TABLE,37,0,20,"物料混合记录头表(四次混合行式化)"
"mix_record_detail",TABLE,32,1,20,"物料混合记录行表(混合次序/物料批次/重量)"
"order_bs",TABLE,151,77,20,"订单明细"
"order_bt",TABLE,107,13,20,"订单"
"outh",TABLE,126,30,20,"出货单"
"pack_confirm",TABLE,37,0,20,"封箱确认头表(装箱人/确认人/主管签名)"
"pack_confirm_detail",TABLE,27,0,20,"封箱确认占位行表(恒空,doc模式要求)"
"plang",TABLE,78,25,20,"工单"
"plang_pc",TABLE,77,25,20,"工单排产"
"Porder",TABLE,93,12,20,"采购单"
"qc_bhc",TABLE,55,0,20,"不合格品处理单(制程)头表——面板 QC_BHC;列名即中文标签"
"qc_bhc_detail",TABLE,27,0,20,"不合格品处理单(制程)行表——面板 QC_BHC 明细"
"qc_bhg",TABLE,50,0,20,"不合格报告(制程)头表——面板 QC_BHG;含检验工站/异常时间/责任部门"
"qc_bhg_detail",TABLE,27,0,20,"不合格报告(制程)行表——面板 QC_BHG 明细"
"qc_bhz",TABLE,51,0,20,"不合格品处理单(自制物料)头表——面板 QC_BHZ"
"qc_bhz_detail",TABLE,27,0,20,"不合格品处理单(自制物料)行表——面板 QC_BHZ 明细"
"qc_catalog",TABLE,29,1,20,"来料品质检验目录头表(单单据面板:全部检验批次记录进同一张目录单,单据号前缀 JYML,方式对照项目进度查询 RD_PROGRESS)"
"qc_catalog_detail",TABLE,37,2,20,"来料品质检验目录行表(检验记录目录,每行=一个物料批次;由检验单生单自动生成、不可手工编辑;检测物料类别来自商品档案所属类别)"
"qc_disposal",TABLE,41,0,20,"不良品处理单(转隔离仓/报废,审核即移仓过账)"
"qc_insp",TABLE,57,0,20,"检验单头表——面板 QC_INSP;暂收单号/采购订单号/批次号/供应商口径"
"qc_insp_detail",TABLE,62,10,20,"检验单行表——面板 QC_INSP 明细(检验项目与判定)"
"qc_insp_rec",TABLE,42,0,20,"来料品质检验数据记录头表(检验报告 YJ-QR-96:抬头/结论/处理意见/签名;一张报告一单,单据号前缀 JYSJ)"
"qc_insp_rec_detail",TABLE,31,0,20,"来料品质检验数据记录行表(检验结果表体:检验项=标准库 qc.insp_item 选择 | 检测标准 | 检测结果 | 单项判定)"
"qc_insp_req",TABLE,59,77,20,"来料检验要求表(品质资料 7 张检验要求表并集:折叠棉/垫片/无纺布/网套/PP管/端盖/PP棉;档案式全局资料,无单据号;物料类别=页签)"
"qc_jjf",TABLE,47,0,20,"紧急放行申请单头表——面板 QC_JJF"
"qc_jjf_detail",TABLE,27,0,20,"紧急放行申请单行表——面板 QC_JJF 明细"
"qc_lyb",TABLE,47,0,20,"来料异常分析报告头表——面板 QC_LYB;供应商/物料批次/不良率"
"qc_lyb_detail",TABLE,27,0,20,"来料异常分析报告行表——面板 QC_LYB 明细"
"qc_op",TABLE,37,0,20,"工序质检单头表(制程检验,首件/巡检语义)"
"qc_op_detail",TABLE,32,0,20,"工序质检单行表(检验项目/标准/实测值)"
"qc_record",TABLE,41,0,20,"检验记录单头表(八类合一:首件/烧结制程/脱模/来料/材料进厂/黑水/巡线/管控点)"
"qc_record_detail",TABLE,33,0,20,"检验记录单行表(检验项目/标准要求/结果/品序号)"
"qc_return",TABLE,51,0,20,"暂收退料单头表——面板 QC_RETURN;退货类型/仓库/供应商代码"
"qc_return_detail",TABLE,58,8,20,"暂收退料单行表——面板 QC_RETURN 明细"
"qc_scp",TABLE,45,0,20,"试产材料使用申请单头表——面板 QC_SCP"
"qc_scp_detail",TABLE,27,0,20,"试产材料使用申请单行表——面板 QC_SCP 明细"
"qc_scy",TABLE,45,0,20,"生产异常分析报告头表——面板 QC_SCY;异常描述/原因分析"
"qc_scy_detail",TABLE,27,0,20,"生产异常分析报告行表——面板 QC_SCY 明细"
"qc_tc_in",TABLE,64,0,20,"来料品质特采单头表(YJ-QR-60 特采申请单;表头一行一单,无明细行;单据号前缀 TCI)"
"qc_tc_in_detail",TABLE,27,0,20,"来料品质特采单明细表(恒空占位:doc 模式要求 line_table,特采单无明细行)"
"qr_batch_registry",TABLE,29,0,20,"二维码批号登记表(批号=日期+流水取号留痕)"
"rd_alkaline_detail",TABLE,40,0,20,"碱性测试行表"
"rd_alkaline_head",TABLE,48,7,20,"碱性测试头表"
"rd_antibact_detail",TABLE,33,2,20,"抑菌测试行表"
"rd_antibact_head",TABLE,44,13,20,"抑菌测试头表"
"rd_approval",TABLE,44,2,20,"立项申请表(文件类,管理员保存即归档)"
"rd_approval_detail",TABLE,27,0,20,"立项申请表占位行表(恒空,doc模式要求)"
"rd_asm_proc_detail",TABLE,45,5,20,"组装工艺清单行表"
"rd_asm_proc_head",TABLE,45,2,20,"组装工艺清单头表"
"rd_change_detail",TABLE,33,7,20,"产品变更申请单行表(表区=部门评审:7 部门各一行,部门/变更后内容/签字/日期)"
"rd_change_head",TABLE,51,1,20,"产品变更申请单头表(照《副本变更模板(1).xlsx》sheet「KPC变更申请通知单」YJ-QR-130;产品编号关联四受控文件,部门评审在行表)"
"rd_dev_task",TABLE,33,8,20,"研发任务下发记录(产品开发按钮分发留痕)"
"rd_dom_test_detail",TABLE,51,0,20,"内部委托测试申请单行表"
"rd_dom_test_head",TABLE,39,0,20,"内部委托测试申请单头表"
"rd_drop_prec_detail",TABLE,38,1,20,"压降精度测试行表"
"rd_drop_prec_head",TABLE,41,4,20,"压降精度测试头表"
"rd_equip_use_detail",TABLE,40,2,20,"设备使用登记表行表"
"rd_equip_use_head",TABLE,35,3,20,"设备使用登记表头表"
"rd_filter_eff_detail",TABLE,56,6,20,"功能性滤效行表"
"rd_filter_eff_head",TABLE,67,15,20,"功能性滤效头表"
"rd_insp_plan_detail",TABLE,40,3,20,"出货检验计划表行表"
"rd_insp_plan_head",TABLE,46,2,20,"出货检验计划表头表"
"rd_instr_use_detail",TABLE,42,3,20,"仪器使用记录表行表"
"rd_instr_use_head",TABLE,35,4,20,"仪器使用记录表头表"
"rd_mineral_detail",TABLE,33,0,20,"矿化测试行表"
"rd_mineral_head",TABLE,42,0,20,"矿化测试头表"
"rd_mold_proc_detail",TABLE,40,5,20,"成型工艺清单行表"
"rd_mold_proc_head",TABLE,100,2,20,"成型工艺清单头表"
"rd_plan",TABLE,104,2,20,"项目实施计划(10阶段×五字段:计划内容/计划开始/计划完成/实际完成/责任人,项目定级必填下拉)"
"rd_plan_detail",TABLE,27,0,20,"项目实施计划占位行表(恒空,doc模式要求)"
"rd_prod_doclist_detail",TABLE,30,0,20,"产品文件列表明细表(占位,doc 模式要求):产品×4文件状态矩阵不落库,由 DevTaskService.board() 现算;是否受控/受控日期为派生值(4 份文件全归档 ⇒ 是)"
"rd_prod_doclist_head",TABLE,33,1,20,"产品文件列表(产品开发文件汇总):产品×4文件开发状态矩阵,状态由 DevTaskService 实时推导不存表"
"rd_prod_info_detail",TABLE,27,0,20,"产品信息表行表"
"rd_prod_info_head",TABLE,52,2,20,"产品信息表头表(归档后产品开发下发5个下游文件)"
"rd_progress",TABLE,41,1,20,"项目进度查询头表"
"rd_progress_detail",TABLE,54,11,20,"项目进度查询行表(产品开发二三四级项目控制列表;纸面 14 列:项目定级=col 项目层级/项目名称/子项目/尺寸/项目编号/内容/项目发起人=col 项目级/项目负责人=col 项目负责/立项日期=col 实施进度/预计完成日期=col 里程完成/状态(按实施计划阶段派生,只读)/测试情况=col 测试员/技术目标达成/是否市场转化/未转换原因。另 4 列 开发复杂度/重要程度/紧急程度/项目定及变更 保留物理列与数据但不上纸面(hidden=1,2026-09-22 用户口径);[说明] 是 RD_PLAN→RD_PROGRESS 同步的匹配键,与 [项目编号] 同值)"
"rd_ro_protect_detail",TABLE,37,2,20,"RO保护测试行表"
"rd_ro_protect_head",TABLE,45,4,20,"RO保护测试头表"
"rd_sample_no_detail",TABLE,36,0,20,"样品编号表明细(客户项目代号/样品编号/项目名称/子项目/项目负责人/项目编号/炭棒尺寸)"
"rd_sample_no_head",TABLE,33,0,20,"样品编号表(产品开发样品编号):样品编号=客户项目代号+项目编号(确定性拼接,38样例验证)"
"rd_scale_detail",TABLE,38,3,20,"阻垢性能测试行表"
"rd_scale_head",TABLE,43,2,20,"阻垢性能测试头表"
"rd_sinter_tolerance",TABLE,37,60,20,"烧结尺寸表:烧结车间模具对应的炭棒内外径与公差对照(配方计算按车间+型号带出尺寸)"
"rd_soak_detail",TABLE,33,21,20,"浸泡安全测试行表"
"rd_soak_head",TABLE,60,4,20,"浸泡安全测试头表"
"rd_spec_assign",TABLE,31,0,20,"规格书分派(产品编号+种类→责任人)"
"rd_spec_doc_detail",TABLE,42,0,20,"规格书行表"
"rd_spec_doc_head",TABLE,51,2,20,"规格书头表(按规格书种类页签)"
"rd_spike_water_detail",TABLE,53,2,20,"加标水配置记录表行表"
"rd_spike_water_head",TABLE,35,4,20,"加标水配置记录表头表"
"report_column_settings",TABLE,25,0,20,"报表列设置(用户自定义列布局,按panel_code存JSON)"
"rod_return",TABLE,38,0,20,"炭棒不良退货登记头表"
"rod_return_detail",TABLE,27,0,20,"炭棒不良退货登记占位行表(恒空,doc模式要求)"
"s_allno",TABLE,36,572,20,"单据编号"
"s_log",TABLE,40,8220,20,"上机日志"
"sample_req",TABLE,39,0,20,"样品申请单头表(录入/审核/执行三级)"
"sample_req_detail",TABLE,34,1,20,"样品申请单行表(样品种类/规格/打样背景/交期)"
"scjl",TABLE,99,7,20,"生产记录"
"sl_recv",TABLE,54,0,20,"送料暂收单头表——面板 QC_RECV;金额/税额/总金额/供应商"
"sl_recv_detail",TABLE,72,8,20,"送料暂收单行表——面板 QC_RECV 明细;计量单位/批次键随链路流转"
"wh_record",TABLE,39,0,20,"无黑处理登记头表(加湿前后重量/无黑时间)"
"wh_record_detail",TABLE,27,0,20,"无黑处理登记占位行表(恒空,doc模式要求)"
"wo_order",TABLE,49,0,20,"生产工单(五工序计划预填,产品批号取号)"
"wo_progress",TABLE,31,10,20,"工单工序进度(报工审核按工序累计完成数量)"
"yj_app_setting",TABLE,6,1,0,"系统参数表(键值对:收料超送比例等运行期可调口径,见 remark)"
"yj_archive_change_log",TABLE,8,0,0,"档案式面板修改记录(每次存档留一条:操作人/时间/行变化摘要/字段级变化;只增不改)"
"yj_attachment",TABLE,12,0,0,"单据附件表(panel_code+doc_no+field_key定位,文件名/存储名/大小/类型)"
"yj_change_dept",TABLE,8,12,0,"产品变更申请单部门映射:纸面「部门评审意见」的部门行(YJ-QR-130 的 7 个部门)↔ 系统部门 yj_dept.id —— 账号按 yj_user.dept_id 命中本表即可填写对应部门行(管理员豁免)"
"yj_dept",TABLE,4,20,0,"部门表(多级,parentId)"
"yj_doc_batch",TABLE,13,0,0,"采购订单送料批次台账(每张暂收单一个批次;批次号=订单号+3位序号,序号在草稿删除后回收)"
"yj_doc_modify_log",TABLE,14,0,0,"归档单修改记录(修改前后差异快照与审批链)"
"yj_doc_status",TABLE,30,24,0,"单据状态表(shr审核/canceled作废/stopped中止/pending审批中/archived归档/modify_state修改态)"
"yj_ext_bind_log",TABLE,8,72,0,"动态字段绑定审计(bind绑定/retire退绑/clear清空;备用列池操作留痕)"
"yj_field",TABLE,20,3936,0,"面板字段注册表(列名/中文标签/类型/字典SQL/参照面板/位置query|header|detail/必填)"
"yj_form_approval",TABLE,9,44,0,"审批流记录(提交/通过/驳回留痕)"
"yj_locale",TABLE,5,10,0,"语言表(启用语言清单,插行即出现语言切换器)"
"yj_lot_seq",TABLE,2,0,0,"批号流水表(批号=yyyymmdd+3位流水,材料/产品批号统一取号)"
"yj_message",TABLE,14,2,0,"站内消息表(收件人/消息码/关联面板与单据/已读)"
"yj_panel",TABLE,17,144,0,"面板注册表(元数据核心:面板编码/模式doc|flat|archive/头行表/前缀/日期列/模块分组)"
"yj_plan_term",TABLE,16,0,0,"计划条款表(阶段中止/恢复申请:stage/reason/state)"
"yj_report_template",TABLE,11,1,0,"报表模板表(ADR-0002:DB 存储精细模板,上传即编译校验生效免重启;template_code 唯一,panel_code 绑定面板)"
"yj_role",TABLE,5,3,0,"角色表(角色编码/名称/is_admin)"
"yj_role_panel",TABLE,5,188,0,"角色-面板授权表(perms动作词表含view等,can_approve=审批权)"
"yj_schema_log",TABLE,3,343,0,"数据库结构脚本执行日志(script_name+content_hash 幂等记录)"
"yj_share_file",TABLE,17,0,0,"共享文件表(研发管理·全公司共享资料:标准/测试报告/认证报告;1行=1份文件,文件本体存yj_attachment,权限=指定人上传改删、其余仅查阅)"
"yj_share_file_cat",TABLE,8,13,0,"共享文件分类表(树形 parent_id,研发管理·共享文件模块;分类可增减,有文件或子分类时禁删)"
"yj_std_lib",TABLE,11,178,0,"标准库(lib_code+item_code 内容片段,供文书面板引用)"
"yj_translation",TABLE,8,40706,0,"多语言翻译表(scope=panel|field,ref_key=中文键,source=mt机翻|manual人工)"
"yj_usage_log",TABLE,9,2402,0,"使用日志(登录与面板操作留痕,使用权限查看页面数据源)"
"yj_user",TABLE,26,10,0,"用户表(登录名/口令哈希/姓名/部门dept_id/角色role_id/管理员标志is_admin)"
"v_dispatch_detail",VIEW,38,-1,0,""
"v_dispatch_stats",VIEW,12,-1,0,""
"v_finish_in_detail",VIEW,25,-1,0,""
"v_finish_in_stats",VIEW,14,-1,0,""
"v_line_load",VIEW,20,-1,0,""
"v_lot_trace",VIEW,13,-1,0,""
"v_manu_order_detail",VIEW,70,-1,0,""
"v_manu_order_stats",VIEW,11,-1,0,""
"v_manu_schedule",VIEW,54,-1,0,""
"v_material_out_detail",VIEW,30,-1,0,""
"v_material_out_stats",VIEW,15,-1,0,""
"v_other_in_detail",VIEW,25,-1,0,""
"v_other_in_stats",VIEW,14,-1,0,""
"v_other_out_detail",VIEW,29,-1,0,""
"v_other_out_stats",VIEW,16,-1,0,""
"v_outsource_in_detail",VIEW,30,-1,0,""
"v_outsource_in_stats",VIEW,12,-1,0,""
"v_outsource_issue_detail",VIEW,32,-1,0,""
"v_outsource_issue_stats",VIEW,12,-1,0,""
"v_purchase_in_detail",VIEW,32,-1,0,""
"v_purchase_in_stats",VIEW,19,-1,0,""
"v_sale_out_detail",VIEW,31,-1,0,""
"v_sale_out_stats",VIEW,14,-1,0,""
"v_sales_order_detail",VIEW,38,-1,0,""
"v_sales_order_stats",VIEW,17,-1,0,""
"v_stock_balance",VIEW,11,-1,0,"库存状况表:按仓库+存货聚合现存量;结存金额=Σ收入金额−Σ移动加权发出成本(非售价)"
"v_stock_ledger",VIEW,33,-1,0,"库存台账:行级流水,收入按单据金额、发出按移动加权成本(读 inv_cost_ledger);期初=本行结存−收入+发出,期末=本行结存"
"v_stock_movement",VIEW,23,-1,0,"库存流水:8类出入库单据行的唯一UNION处(仅已审核)。仓库键=自身编码→bs_wh按名称兜底→#名称;批号空值归(未填批号);金额缺失按 单价×数量 兜底"
"v_stock_summary",VIEW,23,-1,0,"收发存汇总表:台账按仓库+存货+期次(yyyy-MM)聚合;出库金额为移动加权成本(非售价)"
"v_wo_kit",VIEW,15,-1,0,""
"v_wo_schedule",VIEW,21,-1,0,""
"VIEW_barcord",VIEW,22,-1,0,""
"View_BOM",VIEW,12,-1,0,""
"VIEW_CK",VIEW,26,-1,0,""
"View_CRK",VIEW,9,-1,0,""
"View_FKZE",VIEW,4,-1,0,""
"View_GX",VIEW,4,-1,0,""
"VIEW_inh",VIEW,40,-1,0,""
"VIEW_kucun",VIEW,13,-1,0,""
"View_llrk00",VIEW,15,-1,0,""
"View_llrk01",VIEW,42,-1,0,""
"View_llrk01A",VIEW,42,-1,0,""
"View_llrk02",VIEW,9,-1,0,""
"View_llrk02A",VIEW,5,-1,0,""
"View_llrk03",VIEW,9,-1,0,""
"View_llrk03A",VIEW,5,-1,0,""
"View_llrk04",VIEW,9,-1,0,""
"View_llrk04A",VIEW,5,-1,0,""
"View_llrk05",VIEW,10,-1,0,""
"View_llrk05A",VIEW,5,-1,0,""
"View_llrk06",VIEW,10,-1,0,""
"View_llrk06A",VIEW,4,-1,0,""
"View_llrk07",VIEW,10,-1,0,""
"View_llrk07A",VIEW,4,-1,0,""
"View_llrk08",VIEW,3,-1,0,""
"View_od_cost",VIEW,17,-1,0,""
"View_od_cost1",VIEW,4,-1,0,""
"View_od_cost2",VIEW,4,-1,0,""
"View_od_cost3",VIEW,4,-1,0,""
"View_od_cost4",VIEW,5,-1,0,""
"View_od_sqdchl",VIEW,5,-1,0,""
"View_OD_WLQTY1",VIEW,23,-1,0,""
"View_OD_WLQTY2",VIEW,8,-1,0,""
"View_OD_WLQTY3",VIEW,8,-1,0,""
"View_OD_WLQTY4",VIEW,8,-1,0,""
"View_OD_WLQTY41",VIEW,8,-1,0,""
"View_OD_WLQTY5",VIEW,8,-1,0,""
"View_OD_WLQTY6",VIEW,6,-1,0,""
"View_OD_WLQTY7",VIEW,8,-1,0,""
"View_OD_WLQTY9",VIEW,32,-1,0,""
"VIEW_odqty",VIEW,43,-1,0,""
"View_odqty1",VIEW,4,-1,0,""
"View_odqty2",VIEW,4,-1,0,""
"View_odqty3",VIEW,4,-1,0,""
"VIEW_order",VIEW,53,-1,0,""
"VIEW_outh",VIEW,40,-1,0,""
"VIEW_pandian",VIEW,17,-1,0,""
"View_pcqty",VIEW,6,-1,0,""
"VIEW_podyl",VIEW,13,-1,0,""
"VIEW_podyl1",VIEW,7,-1,0,""
"View_Porder",VIEW,37,-1,0,""
"VIEW_QTY",VIEW,14,-1,0,""
"VIEW_QTY1",VIEW,14,-1,0,""
"VIEW_QTY2",VIEW,14,-1,0,""
"VIEW_QTY3",VIEW,14,-1,0,""
"VIEW_RK",VIEW,26,-1,0,""
"View_SCGD",VIEW,31,-1,0,""
"View_SCX",VIEW,4,-1,0,""
"View_SKZE",VIEW,3,-1,0,""
"View_WB_WLQTY1",VIEW,28,-1,0,""
"View_WB_WLQTY2",VIEW,7,-1,0,""
"View_WB_WLQTY3",VIEW,7,-1,0,""
"View_WB_WLQTY9",VIEW,31,-1,0,""
"VIEW_zc",VIEW,17,-1,0,""
"View_ZZPQTY",VIEW,14,-1,0,""
"View_ZZPQTY0",VIEW,5,-1,0,""
"View_ZZPQTY1",VIEW,8,-1,0,""
"View_ZZPQTY2",VIEW,6,-1,0,""
"View_ZZPQTY3",VIEW,2,-1,0,""
"View_ZZPQTY4",VIEW,6,-1,0,""
"View_ZZPQTY5",VIEW,6,-1,0,""
"View_ZZPQTY6",VIEW,6,-1,0,""
"View_ZZPQTY7",VIEW,6,-1,0,""
"View_ZZPQTY8",VIEW,6,-1,0,""
