panel_code,panel_name,mode,category,module_group,head_table,line_table
"BOM","物料清单","archive","基础设置","基础设置","","bs_bom"
"CGD","采购单","doc","单据","订单管理","","Porder"
"CKD","出库单","doc","单据","仓库管理","","outh"
"CKDA","仓库档案","archive","基础档案","基础资料","","dm_ck"
"CUR","币别","archive","基础设置","基础设置","","bs_currency"
"CUSGRP","客户分类","archive","基础设置","基础设置","","bs_customer_group"
"DAY_REPORT","生产日报表","doc","生产管理","生产制造","day_report","day_report_detail"
"DEPT","部门","archive","基础设置","基础设置","","bs_dept"
"DISPATCH","工序派工单","doc","生产制造","生产制造","bd_dispatch","bl_dispatch"
"DISPATCH_DETAIL","工序派工单明细表","flat","报表","生产制造","","v_dispatch_detail"
"DISPATCH_STATS","工序派工单统计表","flat","报表","生产制造","","v_dispatch_stats"
"EMP","职员","archive","基础设置","基础设置","","bs_emp"
"EQUIP","设备","archive","基础设置","基础设置","","bs_equip"
"EQUIP_CHECK","设备点检记录","doc","生产管理","生产制造","equip_check","equip_check_detail"
"ERPLG","ERP导入日志","archive","基础设置","基础档案","","erp_imp_log"
"ERPLG_ROW","ERP导入明细","flat","基础设置","基础档案","","erp_imp_row"
"FEED_CONFIRM","投料确认单","doc","生产管理","生产制造","feed_confirm","feed_confirm_detail"
"FIN_ACC","会计科目","archive","基础设置","基础档案","","bd_account"
"FIN_EXP","费用类别","archive","基础设置","基础档案","","bd_expense_type"
"FIN_TAX","税别资料","archive","基础设置","基础档案","","bd_tax_type"
"FINISH_IN","产成品入库单","doc","库存核算","库存核算","bd_finish_in","bl_finish_in"
"FINISH_IN_DETAIL","产成品入库单明细表","flat","报表","库存核算","","v_finish_in_detail"
"FINISH_IN_STATS","产成品入库单统计表","flat","报表","库存核算","","v_finish_in_stats"
"GFDA","供应商","archive","基础档案","基础资料","","dm_gf"
"GRAN_RECORD","造粒记录","doc","生产管理","生产制造","gran_record","gran_record_detail"
"INV","商品","archive","基础设置","基础设置","","bs_inv"
"INV_PRICE","存货价格本","archive","基础设置","基础设置","","bs_inv_price"
"KHDA","客户","archive","基础档案","基础资料","","dm_kh"
"KHDD","客户订单","doc","单据","订单管理","order_bt","order_bs"
"LINE_LOAD","产线排产负荷","flat","生产制造","生产制造","","v_line_load"
"LOT_TRACE","批号追溯","flat","报表","生产制造","","v_lot_trace"
"MAINT_PLAN","保养计划","doc","生产管理","生产制造","maint_plan","maint_plan_detail"
"MANU_ORDER","生产工单","doc","生产制造","生产制造","bd_manu_order","bl_manu_order"
"MANU_ORDER_DETAIL","生产工单明细表","flat","报表","生产制造","","v_manu_order_detail"
"MANU_ORDER_STATS","生产工单统计表","flat","报表","生产制造","","v_manu_order_stats"
"MANU_SCHEDULE","生产排产","flat","生产制造","生产制造","","v_manu_schedule"
"MATERIAL_OUT","材料出库单","doc","库存核算","库存核算","bd_material_out","bl_material_out"
"MATERIAL_OUT_DETAIL","材料出库单明细表","flat","报表","库存核算","","v_material_out_detail"
"MATERIAL_OUT_STATS","材料出库单统计表","flat","报表","库存核算","","v_material_out_stats"
"MATGRP","商品分类","archive","基础设置","基础设置","","bs_material_group"
"MIX_RECORD","物料混合记录","doc","生产管理","生产制造","mix_record","mix_record_detail"
"OP","工序","archive","基础设置","基础设置","","bs_op"
"OP_TIME","工序工时","archive","基础档案","基础设置","","gxgs"
"OTHER_IN","其他入库单","doc","库存核算","库存核算","bd_other_in","bl_other_in"
"OTHER_IN_DETAIL","其他入库单明细表","flat","报表","库存核算","","v_other_in_detail"
"OTHER_IN_STATS","其他入库单统计表","flat","报表","库存核算","","v_other_in_stats"
"OTHER_OUT","其他出库单","doc","库存核算","库存核算","bd_other_out","bl_other_out"
"OTHER_OUT_DETAIL","其他出库单明细表","flat","报表","库存核算","","v_other_out_detail"
"OTHER_OUT_STATS","其他出库单统计表","flat","报表","库存核算","","v_other_out_stats"
"OUTSOURCE_IN","委外入库单","doc","委外加工","委外加工","bd_outsource_in","bl_outsource_in"
"OUTSOURCE_IN_DETAIL","委外入库单明细表","flat","报表","智能供应链","","v_outsource_in_detail"
"OUTSOURCE_IN_STATS","委外入库单统计表","flat","报表","智能供应链","","v_outsource_in_stats"
"OUTSOURCE_ISSUE","委外发料单","doc","委外加工","委外加工","bd_outsource_issue","bl_outsource_issue"
"OUTSOURCE_ISSUE_DETAIL","委外发料单明细表","flat","报表","智能供应链","","v_outsource_issue_detail"
"OUTSOURCE_ISSUE_STATS","委外发料单统计表","flat","报表","智能供应链","","v_outsource_issue_stats"
"OUTSOURCE_ORDER","委外加工单","doc","委外加工","委外加工","bd_outsource_order","bl_outsource_order"
"PACK_CONFIRM","封箱确认","doc","生产管理","生产制造","pack_confirm","pack_confirm_detail"
"PARTNER","往来单位","archive","基础设置","基础设置","","bs_partner"
"PROD_ABN","生产异常处理单","archive","生产制造","生产制造","","bd_prod_abn"
"PROD_LINE","生产线","archive","基础资料","基础资料","","bs_prod_line"
"PROJ","项目","archive","基础设置","基础设置","","bs_proj"
"PU_ORDER","采购订单","doc","采购管理","采购管理","bd_pu_order","bl_pu_order"
"PU_REQ","请购单","doc","采购管理","采购管理","bd_pu_req","bl_pu_req"
"PURCHASE_IN","采购入库单","doc","库存核算","库存核算","bd_purchase_in","bl_purchase_in"
"PURCHASE_IN_DETAIL","采购入库单明细表","flat","报表","库存核算","","v_purchase_in_detail"
"PURCHASE_IN_STATS","采购入库单统计表","flat","报表","库存核算","","v_purchase_in_stats"
"QC_BHC","不合格品处理单(制程)","doc","单据","品质管理","qc_bhc","qc_bhc_detail"
"QC_BHG","不合格报告(制程)","doc","单据","品质管理","qc_bhg","qc_bhg_detail"
"QC_BHZ","不合格品处理单(自制物料)","doc","单据","品质管理","qc_bhz","qc_bhz_detail"
"QC_CATALOG","检验目录","doc","单据","品质管理","qc_catalog","qc_catalog_detail"
"QC_DISPOSAL","不良品处理单","doc","生产管理","生产制造","","qc_disposal"
"QC_INSP","检验单","doc","采购管理","智能供应链","qc_insp","qc_insp_detail"
"QC_INSP_REC","检验数据记录","doc","单据","品质管理","qc_insp_rec","qc_insp_rec_detail"
"QC_INSP_REQ","来料检验要求","archive","档案","品质管理","","qc_insp_req"
"QC_ITEM","检验项目","archive","基础设置","基础设置","","bs_qc_item"
"QC_JJF","紧急放行申请单","doc","单据","品质管理","qc_jjf","qc_jjf_detail"
"QC_LYB","来料异常分析报告","doc","单据","品质管理","qc_lyb","qc_lyb_detail"
"QC_OP","工序质检单","doc","生产管理","生产制造","qc_op","qc_op_detail"
"QC_PLAN","检验方案","archive","基础设置","基础设置","","bs_qc_plan"
"QC_RECORD","检验记录单","doc","生产管理","生产制造","qc_record","qc_record_detail"
"QC_RECV","送料暂收单","doc","库存核算","库存核算","sl_recv","sl_recv_detail"
"QC_RETURN","暂收退料单","doc","采购管理","库存核算","qc_return","qc_return_detail"
"QC_SCP","试产材料使用申请单","doc","单据","品质管理","qc_scp","qc_scp_detail"
"QC_SCY","生产异常分析报告","doc","单据","品质管理","qc_scy","qc_scy_detail"
"QC_TC_IN","特采单","doc","单据","品质管理","qc_tc_in","qc_tc_in_detail"
"RD_ALKALINE","碱性","doc","单据","研发管理","rd_alkaline_head","rd_alkaline_detail"
"RD_ANTIBACT","抑菌","doc","单据","研发管理","rd_antibact_head","rd_antibact_detail"
"RD_APPROVAL","立项申请","doc","单据","研发管理","rd_approval","rd_approval_detail"
"RD_ASM_BOM","组装BOM表","doc","单据","研发管理","rd_asm_bom_head","rd_asm_bom_detail"
"RD_ASM_PROC","组装工艺清单","doc","单据","研发管理","rd_asm_proc_head","rd_asm_proc_detail"
"RD_CHANGE","产品变更申请单","doc","单据","研发管理","rd_change_head","rd_change_detail"
"RD_DOM_TEST","内部委托测试申请单","doc","单据","研发管理","rd_dom_test_head","rd_dom_test_detail"
"RD_DROP_PREC","压降、精度","doc","单据","研发管理","rd_drop_prec_head","rd_drop_prec_detail"
"RD_EQUIP_USE","设备使用登记表","doc","单据","研发管理","rd_equip_use_head","rd_equip_use_detail"
"RD_FILTER_EFF","功能性滤效","doc","单据","研发管理","rd_filter_eff_head","rd_filter_eff_detail"
"RD_INSP_PLAN","出货检验计划表","doc","单据","研发管理","rd_insp_plan_head","rd_insp_plan_detail"
"RD_INSTR_USE","仪器使用记录表","doc","单据","研发管理","rd_instr_use_head","rd_instr_use_detail"
"RD_MINERAL","矿化","doc","单据","研发管理","rd_mineral_head","rd_mineral_detail"
"RD_MOLD_FORMULA","成型配方","doc","单据","研发管理","rd_mold_formula_head","rd_mold_formula_detail"
"RD_MOLD_PROC","成型工艺清单","doc","单据","研发管理","rd_mold_proc_head","rd_mold_proc_detail"
"RD_PLAN","项目实施计划","doc","单据","研发管理","rd_plan","rd_plan_detail"
"RD_PROD_DOCLIST","产品文件列表","doc","单据","研发管理","rd_prod_doclist_head","rd_prod_doclist_detail"
"RD_PROD_INFO","产品信息表","doc","单据","研发管理","rd_prod_info_head","rd_prod_info_detail"
"RD_PROGRESS","项目进度查询","doc","单据","研发管理","rd_progress","rd_progress_detail"
"RD_RO_PROTECT","RO保护","doc","单据","研发管理","rd_ro_protect_head","rd_ro_protect_detail"
"RD_SAMPLE_NO","样品编号表","doc","单据","研发管理","rd_sample_no_head","rd_sample_no_detail"
"RD_SCALE","阻垢性能","doc","单据","研发管理","rd_scale_head","rd_scale_detail"
"RD_SHARE_FILE","共享文件库","archive","研发管理","研发管理","yj_share_file","yj_share_file"
"RD_SINTER_TOL","烧结尺寸表","archive","基础设置","基础设置","","rd_sinter_tolerance"
"RD_SOAK","浸泡安全","doc","单据","研发管理","rd_soak_head","rd_soak_detail"
"RD_SPEC_DOC","规格书","doc","单据","研发管理","rd_spec_doc_head","rd_spec_doc_detail"
"RD_SPIKE_WATER","加标水配置记录表","doc","单据","研发管理","rd_spike_water_head","rd_spike_water_detail"
"REGION","地区","archive","基础设置","基础设置","","bs_region"
"REJECT","不合格原因","archive","基础设置","基础设置","","bs_reject"
"RKD","入库单","doc","单据","仓库管理","","inh"
"ROD_RETURN","炭棒不良退货登记","doc","生产管理","生产制造","rod_return","rod_return_detail"
"ROUTE","工艺路线","archive","基础设置","基础设置","","bs_route"
"SALE_OUT","销售出库单","doc","库存核算","库存核算","bd_sale_out","bl_sale_out"
"SALE_OUT_DETAIL","销售出库单明细表","flat","报表","库存核算","","v_sale_out_detail"
"SALE_OUT_STATS","销售出库单统计表","flat","报表","库存核算","","v_sale_out_stats"
"SALES_ORDER_DETAIL","销售订单明细表","flat","报表","智能供应链","","v_sales_order_detail"
"SALES_ORDER_STATS","销售订单统计表","flat","报表","智能供应链","","v_sales_order_stats"
"SAMPLE_REQ","样品申请单","doc","生产管理","生产制造","sample_req","sample_req_detail"
"SETTLE","结算方式","archive","基础设置","基础设置","","bs_settle_type"
"SO_ORDER","销售订单","doc","智能供应链","智能供应链","bd_so_order","bl_so_order"
"STOCK_BALANCE","库存状况表","flat","报表","","","v_stock_balance"
"STOCK_LEDGER","库存台账","flat","报表","","","v_stock_ledger"
"STOCK_STATUS","库存状况","flat","报表","","","kucun"
"STOCK_SUMMARY","收发存汇总表","flat","报表","","","v_stock_summary"
"SUPGRP","供应商分类","archive","基础设置","基础设置","","bs_supplier_group"
"TEAM","班组","archive","基础设置","基础设置","","bs_team"
"UOM","计量单位","archive","基础设置","基础设置","","bs_uom"
"WC","工作中心","archive","基础设置","基础设置","","bs_wc"
"WH","仓库","archive","基础设置","基础设置","","bs_wh"
"WH_RECORD","无黑处理登记","doc","生产管理","生产制造","wh_record","wh_record_detail"
"WHLOC","库位","archive","基础档案","基础设置","","bs_wh_loc"
"WLBOM","物料清单","doc","单据","生产管理","","mate"
"WO_KIT","工单齐套表","flat","报表","生产制造","","v_wo_kit"
"WO_ORDER","生产工单(旧版)","doc","生产管理","生产制造","wo_order","wo_progress"
"WO_PROGRESS","工单工序进度","flat","生产管理","生产制造","","wo_progress"
"WO_REPORT","工序报工单","doc","生产管理","生产制造","","scjl"
"WO_REPORT_LIST","报工记录","flat","生产管理","生产制造","","scjl"
"WO_SCHEDULE","排单计划","flat","报表","生产制造","","v_wo_schedule"
"ZDGL","数据字典","archive","基础档案","基础资料","","bs_dict"
