table,sql_refs,sql_refs_biz,panel_refs,mentions,sample_files
"address",56,0,8,117,"frontend/src/i18n/locales/en.js | tools/deploy-all.sql | tools/i18n-p3-labels.sql"
"area_city",23,0,1,16,"deploy/sync-db-comments.sql"
"area_code",11,0,1,8,"deploy/sync-db-comments.sql"
"area_country",35,0,1,24,"deploy/sync-db-comments.sql"
"area_district",23,0,1,16,"deploy/sync-db-comments.sql"
"area_province",26,0,1,18,"deploy/sync-db-comments.sql"
"bacord",41,0,1,32,"deploy/sync-db-comments.sql"
"bd_account",51,0,7,40,"tools/migrate-base-fields.sql | tools/migrate-fin-archive.sql | tools/migrate-table-comments.sql"
"bd_dispatch",99,0,13,71,"tools/deploy-all.sql | tools/dispatch-reports.sql | tools/dump-server-views.sql"
"bd_expense_type",43,0,7,34,"tools/migrate-base-fields.sql | tools/migrate-fin-archive.sql | tools/migrate-table-comments.sql"
"bd_finish_in",118,2,12,66,"backend/src/main/java/com/yinjia/mes/service/ManuWritebackService.java | backend/src/main/java/com/yinjia/mes/service/ScheduleBoardService.java | backend/src/main/java/com/yinjia/mes/service/StockLedgerService.java"
"bd_manu_order",247,16,20,242,"backend/src/main/java/com/yinjia/mes/panel/ManuCloseHandler.java | backend/src/main/java/com/yinjia/mes/panel/ManuFirstArticleHandler.java | backend/src/main/java/com/yinjia/mes/panel/ManuPurchaseReqHandler.java"
"bd_material_out",151,2,14,80,"backend/src/main/java/com/yinjia/mes/service/ManuWritebackService.java | backend/src/main/java/com/yinjia/mes/service/ScheduleBoardService.java | backend/src/main/java/com/yinjia/mes/service/StockLedgerService.java"
"bd_other_in",104,1,13,62,"backend/src/main/java/com/yinjia/mes/service/StockLedgerService.java | tools/deploy-all.sql | tools/fix-db-restore-20260915.sql"
"bd_other_out",127,0,13,76,"tools/deploy-all.sql | tools/fix-db-restore-20260915.sql | tools/fix-views-ultimate.sql"
"bd_outsource_in",94,1,9,55,"backend/src/main/java/com/yinjia/mes/service/StockLedgerService.java | tools/deploy-all.sql | tools/fix-db-restore-20260915.sql"
"bd_outsource_issue",100,1,9,58,"backend/src/main/java/com/yinjia/mes/service/StockLedgerService.java | tools/deploy-all.sql | tools/fix-db-restore-20260915.sql"
"bd_outsource_order",97,0,9,73,"tools/deploy-all.sql | tools/migrate-formno-style.sql | tools/migrate-golive-cleanup.sql"
"bd_prod_abn",1,0,1,8,"tools/migrate-prod-batch-first-article.sql"
"bd_pu_order",657,1,21,262,"backend/src/main/java/com/yinjia/mes/service/ButtonService.java | backend/src/main/java/com/yinjia/mes/service/KingdeePushService.java | tools/deploy-all.sql"
"bd_pu_req",99,0,8,71,"tools/deploy-all.sql | tools/migrate-golive-cleanup.sql | tools/migrate-table-comments.sql"
"bd_purchase_in",819,4,27,378,"backend/src/main/java/com/yinjia/mes/service/BatchService.java | backend/src/main/java/com/yinjia/mes/service/ButtonService.java | backend/src/main/java/com/yinjia/mes/service/KingdeePushService.java"
"bd_sale_out",753,1,18,307,"backend/src/main/java/com/yinjia/mes/service/ButtonService.java | backend/src/main/java/com/yinjia/mes/service/KingdeePushService.java | backend/src/main/java/com/yinjia/mes/service/StockLedgerService.java"
"bd_so_order",824,7,16,291,"backend/src/main/java/com/yinjia/mes/service/DashboardStatsService.java | backend/src/main/java/com/yinjia/mes/service/OrderConvertService.java | backend/src/main/java/com/yinjia/mes/service/QuickScheduleService.java"
"bd_tax_type",41,0,7,32,"tools/migrate-base-fields.sql | tools/migrate-fin-archive.sql | tools/migrate-table-comments.sql"
"bl_dispatch",156,0,11,89,"tools/deploy-all.sql | tools/dispatch-reports.sql | tools/dump-server-views.sql"
"bl_finish_in",116,2,14,67,"backend/src/main/java/com/yinjia/mes/service/ButtonService.java | backend/src/main/java/com/yinjia/mes/service/ManuWritebackService.java | backend/src/main/java/com/yinjia/mes/service/StockLedgerService.java"
"bl_manu_order",177,9,13,108,"backend/src/main/java/com/yinjia/mes/panel/ManuFirstArticleHandler.java | backend/src/main/java/com/yinjia/mes/panel/ManuPurchaseReqHandler.java | backend/src/main/java/com/yinjia/mes/panel/ManuSplitHandler.java"
"bl_material_out",140,2,14,73,"backend/src/main/java/com/yinjia/mes/service/ManuWritebackService.java | backend/src/main/java/com/yinjia/mes/service/ScheduleBoardService.java | backend/src/main/java/com/yinjia/mes/service/StockLedgerService.java"
"bl_other_in",106,1,14,64,"backend/src/main/java/com/yinjia/mes/service/StockLedgerService.java | tools/check-migrations.sql | tools/deploy-all.sql"
"bl_other_out",97,1,13,56,"backend/src/main/java/com/yinjia/mes/service/StockLedgerService.java | tools/deploy-all.sql | tools/fix-db-restore-20260915.sql"
"bl_outsource_in",92,1,14,56,"backend/src/main/java/com/yinjia/mes/service/StockLedgerService.java | tools/check-migrations.sql | tools/deploy-all.sql"
"bl_outsource_issue",90,1,11,50,"backend/src/main/java/com/yinjia/mes/service/StockLedgerService.java | tools/deploy-all.sql | tools/fix-db-restore-20260915.sql"
"bl_outsource_order",72,0,8,47,"tools/deploy-all.sql | tools/migrate-golive-cleanup.sql | tools/migrate-table-comments.sql"
"bl_pu_order",688,0,14,249,"backend/src/main/java/com/yinjia/mes/service/KingdeePushService.java | tools/deploy-all.sql | tools/migrate-batch-backfill.sql"
"bl_pu_req",90,0,8,67,"tools/deploy-all.sql | tools/migrate-golive-cleanup.sql | tools/migrate-panda-parity.sql"
"bl_purchase_in",676,3,30,257,"backend/src/main/java/com/yinjia/mes/service/ButtonService.java | backend/src/main/java/com/yinjia/mes/service/KingdeePushService.java | backend/src/main/java/com/yinjia/mes/service/StockLedgerService.java"
"bl_sale_out",766,1,15,264,"backend/src/main/java/com/yinjia/mes/service/KingdeePushService.java | backend/src/main/java/com/yinjia/mes/service/StockLedgerService.java | tools/deploy-all.sql"
"bl_so_order",797,9,15,286,"backend/src/main/java/com/yinjia/mes/service/DashboardStatsService.java | backend/src/main/java/com/yinjia/mes/service/OrderConvertService.java | backend/src/main/java/com/yinjia/mes/service/QuickScheduleService.java"
"bs_bom",144,4,10,83,"backend/src/main/java/com/yinjia/mes/controller/WorkOrderListController.java | backend/src/main/java/com/yinjia/mes/panel/ManuPurchaseReqHandler.java | backend/src/main/java/com/yinjia/mes/panel/WoPickingHandler.java"
"bs_currency",106,0,4,59,"tools/migrate-golive-cleanup.sql | tools/migrate-kingdee-archive-align2.sql | tools/migrate-kingdee-archive-fields.sql"
"bs_customer_group",52,0,4,39,"tools/migrate-kingdee-archive-align2.sql | deploy/pkg-incr-20260922c/tools/migrate-kingdee-archive-align2.sql | deploy/sync-core.mjs"
"bs_dept",153,0,13,74,"tools/deploy-all.sql | tools/migrate-base-fields.sql | tools/migrate-kingdee-archive-align2.sql"
"bs_dict",105,0,10,53,"tools/deploy-all.sql | tools/fix-bsdict.sql | tools/fix-zdgl-perf.sql"
"bs_emp",162,0,11,79,"tools/deploy-all.sql | tools/migrate-auditor-ref.sql | tools/migrate-kingdee-archive-align2.sql"
"bs_equip",96,0,10,67,"tools/deploy-all.sql | tools/migrate-base-fields.sql | tools/migrate-table-comments.sql"
"bs_inv",1298,11,20,343,"backend/src/main/java/com/yinjia/mes/controller/WorkOrderListController.java | backend/src/main/java/com/yinjia/mes/service/ButtonService.java | backend/src/main/java/com/yinjia/mes/service/OrderConvertService.java"
"bs_inv_price",114,0,9,79,"tools/deploy-all.sql | tools/dump-schema-log.sql | tools/migrate-rebuild-inventory.sql"
"bs_material_group",84,0,4,49,"tools/migrate-kingdee-archive-align2.sql | tools/migrate-kingdee-archive-fields.sql | deploy/pkg-incr-20260922c/tools/migrate-kingdee-archive-align2.sql"
"bs_op",119,1,10,64,"backend/src/main/java/com/yinjia/mes/service/ButtonService.java | tools/deploy-all.sql | tools/migrate-base-fields.sql"
"bs_partner",114,2,8,71,"backend/src/main/java/com/yinjia/mes/service/OrderConvertService.java | backend/src/main/java/com/yinjia/mes/service/ScheduleBoardService.java | tools/DbInit.java"
"bs_prod_line",42,8,3,35,"backend/src/main/java/com/yinjia/mes/controller/ProdLineController.java | backend/src/main/java/com/yinjia/mes/panel/WoPickingHandler.java | backend/src/main/java/com/yinjia/mes/service/DashboardStatsService.java"
"bs_proj",71,0,10,51,"tools/deploy-all.sql | tools/fix-proj-customer-ref.sql | tools/migrate-base-fields.sql"
"bs_qc_item",59,0,8,43,"tools/deploy-all.sql | tools/migrate-table-comments.sql | tools/_bs_part1_tables.sql"
"bs_qc_plan",50,0,8,37,"tools/deploy-all.sql | tools/migrate-table-comments.sql | tools/_bs_part1_tables.sql"
"bs_region",55,0,10,39,"tools/deploy-all.sql | tools/migrate-base-fields.sql | tools/migrate-table-comments.sql"
"bs_reject",60,0,10,41,"tools/deploy-all.sql | tools/migrate-base-fields.sql | tools/migrate-table-comments.sql"
"bs_route",102,0,8,61,"tools/deploy-all.sql | tools/migrate-table-comments.sql | tools/_bs_part1_tables.sql"
"bs_settle_type",43,0,4,33,"tools/migrate-kingdee-archive-align2.sql | deploy/pkg-incr-20260922c/tools/migrate-kingdee-archive-align2.sql | deploy/sync-core.mjs"
"bs_supplier_group",49,0,4,37,"tools/migrate-kingdee-archive-align2.sql | deploy/pkg-incr-20260922c/tools/migrate-kingdee-archive-align2.sql | deploy/sync-core.mjs"
"bs_team",65,1,10,47,"backend/src/main/java/com/yinjia/mes/service/ScheduleBoardService.java | tools/deploy-all.sql | tools/migrate-base-fields.sql"
"bs_uom",156,0,13,79,"backend/src/main/java/com/yinjia/mes/service/KingdeePushService.java | tools/deploy-all.sql | tools/migrate-base-fields.sql"
"bs_wc",120,0,8,55,"tools/deploy-all.sql | tools/migrate-basedata.sql | tools/migrate-manu-order-schedule.sql"
"bs_wh",233,10,15,112,"backend/src/main/java/com/yinjia/mes/controller/ShellController.java | backend/src/main/java/com/yinjia/mes/service/ButtonService.java | backend/src/main/java/com/yinjia/mes/service/DashboardStatsService.java"
"bxsq",119,0,1,80,"deploy/sync-db-comments.sql"
"cbhs",167,0,1,112,"deploy/sync-db-comments.sql"
"chdcmx",140,0,1,94,"deploy/sync-db-comments.sql"
"chsq",153,0,2,103,"tools/migrate-kucun-ckdm-widen-20260924.sql | deploy/sync-db-comments.sql"
"chtz",137,0,1,92,"deploy/sync-db-comments.sql"
"computer",44,0,1,30,"deploy/sync-db-comments.sql"
"cp_barcode",86,0,1,58,"deploy/sync-db-comments.sql"
"cpfpmx",71,0,1,48,"deploy/sync-db-comments.sql"
"day_report",47,0,10,149,"frontend/src/business/menus.js | tools/check-migrations.sql | tools/gen/gen-db-catalog.cjs"
"day_report_detail",75,0,5,54,"tools/gen/gen-db-catalog.cjs | tools/migrate-golive-cleanup.sql | tools/migrate-prod-forms.sql"
"dh",86,0,3,111,"backend/src/main/java/com/yinjia/mes/service/FormNoService.java | tools/fix-s-allno-ny.sql | tools/legacy-hsdz-compat.sql"
"dm_ck",69,0,4,49,"frontend/src/core/views/PanelxList.vue | tools/gen/gen-legacy-compat.cjs | tools/legacy-hsdz-compat.sql"
"dm_dbzsd",65,0,1,44,"deploy/sync-db-comments.sql"
"dm_fylb",50,0,1,34,"deploy/sync-db-comments.sql"
"dm_gf",404,0,10,190,"tools/gen/gen-legacy-compat.cjs | tools/legacy-hsdz-compat.sql | tools/migrate-fix-qc-recv-ref-20260924.sql"
"dm_gfjj",101,0,1,68,"deploy/sync-db-comments.sql"
"dm_gx",180,0,4,95,"tools/deploy-all.sql | tools/fix-db-restore-20260915.sql | tools/fix-zdgl-perf.sql"
"dm_gz",44,0,1,30,"deploy/sync-db-comments.sql"
"dm_jjlb",44,0,1,30,"deploy/sync-db-comments.sql"
"dm_key",53,0,1,38,"tools/gen/gen-db-catalog.cjs | deploy/sync-db-comments.sql"
"dm_kh",673,5,13,296,"backend/src/main/java/com/yinjia/mes/controller/WorkOrderListController.java | backend/src/main/java/com/yinjia/mes/service/OrderConvertService.java | backend/src/main/java/com/yinjia/mes/service/ScheduleBoardService.java"
"dm_khgjjl",62,0,1,42,"deploy/sync-db-comments.sql"
"dm_khlxr",53,0,1,36,"deploy/sync-db-comments.sql"
"dm_khsj",98,0,1,66,"deploy/sync-db-comments.sql"
"dm_khzl",260,0,1,174,"deploy/sync-db-comments.sql"
"dm_ks",47,0,1,32,"deploy/sync-db-comments.sql"
"dm_langue",44,0,1,31,"tools/gen/gen-db-catalog.cjs | deploy/sync-db-comments.sql"
"dm_myjj",26,0,1,18,"deploy/sync-db-comments.sql"
"dm_py",33,0,2,24,"tools/gen/gen-db-catalog.cjs | tools/migrate-table-comments.sql | deploy/sync-db-comments.sql"
"dm_style",77,0,1,52,"deploy/sync-db-comments.sql"
"dm_sys",14,0,1,10,"deploy/sync-db-comments.sql"
"dm_tax",50,0,1,34,"deploy/sync-db-comments.sql"
"dm_wz",116,0,1,78,"deploy/sync-db-comments.sql"
"dm_wzbacord",53,0,1,36,"deploy/sync-db-comments.sql"
"dm_wzddw",56,0,1,38,"deploy/sync-db-comments.sql"
"dm_wzlb",38,0,1,26,"deploy/sync-db-comments.sql"
"dm_wzsx",48,0,2,33,"tools/migrate-table-comments.sql | deploy/sync-db-comments.sql"
"dm_xl",44,0,1,30,"deploy/sync-db-comments.sql"
"dm_yh",56,0,1,38,"deploy/sync-db-comments.sql"
"dm_ywy",291,0,4,196,"tools/gen/gen-legacy-compat.cjs | tools/legacy-hsdz-compat.sql | tools/setup-db.sql"
"dm_ywylb",38,0,1,26,"deploy/sync-db-comments.sql"
"dm_zjfl",59,0,1,40,"deploy/sync-db-comments.sql"
"dm_zw",44,0,1,30,"deploy/sync-db-comments.sql"
"dorder",125,0,1,84,"deploy/sync-db-comments.sql"
"equip_check",47,0,10,104,"frontend/src/business/menus.js | tools/gen/gen-db-catalog.cjs | tools/migrate-golive-cleanup.sql"
"equip_check_detail",46,0,9,40,"tools/gen/gen-db-catalog.cjs | tools/migrate-golive-cleanup.sql | tools/migrate-prod-forms-fix.sql"
"erp_imp_log",55,0,5,41,"tools/gen/gen-db-catalog.cjs | tools/migrate-basedata.sql | tools/migrate-golive-cleanup.sql"
"erp_imp_row",37,0,6,34,"tools/gen/gen-db-catalog.cjs | tools/migrate-basedata.sql | tools/migrate-golive-cleanup.sql"
"feed_confirm",44,0,8,100,"frontend/src/business/menus.js | tools/gen/gen-db-catalog.cjs | tools/migrate-golive-cleanup.sql"
"feed_confirm_detail",44,0,5,34,"tools/gen/gen-db-catalog.cjs | tools/migrate-golive-cleanup.sql | tools/migrate-prod-forms.sql"
"fgjl",236,0,1,158,"deploy/sync-db-comments.sql"
"fgjl_ls",239,0,1,160,"deploy/sync-db-comments.sql"
"fgjlhz",59,0,1,40,"deploy/sync-db-comments.sql"
"flash",53,0,1,41,"frontend/src/core/views/QcInspReqSheet.vue | frontend/src/i18n/locales/en.js | tools/migrate-qc-insp-req.sql"
"form_flow_link",102,44,6,65,"backend/src/main/java/com/yinjia/mes/panel/ManuPurchaseReqHandler.java | backend/src/main/java/com/yinjia/mes/panel/PushGenerateHandler.java | backend/src/main/java/com/yinjia/mes/panel/WoPickingHandler.java"
"from_excel",56,0,1,38,"deploy/sync-db-comments.sql"
"gdzc",47,0,1,32,"deploy/sync-db-comments.sql"
"gran_record",86,0,12,180,"frontend/src/business/menus.js | tools/gen/gen-db-catalog.cjs | tools/migrate-golive-cleanup.sql"
"gran_record_detail",21,0,6,21,"tools/check-migrations.sql | tools/gen/gen-db-catalog.cjs | tools/migrate-golive-cleanup.sql"
"gscs",113,0,1,77,"tools/gen/gen-db-catalog.cjs | deploy/sync-db-comments.sql"
"gssp",89,0,1,60,"deploy/sync-db-comments.sql"
"gszl",65,0,1,44,"deploy/sync-db-comments.sql"
"gxgs",358,0,3,226,"frontend/src/business/menus.js | tools/migrate-op-time-and-scx.sql | tools/migrate-op-time-table.sql"
"gzb",101,0,1,68,"deploy/sync-db-comments.sql"
"gzffjl",137,0,1,92,"deploy/sync-db-comments.sql"
"gzzc",56,0,1,38,"deploy/sync-db-comments.sql"
"huiyuan",98,0,1,66,"deploy/sync-db-comments.sql"
"huiyuan_hz",98,0,1,66,"deploy/sync-db-comments.sql"
"inh",284,4,5,198,"backend/src/main/java/com/yinjia/mes/service/DashboardStatsService.java | backend/src/main/java/com/yinjia/mes/service/FormNoService.java | backend/src/main/java/com/yinjia/mes/service/ManuWritebackService.java"
"inv_cost_ledger",13,4,1,11,"backend/src/main/java/com/yinjia/mes/MesApplication.java | backend/src/main/java/com/yinjia/mes/service/ButtonService.java | backend/src/main/java/com/yinjia/mes/service/InvCostService.java"
"Invoice",113,0,1,87,"tools/migrate-kingdee-archive-fields.sql | tools/migrate-so-extra-cols.sql | tools/migrate-yj-translation-dedupe.sql"
"jgsd",104,0,1,70,"deploy/sync-db-comments.sql"
"jrhz",71,0,1,48,"deploy/sync-db-comments.sql"
"jrhz_ls",71,0,1,48,"deploy/sync-db-comments.sql"
"jyd",111,0,2,77,"tools/migrate-kucun-ckdm-widen-20260924.sql | tools/migrate-qc-3docs-rebuild.sql | deploy/pkg-incr-20260922c/tools/migrate-qc-3docs-rebuild.sql"
"jyd_bs",74,0,1,50,"deploy/sync-db-comments.sql"
"khts",71,0,1,48,"deploy/sync-db-comments.sql"
"kjkm",68,0,1,58,"deploy/sync-db-comments.sql"
"kjpz",89,0,1,60,"deploy/sync-db-comments.sql"
"kjpz_bs",86,0,1,58,"deploy/sync-db-comments.sql"
"kmye",53,0,1,36,"deploy/sync-db-comments.sql"
"kqbc",62,0,1,42,"deploy/sync-db-comments.sql"
"kqewm",44,0,1,30,"deploy/sync-db-comments.sql"
"kqjjr",47,0,1,32,"deploy/sync-db-comments.sql"
"kqqjd",74,0,1,50,"deploy/sync-db-comments.sql"
"kqsj",65,0,1,44,"deploy/sync-db-comments.sql"
"kqsj_ls",68,0,1,46,"deploy/sync-db-comments.sql"
"kqyc",59,0,1,40,"deploy/sync-db-comments.sql"
"kucun",132,14,14,119,"backend/src/main/java/com/yinjia/mes/controller/PortalController.java | backend/src/main/java/com/yinjia/mes/panel/ManuPurchaseReqHandler.java | backend/src/main/java/com/yinjia/mes/panel/WoPickingHandler.java"
"log",38,0,2,646,"backend/src/main/java/com/yinjia/mes/controller/PxController.java | backend/src/main/java/com/yinjia/mes/ocr/AliyunOcrGateway.java | backend/src/main/java/com/yinjia/mes/service/ButtonService.java"
"maint_plan",41,0,10,100,"frontend/src/business/menus.js | tools/gen/gen-db-catalog.cjs | tools/migrate-golive-cleanup.sql"
"maint_plan_detail",47,0,7,38,"tools/gen/gen-db-catalog.cjs | tools/migrate-golive-cleanup.sql | tools/migrate-prod-forms-fix.sql"
"mate",116,1,4,85,"backend/src/main/java/com/yinjia/mes/service/DashboardStatsService.java | backend/src/main/java/com/yinjia/mes/service/QueryService.java | tools/gen/gen-db-catalog.cjs"
"mate_jtsh",59,0,1,41,"tools/gen/gen-db-catalog.cjs | deploy/sync-db-comments.sql"
"mix_record",53,0,8,106,"frontend/src/business/menus.js | tools/gen/gen-db-catalog.cjs | tools/migrate-golive-cleanup.sql"
"mix_record_detail",38,0,5,30,"tools/gen/gen-db-catalog.cjs | tools/migrate-golive-cleanup.sql | tools/migrate-prod-forms.sql"
"odprice_bs",335,0,1,224,"deploy/sync-db-comments.sql"
"odprice_bt",194,0,1,130,"deploy/sync-db-comments.sql"
"OdSample_bs",74,0,1,50,"deploy/sync-db-comments.sql"
"OdSample_wl",95,0,1,64,"deploy/sync-db-comments.sql"
"order_bs",396,0,4,269,"backend/src/main/java/com/yinjia/mes/service/QueryService.java | tools/gen/gen-legacy-compat.cjs | tools/legacy-hsdz-compat.sql"
"order_bt",260,0,5,181,"backend/src/main/java/com/yinjia/mes/service/QueryService.java | tools/gen/gen-legacy-compat.cjs | tools/legacy-hsdz-compat.sql"
"order1",89,0,1,60,"deploy/sync-db-comments.sql"
"OrderSample",134,0,1,90,"deploy/sync-db-comments.sql"
"outh",319,3,4,218,"backend/src/main/java/com/yinjia/mes/service/DashboardStatsService.java | backend/src/main/java/com/yinjia/mes/service/ManuWritebackService.java | backend/src/main/java/com/yinjia/mes/service/QueryService.java"
"pack_confirm",53,0,10,100,"frontend/src/business/menus.js | tools/gen/gen-db-catalog.cjs | tools/migrate-golive-cleanup.sql"
"pack_confirm_detail",21,0,6,21,"tools/check-migrations.sql | tools/gen/gen-db-catalog.cjs | tools/migrate-golive-cleanup.sql"
"pandian",57,0,2,39,"tools/migrate-kucun-ckdm-widen-20260924.sql | deploy/sync-db-comments.sql"
"pd_history",36,0,2,25,"tools/migrate-kucun-ckdm-widen-20260924.sql | deploy/sync-db-comments.sql"
"pd_zzp",36,0,2,25,"tools/migrate-kucun-ckdm-widen-20260924.sql | deploy/sync-db-comments.sql"
"pd_zzphistory",36,0,2,25,"tools/migrate-kucun-ckdm-widen-20260924.sql | deploy/sync-db-comments.sql"
"pd_zzprq",20,0,1,14,"deploy/sync-db-comments.sql"
"permission",41,0,1,40,"backend/src/main/java/com/yinjia/mes/controller/SysAdminController.java | backend/src/main/java/com/yinjia/mes/service/PanelRegistry.java | frontend/src/i18n/locales/en.js"
"pjjl",158,0,1,107,"tools/migrate-qc-insp-fields.sql | deploy/sync-db-comments.sql"
"pjjl_sz",89,0,1,60,"deploy/sync-db-comments.sql"
"plang",234,36,7,233,"backend/src/main/java/com/yinjia/mes/controller/OrderConvertController.java | backend/src/main/java/com/yinjia/mes/controller/WorkOrderListController.java | backend/src/main/java/com/yinjia/mes/panel/ManuScheduleHandler.java"
"plang_pc",186,8,2,176,"backend/src/main/java/com/yinjia/mes/panel/ManuCloseHandler.java | backend/src/main/java/com/yinjia/mes/panel/ManuScheduleHandler.java | backend/src/main/java/com/yinjia/mes/service/ButtonService.java"
"Porder",201,0,4,141,"backend/src/main/java/com/yinjia/mes/service/QueryService.java | tools/gen/gen-legacy-compat.cjs | tools/legacy-hsdz-compat.sql"
"pr_asm_daily",52,0,4,69,"tools/migrate-phase23-forms-batch2.sql | tools/migrate-table-comments.sql | deploy/pkg-incr-20260922c/tools/migrate-phase23-forms-batch2.sql"
"pr_asm_incoming",55,0,4,75,"tools/migrate-phase23-forms.sql | tools/migrate-table-comments.sql | deploy/pkg-incr-20260922c/tools/migrate-phase23-forms.sql"
"pr_asm_return",46,0,4,61,"tools/migrate-phase23-forms-batch2.sql | tools/migrate-table-comments.sql | deploy/pkg-incr-20260922c/tools/migrate-phase23-forms-batch2.sql"
"pr_black_test",46,0,4,61,"tools/migrate-phase23-forms-batch2.sql | tools/migrate-table-comments.sql | deploy/pkg-incr-20260922c/tools/migrate-phase23-forms-batch2.sql"
"pr_cut_daily",58,0,4,79,"tools/migrate-phase23-forms.sql | tools/migrate-table-comments.sql | deploy/pkg-incr-20260922c/tools/migrate-phase23-forms.sql"
"pr_demold_qc",49,0,4,65,"tools/migrate-phase23-forms-batch2.sql | tools/migrate-table-comments.sql | deploy/pkg-incr-20260922c/tools/migrate-phase23-forms-batch2.sql"
"pr_efficiency",40,0,4,53,"tools/migrate-phase23-forms-batch2.sql | tools/migrate-table-comments.sql | deploy/pkg-incr-20260922c/tools/migrate-phase23-forms-batch2.sql"
"pr_flow_card",58,0,4,77,"tools/migrate-phase23-forms-batch2.sql | tools/migrate-table-comments.sql | deploy/pkg-incr-20260922c/tools/migrate-phase23-forms-batch2.sql"
"pr_form_daily",52,0,4,69,"tools/migrate-phase23-forms-batch2.sql | tools/migrate-table-comments.sql | deploy/pkg-incr-20260922c/tools/migrate-phase23-forms-batch2.sql"
"pr_form_first",55,0,4,75,"tools/migrate-phase23-forms.sql | tools/migrate-table-comments.sql | deploy/pkg-incr-20260922c/tools/migrate-phase23-forms.sql"
"pr_maintenance",46,0,4,61,"tools/migrate-phase23-forms-batch2.sql | tools/migrate-table-comments.sql | deploy/pkg-incr-20260922c/tools/migrate-phase23-forms-batch2.sql"
"pr_mat_inspect",52,0,4,69,"tools/migrate-phase23-forms-batch2.sql | tools/migrate-table-comments.sql | deploy/pkg-incr-20260922c/tools/migrate-phase23-forms-batch2.sql"
"pr_mix_blend",43,0,4,57,"tools/migrate-phase23-forms-batch2.sql | tools/migrate-table-comments.sql | deploy/pkg-incr-20260922c/tools/migrate-phase23-forms-batch2.sql"
"pr_mix_check",46,0,4,61,"tools/migrate-phase23-forms-batch2.sql | tools/migrate-table-comments.sql | deploy/pkg-incr-20260922c/tools/migrate-phase23-forms-batch2.sql"
"pr_mix_confirm",55,0,4,73,"tools/migrate-phase23-forms.sql | tools/migrate-table-comments.sql | deploy/pkg-incr-20260922c/tools/migrate-phase23-forms.sql"
"pr_mix_daily",50,0,5,66,"tools/migrate-phase23-forms-batch2.sql | tools/migrate-table-comments.sql | tools/_probe-report-rollout-sample.sql"
"pr_mix_feed",43,0,4,57,"tools/migrate-phase23-forms-batch2.sql | tools/migrate-table-comments.sql | deploy/pkg-incr-20260922c/tools/migrate-phase23-forms-batch2.sql"
"pr_mix_granule",49,0,4,65,"tools/migrate-phase23-forms-batch2.sql | tools/migrate-table-comments.sql | deploy/pkg-incr-20260922c/tools/migrate-phase23-forms-batch2.sql"
"pr_mix_process",46,0,4,61,"tools/migrate-phase23-forms-batch2.sql | tools/migrate-table-comments.sql | deploy/pkg-incr-20260922c/tools/migrate-phase23-forms-batch2.sql"
"pr_no_black",46,0,4,61,"tools/migrate-phase23-forms-batch2.sql | tools/migrate-table-comments.sql | deploy/pkg-incr-20260922c/tools/migrate-phase23-forms-batch2.sql"
"pr_pack_confirm",52,0,4,69,"tools/migrate-phase23-forms.sql | tools/migrate-table-comments.sql | deploy/pkg-incr-20260922c/tools/migrate-phase23-forms.sql"
"pr_patrol_qc",46,0,4,61,"tools/migrate-phase23-forms-batch2.sql | tools/migrate-table-comments.sql | deploy/pkg-incr-20260922c/tools/migrate-phase23-forms-batch2.sql"
"pr_qc_control",43,0,4,57,"tools/migrate-phase23-forms-batch2.sql | tools/migrate-table-comments.sql | deploy/pkg-incr-20260922c/tools/migrate-phase23-forms-batch2.sql"
"pr_scrap",52,0,6,73,"tools/migrate-db-norm-cleanup.sql | tools/migrate-phase23-forms-batch2.sql | tools/migrate-server-parity-20260928.sql"
"pr_sinter_qc",55,0,4,73,"tools/migrate-phase23-forms-batch2.sql | tools/migrate-table-comments.sql | deploy/pkg-incr-20260922c/tools/migrate-phase23-forms-batch2.sql"
"pzfk",71,0,1,48,"deploy/sync-db-comments.sql"
"qc_bhc",106,0,7,196,"frontend/src/business/menus.js | frontend/src/core/views/docSheetConfigs.js | tools/migrate-db-norm-cleanup.sql"
"qc_bhc_detail",22,0,4,19,"tools/migrate-db-norm-cleanup.sql | tools/migrate-qc-8sheets.sql | deploy/pkg-incr-20260922c/tools/migrate-qc-8sheets.sql"
"qc_bhg",91,0,7,167,"frontend/src/business/menus.js | frontend/src/core/views/docSheetConfigs.js | tools/migrate-db-norm-cleanup.sql"
"qc_bhg_detail",22,0,4,19,"tools/migrate-db-norm-cleanup.sql | tools/migrate-qc-8sheets.sql | deploy/pkg-incr-20260922c/tools/migrate-qc-8sheets.sql"
"qc_bhz",94,0,8,174,"frontend/src/business/menus.js | frontend/src/core/views/docSheetConfigs.js | tools/migrate-db-norm-cleanup.sql"
"qc_bhz_detail",22,0,4,19,"tools/migrate-db-norm-cleanup.sql | tools/migrate-qc-8sheets.sql | deploy/pkg-incr-20260922c/tools/migrate-qc-8sheets.sql"
"qc_catalog",6,2,12,88,"backend/src/main/java/com/yinjia/mes/service/ButtonService.java | backend/src/main/java/com/yinjia/mes/service/QcCatalogService.java | frontend/src/business/menus.js"
"qc_catalog_detail",31,13,3,16,"backend/src/main/java/com/yinjia/mes/service/ButtonService.java | backend/src/main/java/com/yinjia/mes/service/QcCatalogService.java | frontend/src/core/qc/qcCatalogColumns.js"
"qc_disposal",76,1,18,127,"backend/src/main/java/com/yinjia/mes/service/QcDisposalService.java | frontend/src/business/menus.js | tools/migrate-align-views-20260924.sql"
"qc_insp",173,8,65,576,"backend/src/main/java/com/yinjia/mes/panel/ManuFirstArticleHandler.java | backend/src/main/java/com/yinjia/mes/panel/PushGenerateHandler.java | backend/src/main/java/com/yinjia/mes/service/BatchService.java"
"qc_insp_detail",271,16,19,123,"backend/src/main/java/com/yinjia/mes/service/ButtonService.java | backend/src/main/java/com/yinjia/mes/service/DashboardStatsService.java | backend/src/main/java/com/yinjia/mes/service/QcCatalogService.java"
"qc_insp_rec",15,3,10,108,"backend/src/main/java/com/yinjia/mes/service/ButtonService.java | backend/src/main/java/com/yinjia/mes/service/QcCatalogService.java | frontend/src/business/menus.js"
"qc_insp_rec_detail",1,0,1,7,"frontend/src/core/qc/qcInspRecColumns.js | frontend/src/core/qc/qcInspRecColumns.test.js | frontend/src/core/views/QcInspRecSheet.vue"
"qc_insp_req",4,0,5,67,"backend/src/main/java/com/yinjia/mes/service/ButtonService.java | frontend/src/business/menus.js | frontend/src/core/qc/qcInspReqLookup.js"
"qc_jjf",84,0,8,152,"frontend/src/business/menus.js | frontend/src/core/views/docSheetConfigs.js | tools/migrate-db-norm-cleanup.sql"
"qc_jjf_detail",22,0,4,19,"tools/migrate-db-norm-cleanup.sql | tools/migrate-qc-8sheets.sql | deploy/pkg-incr-20260922c/tools/migrate-qc-8sheets.sql"
"qc_lyb",84,0,8,152,"frontend/src/business/menus.js | frontend/src/core/views/docSheetConfigs.js | tools/migrate-db-norm-cleanup.sql"
"qc_lyb_detail",22,0,4,19,"tools/migrate-db-norm-cleanup.sql | tools/migrate-qc-8sheets.sql | deploy/pkg-incr-20260922c/tools/migrate-qc-8sheets.sql"
"qc_op",62,0,17,121,"frontend/src/business/menus.js | tools/migrate-align-views-20260924.sql | tools/migrate-golive-cleanup.sql"
"qc_op_detail",39,0,4,32,"tools/migrate-golive-cleanup.sql | tools/migrate-qc-op.sql | tools/migrate-table-comments.sql"
"qc_record",65,0,11,146,"frontend/src/business/menus.js | tools/check-migrations.sql | tools/migrate-golive-cleanup.sql"
"qc_record_detail",41,0,4,31,"tools/migrate-golive-cleanup.sql | tools/migrate-prod-forms.sql | tools/migrate-table-comments.sql"
"qc_return",148,1,37,404,"backend/src/main/java/com/yinjia/mes/service/BatchService.java | backend/src/main/java/com/yinjia/mes/service/ButtonService.java | backend/src/main/java/com/yinjia/mes/service/PanelConfigService.java"
"qc_return_detail",230,2,16,148,"backend/src/main/java/com/yinjia/mes/service/BatchService.java | backend/src/main/java/com/yinjia/mes/service/ButtonService.java | tools/migrate-align-qc-col-fix-20260924.sql"
"qc_scp",76,0,8,138,"frontend/src/business/menus.js | frontend/src/core/views/docSheetConfigs.js | tools/migrate-db-norm-cleanup.sql"
"qc_scp_detail",22,0,4,19,"tools/migrate-db-norm-cleanup.sql | tools/migrate-qc-8sheets.sql | deploy/pkg-incr-20260922c/tools/migrate-qc-8sheets.sql"
"qc_scy",78,0,8,140,"frontend/src/business/menus.js | frontend/src/core/views/docSheetConfigs.js | tools/migrate-db-norm-cleanup.sql"
"qc_scy_detail",22,0,4,19,"tools/migrate-db-norm-cleanup.sql | tools/migrate-qc-8sheets.sql | deploy/pkg-incr-20260922c/tools/migrate-qc-8sheets.sql"
"qc_tc_in",42,1,11,150,"backend/src/main/java/com/yinjia/mes/panel/PushGenerateHandler.java | backend/src/main/java/com/yinjia/mes/service/BatchService.java | backend/src/main/java/com/yinjia/mes/service/ButtonService.java"
"qc_tc_in_detail",1,0,1,7,"backend/src/main/java/com/yinjia/mes/service/BatchService.java | tools/migrate-qc-tc-in.sql"
"qkd",119,0,1,80,"deploy/sync-db-comments.sql"
"qr_batch_registry",13,4,6,11,"backend/src/main/java/com/yinjia/mes/service/QrBatchService.java | tools/gen/gen-db-catalog.cjs | tools/migrate-golive-cleanup.sql"
"rd_alkaline",23,0,13,149,"backend/src/main/java/com/yinjia/mes/service/ButtonService.java | frontend/src/business/menus.js | frontend/src/core/views/recordSheetConfigs.docno.test.js"
"rd_alkaline_detail",62,0,6,51,"tools/migrate-golive-cleanup.sql | tools/migrate-rd-panel-register.sql | tools/migrate-rd-record-sheets.sql"
"rd_alkaline_head",86,0,9,70,"tools/check-migrations.sql | tools/migrate-golive-cleanup.sql | tools/migrate-rd-docno-ref.sql"
"rd_antibact",23,0,12,125,"backend/src/main/java/com/yinjia/mes/service/ButtonService.java | frontend/src/business/menus.js | frontend/src/core/views/recordSheetConfigs.js"
"rd_antibact_detail",41,0,6,37,"tools/migrate-golive-cleanup.sql | tools/migrate-rd-panel-register.sql | tools/migrate-rd-record-sheets.sql"
"rd_antibact_head",74,0,9,62,"tools/check-migrations.sql | tools/migrate-golive-cleanup.sql | tools/migrate-rd-docno-ref.sql"
"rd_approval",91,7,30,266,"backend/src/main/java/com/yinjia/mes/service/ButtonService.java | backend/src/main/java/com/yinjia/mes/service/PanelConfigService.java | frontend/src/business/menus.js"
"rd_approval_bak_20260911",0,0,0,0,""
"rd_approval_detail",26,0,4,23,"tools/migrate-golive-cleanup.sql | tools/migrate-rd-approval.sql | tools/migrate-rd-cleanup.sql"
"rd_approval_detail_bak_20260911",0,0,0,0,""
"rd_asm_bom",26,0,21,165,"backend/src/main/java/com/yinjia/mes/service/ButtonService.java | backend/src/main/java/com/yinjia/mes/service/DevTaskService.java | frontend/src/business/menus.js"
"rd_asm_bom_detail_bak_20260911",0,0,0,0,""
"rd_asm_bom_head_bak_20260911",0,0,0,0,""
"rd_asm_proc",23,0,29,274,"backend/src/main/java/com/yinjia/mes/service/ButtonService.java | backend/src/main/java/com/yinjia/mes/service/DevTaskService.java | frontend/src/business/menus.js"
"rd_asm_proc_detail",104,0,10,103,"frontend/src/core/views/recordSheetConfigs.js | tools/migrate-asm-proc-redesign-2026-09-20.sql | tools/migrate-golive-cleanup.sql"
"rd_asm_proc_head",101,0,15,96,"backend/src/main/java/com/yinjia/mes/service/DevTaskService.java | tools/migrate-asm-proc-redesign-2026-09-20.sql | tools/migrate-change-flow.sql"
"rd_change_detail",11,1,3,31,"backend/src/main/java/com/yinjia/mes/service/ButtonService.java | tools/migrate-change-dept-map.sql | tools/migrate-change-request.sql"
"rd_change_head",22,2,3,33,"backend/src/main/java/com/yinjia/mes/service/ButtonService.java | frontend/src/core/views/RecordSheetPanels.vue | tools/migrate-change-flow.sql"
"rd_dev_task",52,11,3,37,"backend/src/main/java/com/yinjia/mes/service/ButtonService.java | backend/src/main/java/com/yinjia/mes/service/DevTaskService.java | frontend/src/core/views/ProdDocListSheet.vue"
"rd_dom_test",23,0,14,135,"backend/src/main/java/com/yinjia/mes/service/ButtonService.java | frontend/src/business/menus.js | frontend/src/core/views/recordSheetConfigs.js"
"rd_dom_test_detail",108,0,6,64,"tools/migrate-golive-cleanup.sql | tools/migrate-rd-lab-sheets.sql | tools/migrate-rd-panel-register.sql"
"rd_dom_test_detail_bak_20260911",0,0,0,0,""
"rd_dom_test_head",72,0,6,40,"tools/migrate-golive-cleanup.sql | tools/migrate-rd-lab-sheets.sql | tools/migrate-rd-panel-register.sql"
"rd_dom_test_head_bak_20260911",0,0,0,0,""
"rd_drop_prec",23,0,12,128,"backend/src/main/java/com/yinjia/mes/service/ButtonService.java | frontend/src/business/menus.js | frontend/src/core/views/recordSheetConfigs.docno.test.js"
"rd_drop_prec_detail",56,0,6,47,"tools/migrate-golive-cleanup.sql | tools/migrate-rd-panel-register.sql | tools/migrate-rd-record-sheets.sql"
"rd_drop_prec_head",65,0,9,56,"tools/check-migrations.sql | tools/migrate-golive-cleanup.sql | tools/migrate-rd-docno-ref.sql"
"rd_equip_use",23,0,12,92,"backend/src/main/java/com/yinjia/mes/service/ButtonService.java | frontend/src/business/menus.js | frontend/src/core/views/recordSheetConfigs.js"
"rd_equip_use_detail",68,0,6,40,"tools/migrate-golive-cleanup.sql | tools/migrate-rd-lab-sheets.sql | tools/migrate-rd-panel-register.sql"
"rd_equip_use_detail_bak_20260911",0,0,0,0,""
"rd_equip_use_head",53,0,6,32,"tools/migrate-golive-cleanup.sql | tools/migrate-rd-lab-sheets.sql | tools/migrate-rd-panel-register.sql"
"rd_equip_use_head_bak_20260911",0,0,0,0,""
"rd_filter_eff",23,0,20,254,"backend/src/main/java/com/yinjia/mes/service/ButtonService.java | frontend/src/business/menus.js | frontend/src/core/panel/docDefaults.js"
"rd_filter_eff_detail",142,0,8,113,"tools/migrate-filter-eff-samples.sql | tools/migrate-golive-cleanup.sql | tools/migrate-rd-filter-eff.sql"
"rd_filter_eff_head",161,0,11,123,"tools/check-migrations.sql | tools/migrate-filter-eff-samples.sql | tools/migrate-golive-cleanup.sql"
"rd_insp_plan",22,0,30,227,"backend/src/main/java/com/yinjia/mes/controller/PxController.java | backend/src/main/java/com/yinjia/mes/service/ButtonService.java | backend/src/main/java/com/yinjia/mes/service/DevTaskService.java"
"rd_insp_plan_detail",69,0,10,64,"frontend/src/core/views/recordSheetConfigs.js | frontend/src/core/views/recordSheetConfigs.keys.test.js | tools/migrate-golive-cleanup.sql"
"rd_insp_plan_detail_bak_20260911",0,0,0,0,""
"rd_insp_plan_head",95,1,14,97,"backend/src/main/java/com/yinjia/mes/service/ButtonService.java | backend/src/main/java/com/yinjia/mes/service/DevTaskService.java | tools/migrate-change-flow.sql"
"rd_insp_plan_head_bak_20260911",0,0,0,0,""
"rd_instr_use",23,0,13,100,"backend/src/main/java/com/yinjia/mes/service/ButtonService.java | frontend/src/business/menus.js | frontend/src/core/views/recordSheetConfigs.js"
"rd_instr_use_detail",74,0,6,44,"tools/migrate-golive-cleanup.sql | tools/migrate-rd-lab-sheets.sql | tools/migrate-rd-panel-register.sql"
"rd_instr_use_detail_bak_20260911",0,0,0,0,""
"rd_instr_use_head",55,0,6,32,"tools/migrate-golive-cleanup.sql | tools/migrate-lab-stdlib.sql | tools/migrate-rd-lab-sheets.sql"
"rd_instr_use_head_bak_20260911",0,0,0,0,""
"rd_mineral",23,0,12,122,"backend/src/main/java/com/yinjia/mes/service/ButtonService.java | frontend/src/business/menus.js | frontend/src/core/views/recordSheetConfigs.docno.test.js"
"rd_mineral_detail",41,0,6,37,"tools/migrate-golive-cleanup.sql | tools/migrate-rd-panel-register.sql | tools/migrate-rd-record-sheets.sql"
"rd_mineral_head",68,0,9,58,"tools/check-migrations.sql | tools/migrate-golive-cleanup.sql | tools/migrate-rd-docno-ref.sql"
"rd_mold_formula",23,0,16,125,"backend/src/main/java/com/yinjia/mes/service/ButtonService.java | backend/src/main/java/com/yinjia/mes/service/DevTaskService.java | frontend/src/business/menus.js"
"rd_mold_formula_detail_bak_20260911",0,0,0,0,""
"rd_mold_formula_head_bak_20260911",0,0,0,0,""
"rd_mold_proc",23,0,37,393,"backend/src/main/java/com/yinjia/mes/service/ButtonService.java | backend/src/main/java/com/yinjia/mes/service/DevTaskService.java | frontend/src/business/menus.js"
"rd_mold_proc_detail",78,0,10,112,"frontend/src/core/views/recordSheetConfigs.js | frontend/src/core/views/recordSheetConfigs.keys.test.js | tools/migrate-golive-cleanup.sql"
"rd_mold_proc_head",302,0,15,254,"backend/src/main/java/com/yinjia/mes/service/DevTaskService.java | tools/migrate-change-flow.sql | tools/migrate-golive-cleanup.sql"
"rd_plan",278,9,29,454,"backend/src/main/java/com/yinjia/mes/controller/PxController.java | backend/src/main/java/com/yinjia/mes/service/ButtonService.java | backend/src/main/java/com/yinjia/mes/service/DashboardStatsService.java"
"rd_plan_bak_20260911",0,0,0,0,""
"rd_plan_detail",24,0,4,21,"tools/migrate-golive-cleanup.sql | tools/migrate-rd-cleanup.sql | tools/migrate-rd-plan.sql"
"rd_plan_detail_bak_20260911",0,0,0,0,""
"rd_prod_doclist_detail",20,0,2,30,"tools/migrate-rd-prod-doclist.sql | deploy/pkg-incr-20260922c/tools/migrate-rd-prod-doclist.sql"
"rd_prod_doclist_head",6,0,3,9,"tools/migrate-rd-prod-doclist.sql | deploy/pkg-incr-20260922c/check-migrations.sql | deploy/pkg-incr-20260922c/tools/migrate-rd-prod-doclist.sql"
"rd_prod_info_detail",25,0,6,25,"tools/migrate-golive-cleanup.sql | tools/migrate-rd-panel-register.sql | tools/migrate-rd-prod2.sql"
"rd_prod_info_detail_bak_20260911",0,0,0,0,""
"rd_prod_info_head",124,6,10,78,"backend/src/main/java/com/yinjia/mes/controller/PxController.java | backend/src/main/java/com/yinjia/mes/service/ButtonService.java | backend/src/main/java/com/yinjia/mes/service/DevTaskService.java"
"rd_prod_info_head_bak_20260911",0,0,0,0,""
"rd_product_info",23,0,4,15,"tools/deploy-all.sql | tools/migrate-golive-cleanup.sql | tools/migrate-table-comments.sql"
"rd_progress",80,1,26,342,"backend/src/main/java/com/yinjia/mes/controller/PxController.java | backend/src/main/java/com/yinjia/mes/service/ButtonService.java | backend/src/main/java/com/yinjia/mes/service/PanelConfigService.java"
"rd_progress_detail",230,2,10,162,"backend/src/main/java/com/yinjia/mes/service/ButtonService.java | frontend/src/core/progress/progressColumns.js | tools/gen/gen-db-catalog.cjs"
"rd_progress_detail_bak_20260918",2,0,5,10,"tools/gen/gen-db-catalog.cjs | tools/migrate-rd-progress-18cols.sql | tools/migrate-rd-progress-drop-orphan-cols.sql"
"rd_ro_protect",23,0,12,134,"backend/src/main/java/com/yinjia/mes/service/ButtonService.java | frontend/src/business/menus.js | frontend/src/core/views/recordSheetConfigs.docno.test.js"
"rd_ro_protect_detail",53,0,6,45,"tools/migrate-golive-cleanup.sql | tools/migrate-rd-panel-register.sql | tools/migrate-rd-record-sheets.sql"
"rd_ro_protect_head",77,0,9,64,"tools/check-migrations.sql | tools/migrate-golive-cleanup.sql | tools/migrate-rd-docno-ref.sql"
"rd_sample_no_detail",13,1,2,18,"backend/src/main/java/com/yinjia/mes/service/ButtonService.java | tools/migrate-rd-sample-no.sql | deploy/pkg-incr-20260922c/tools/migrate-rd-sample-no.sql"
"rd_sample_no_head",5,1,3,9,"backend/src/main/java/com/yinjia/mes/service/ButtonService.java | tools/migrate-rd-sample-no.sql | tools/migrate-testdata-cleanup.sql"
"rd_scale",23,0,12,134,"backend/src/main/java/com/yinjia/mes/service/ButtonService.java | frontend/src/business/menus.js | frontend/src/core/views/recordSheetConfigs.docno.test.js"
"rd_scale_detail",56,0,6,47,"tools/migrate-golive-cleanup.sql | tools/migrate-rd-panel-register.sql | tools/migrate-rd-record-sheets.sql"
"rd_scale_head",71,0,9,60,"tools/check-migrations.sql | tools/migrate-golive-cleanup.sql | tools/migrate-rd-docno-ref.sql"
"rd_sinter_tolerance",254,0,3,32,"frontend/src/core/mold/recipeSheet.js | frontend/src/core/mold/specCarry.test.js | frontend/src/i18n/locales/en.js"
"rd_soak",23,0,12,158,"backend/src/main/java/com/yinjia/mes/service/ButtonService.java | frontend/src/business/menus.js | frontend/src/core/views/recordSheetConfigs.docno.test.js"
"rd_soak_detail",41,0,6,37,"tools/migrate-golive-cleanup.sql | tools/migrate-rd-panel-register.sql | tools/migrate-rd-record-sheets.sql"
"rd_soak_head",122,0,9,94,"tools/check-migrations.sql | tools/migrate-golive-cleanup.sql | tools/migrate-rd-docno-ref.sql"
"rd_spec_assign",46,7,4,30,"backend/src/main/java/com/yinjia/mes/controller/PxController.java | backend/src/main/java/com/yinjia/mes/service/ButtonService.java | backend/src/main/java/com/yinjia/mes/service/DevTaskService.java"
"rd_spec_doc",22,0,35,306,"backend/src/main/java/com/yinjia/mes/controller/PxController.java | backend/src/main/java/com/yinjia/mes/service/ButtonService.java | backend/src/main/java/com/yinjia/mes/service/DevTaskService.java"
"rd_spec_doc_detail",74,2,6,57,"backend/src/main/java/com/yinjia/mes/controller/PxController.java | backend/src/main/java/com/yinjia/mes/service/ButtonService.java | frontend/src/core/views/recordSheetConfigs.js"
"rd_spec_doc_head",130,8,17,110,"backend/src/main/java/com/yinjia/mes/controller/PxController.java | backend/src/main/java/com/yinjia/mes/service/ButtonService.java | backend/src/main/java/com/yinjia/mes/service/DevTaskService.java"
"rd_spike_water",23,0,12,114,"backend/src/main/java/com/yinjia/mes/service/ButtonService.java | frontend/src/business/menus.js | frontend/src/core/views/recordSheetConfigs.js"
"rd_spike_water_detail",104,0,6,68,"tools/migrate-golive-cleanup.sql | tools/migrate-rd-lab-sheets.sql | tools/migrate-rd-panel-register.sql"
"rd_spike_water_detail_bak_20260911",0,0,0,0,""
"rd_spike_water_head",50,0,6,32,"tools/migrate-golive-cleanup.sql | tools/migrate-rd-lab-sheets.sql | tools/migrate-rd-panel-register.sql"
"rd_spike_water_head_bak_20260911",0,0,0,0,""
"RENAME_20260911_173159_rd_approval_bak_20260911",0,0,0,0,""
"RENAME_20260911_173159_rd_approval_detail_bak_20260911",0,0,0,0,""
"RENAME_20260911_173159_rd_dom_test_detail_bak_20260911",0,0,0,0,""
"RENAME_20260911_173159_rd_dom_test_head_bak_20260911",0,0,0,0,""
"RENAME_20260911_173159_rd_equip_use_detail_bak_20260911",0,0,0,0,""
"RENAME_20260911_173159_rd_equip_use_head_bak_20260911",0,0,0,0,""
"RENAME_20260911_173159_rd_insp_plan_detail_bak_20260911",0,0,0,0,""
"RENAME_20260911_173159_rd_insp_plan_head_bak_20260911",0,0,0,0,""
"RENAME_20260911_173159_rd_instr_use_detail_bak_20260911",0,0,0,0,""
"RENAME_20260911_173159_rd_instr_use_head_bak_20260911",0,0,0,0,""
"RENAME_20260911_173159_rd_plan_bak_20260911",0,0,0,0,""
"RENAME_20260911_173159_rd_plan_detail_bak_20260911",0,0,0,0,""
"RENAME_20260911_173159_rd_prod_info_detail_bak_20260911",0,0,0,0,""
"RENAME_20260911_173159_rd_prod_info_head_bak_20260911",0,0,0,0,""
"RENAME_20260911_173159_rd_spike_water_detail_bak_20260911",0,0,0,0,""
"RENAME_20260911_173159_rd_spike_water_head_bak_20260911",0,0,0,0,""
"RENAME_20260911_173159_yj_doc_modify_log_bak_20260911",0,0,0,0,""
"RENAME_20260911_173159_yj_doc_status_bak_20260911",0,0,0,0,""
"RENAME_20260911_173205_rd_approval_bak_20260911",0,0,0,0,""
"RENAME_20260911_173205_rd_approval_detail_bak_20260911",0,0,0,0,""
"RENAME_20260911_173205_rd_dom_test_detail_bak_20260911",0,0,0,0,""
"RENAME_20260911_173205_rd_dom_test_head_bak_20260911",0,0,0,0,""
"RENAME_20260911_173205_rd_equip_use_detail_bak_20260911",0,0,0,0,""
"RENAME_20260911_173205_rd_equip_use_head_bak_20260911",0,0,0,0,""
"RENAME_20260911_173205_rd_insp_plan_detail_bak_20260911",0,0,0,0,""
"RENAME_20260911_173205_rd_insp_plan_head_bak_20260911",0,0,0,0,""
"RENAME_20260911_173205_rd_instr_use_detail_bak_20260911",0,0,0,0,""
"RENAME_20260911_173205_rd_instr_use_head_bak_20260911",0,0,0,0,""
"RENAME_20260911_173205_rd_plan_bak_20260911",0,0,0,0,""
"RENAME_20260911_173205_rd_plan_detail_bak_20260911",0,0,0,0,""
"RENAME_20260911_173205_rd_prod_info_detail_bak_20260911",0,0,0,0,""
"RENAME_20260911_173205_rd_prod_info_head_bak_20260911",0,0,0,0,""
"RENAME_20260911_173205_rd_spike_water_detail_bak_20260911",0,0,0,0,""
"RENAME_20260911_173205_rd_spike_water_head_bak_20260911",0,0,0,0,""
"RENAME_20260911_173205_yj_doc_modify_log_bak_20260911",0,0,0,0,""
"RENAME_20260911_173205_yj_doc_status_bak_20260911",0,0,0,0,""
"RENAME_20260911_213754_yj_doc_status_bak_20260911",0,0,0,0,""
"report_column_settings",7,3,4,7,"backend/src/main/java/com/yinjia/mes/service/ReportColumnSettingsService.java | tools/gen/gen-db-catalog.cjs | tools/migrate-golive-cleanup.sql"
"rod_return",56,0,11,108,"frontend/src/business/menus.js | tools/check-migrations.sql | tools/gen/gen-db-catalog.cjs"
"rod_return_detail",21,0,6,21,"tools/check-migrations.sql | tools/gen/gen-db-catalog.cjs | tools/migrate-golive-cleanup.sql"
"s_allno",93,4,4,59,"backend/src/main/java/com/yinjia/mes/service/ButtonService.java | backend/src/main/java/com/yinjia/mes/service/FormNoService.java | tools/fix-s-allno-ny.sql"
"s_commdata",83,0,1,56,"deploy/sync-db-comments.sql"
"s_cookie",47,0,1,32,"deploy/sync-db-comments.sql"
"s_error",56,0,1,38,"deploy/sync-db-comments.sql"
"s_fromexcel",53,0,1,36,"deploy/sync-db-comments.sql"
"s_log",64,1,1,48,"backend/src/main/java/com/yinjia/mes/service/PortalNotificationService.java | tools/legacy-hsdz-compat.sql | tools/migrate-usage-log.sql"
"s_otherfunc",47,0,1,32,"deploy/sync-db-comments.sql"
"s_phrase",44,0,1,30,"deploy/sync-db-comments.sql"
"s_remoteprint",83,0,1,56,"deploy/sync-db-comments.sql"
"s_repbody",83,0,1,56,"deploy/sync-db-comments.sql"
"s_repdraw",56,0,1,38,"deploy/sync-db-comments.sql"
"s_repformat",68,0,1,46,"deploy/sync-db-comments.sql"
"s_repheader",92,0,1,62,"deploy/sync-db-comments.sql"
"s_repinfo",74,0,1,50,"deploy/sync-db-comments.sql"
"s_roles",53,0,1,36,"deploy/sync-db-comments.sql"
"s_rzxz",44,0,1,30,"deploy/sync-db-comments.sql"
"s_screen",50,0,1,34,"deploy/sync-db-comments.sql"
"s_SelWhere",69,0,2,47,"tools/migrate-table-comments.sql | deploy/sync-db-comments.sql"
"s_sys",140,0,1,94,"deploy/sync-db-comments.sql"
"s_xtcs",50,0,1,35,"tools/gen/gen-db-catalog.cjs | deploy/sync-db-comments.sql"
"s_ycdy",83,0,1,56,"deploy/sync-db-comments.sql"
"sample_req",59,0,11,134,"frontend/src/business/menus.js | tools/check-migrations.sql | tools/gen/gen-db-catalog.cjs"
"sample_req_detail",44,0,7,36,"tools/gen/gen-db-catalog.cjs | tools/migrate-golive-cleanup.sql | tools/migrate-prod-forms-fix.sql"
"scjd",80,0,1,54,"deploy/sync-db-comments.sql"
"scjd_ls",83,0,1,56,"deploy/sync-db-comments.sql"
"scjl",264,18,3,206,"backend/src/main/java/com/yinjia/mes/service/ButtonService.java | backend/src/main/java/com/yinjia/mes/service/DashboardStatsService.java | backend/src/main/java/com/yinjia/mes/service/ManuWritebackService.java"
"scpc",185,0,1,124,"deploy/sync-db-comments.sql"
"scrb",89,0,1,60,"deploy/sync-db-comments.sql"
"scrb_bs",59,0,1,40,"deploy/sync-db-comments.sql"
"sczxd",164,0,1,110,"deploy/sync-db-comments.sql"
"setdate",47,0,1,39,"frontend/src/core/views/SelectVoucherDialog.vue | deploy/sync-db-comments.sql"
"sfkcz",74,0,1,50,"deploy/sync-db-comments.sql"
"sfkmx",62,0,1,42,"deploy/sync-db-comments.sql"
"sl_recv",126,1,32,345,"backend/src/main/java/com/yinjia/mes/service/BatchService.java | backend/src/main/java/com/yinjia/mes/service/ButtonService.java | backend/src/main/java/com/yinjia/mes/service/PanelConfigService.java"
"sl_recv_detail",294,2,13,167,"backend/src/main/java/com/yinjia/mes/service/ButtonService.java | backend/src/main/resources/reports/sl_recv.jrxml | frontend/src/business/menus.js"
"t1",0,0,2,18,"backend/src/main/java/com/yinjia/mes/config/Sha256.java | tools/gen/gen-db-catalog.cjs | tools/migrate-stock-report-perf.sql"
"t2",0,0,2,51,"backend/src/main/java/com/yinjia/mes/config/Sha256.java | tools/gen/gen-db-catalog.cjs | tools/migrate-batch-link.sql"
"tmp_excel",71,0,2,49,"tools/gen/gen-db-catalog.cjs | deploy/sync-db-comments.sql"
"tmp_report",35,0,2,25,"tools/gen/gen-db-catalog.cjs | deploy/sync-db-comments.sql"
"tmp_report_head",35,0,2,25,"tools/gen/gen-db-catalog.cjs | deploy/sync-db-comments.sql"
"users",107,0,4,117,"backend/src/main/java/com/yinjia/mes/controller/PxController.java | backend/src/main/java/com/yinjia/mes/controller/SysAdminController.java | backend/src/main/java/com/yinjia/mes/service/ButtonService.java"
"wbgd",116,0,1,78,"deploy/sync-db-comments.sql"
"wh_record",59,0,10,112,"frontend/src/business/menus.js | tools/gen/gen-db-catalog.cjs | tools/migrate-golive-cleanup.sql"
"wh_record_detail",21,0,6,21,"tools/check-migrations.sql | tools/gen/gen-db-catalog.cjs | tools/migrate-golive-cleanup.sql"
"wlxx",50,0,1,34,"deploy/sync-db-comments.sql"
"wo_line_stock",35,0,5,28,"tools/gen/gen-db-catalog.cjs | tools/migrate-golive-cleanup.sql | tools/migrate-phase23-production.sql"
"wo_material_pick",41,0,5,32,"tools/gen/gen-db-catalog.cjs | tools/migrate-golive-cleanup.sql | tools/migrate-phase23-production.sql"
"wo_order",116,4,29,210,"backend/src/main/java/com/yinjia/mes/panel/PushGenerateHandler.java | backend/src/main/java/com/yinjia/mes/panel/WoPickingHandler.java | backend/src/main/java/com/yinjia/mes/service/ButtonService.java"
"wo_progress",140,0,4,61,"backend/src/main/java/com/yinjia/mes/service/ButtonService.java | backend/src/main/java/com/yinjia/mes/service/ScheduleBoardService.java | tools/migrate-golive-cleanup.sql"
"wo_report",63,0,17,171,"backend/src/main/java/com/yinjia/mes/panel/ManuFirstArticleHandler.java | backend/src/main/java/com/yinjia/mes/service/ButtonService.java | backend/src/main/java/com/yinjia/mes/service/WoReportService.java"
"wo_stage_report",56,0,6,45,"tools/gen/gen-db-catalog.cjs | tools/migrate-golive-cleanup.sql | tools/migrate-phase23-production.sql"
"xjjl",152,0,1,102,"deploy/sync-db-comments.sql"
"xjjl_sz",89,0,1,60,"deploy/sync-db-comments.sql"
"xsdh",57,0,2,39,"tools/migrate-table-comments.sql | deploy/sync-db-comments.sql"
"yj_app_setting",16,1,1,6,"backend/src/main/java/com/yinjia/mes/service/BatchService.java | tools/migrate-batch-link.sql | tools/migrate-over-ratio-cap.sql"
"yj_archive_change_log",6,2,1,5,"backend/src/main/java/com/yinjia/mes/service/ButtonService.java | tools/migrate-archive-change-log.sql"
"yj_attachment",27,8,5,53,"backend/src/main/java/com/yinjia/mes/controller/AttachmentController.java | backend/src/main/java/com/yinjia/mes/controller/ShareFileController.java | backend/src/main/java/com/yinjia/mes/service/AttachmentService.java"
"yj_change_dept",19,3,3,43,"backend/src/main/java/com/yinjia/mes/service/ButtonService.java | backend/src/main/java/com/yinjia/mes/service/PanelConfigService.java | frontend/src/core/views/PanelxList.vue"
"yj_dept",52,7,3,31,"backend/src/main/java/com/yinjia/mes/controller/SysAdminController.java | backend/src/main/java/com/yinjia/mes/service/ButtonService.java | backend/src/main/java/com/yinjia/mes/service/DashboardStatsService.java"
"yj_doc_batch",50,8,3,29,"backend/src/main/java/com/yinjia/mes/service/BatchService.java | tools/migrate-batch-backfill.sql | tools/migrate-batch-link.sql"
"yj_doc_modify_log",15,9,3,12,"backend/src/main/java/com/yinjia/mes/service/BatchService.java | backend/src/main/java/com/yinjia/mes/service/ButtonService.java | backend/src/main/java/com/yinjia/mes/service/QcCatalogService.java"
"yj_doc_modify_log_bak_20260911",0,0,0,0,""
"yj_doc_status",322,50,22,198,"backend/src/main/java/com/yinjia/mes/controller/PxController.java | backend/src/main/java/com/yinjia/mes/controller/ShellController.java | backend/src/main/java/com/yinjia/mes/controller/SysAdminController.java"
"yj_doc_status_bak_20260911",0,0,0,0,""
"yj_ext_bind_log",2,1,1,12,"backend/src/main/java/com/yinjia/mes/service/PanelConfigService.java | tools/migrate-ext-bind-log.sql"
"yj_field",14408,12,9,473,"backend/src/main/java/com/yinjia/mes/service/AttachmentService.java | backend/src/main/java/com/yinjia/mes/service/GenericReportSupport.java | backend/src/main/java/com/yinjia/mes/service/PanelConfigService.java"
"yj_form_approval",43,11,6,33,"backend/src/main/java/com/yinjia/mes/controller/SysAdminController.java | backend/src/main/java/com/yinjia/mes/service/ButtonService.java | backend/src/main/java/com/yinjia/mes/service/QueryService.java"
"yj_locale",12,1,3,17,"backend/src/main/java/com/yinjia/mes/controller/LocaleController.java | frontend/src/i18n/index.js | frontend/src/main.js"
"yj_lot_seq",11,3,2,4,"backend/src/main/java/com/yinjia/mes/service/LotSeqService.java | tools/migrate-basedata.sql | tools/migrate-golive-cleanup.sql"
"yj_message",39,5,2,20,"backend/src/main/java/com/yinjia/mes/service/MessageService.java | tools/migrate-golive-cleanup.sql | tools/migrate-message.sql"
"yj_panel",1088,5,10,143,"backend/src/main/java/com/yinjia/mes/controller/SysAdminController.java | backend/src/main/java/com/yinjia/mes/panel/PushGenerateHandler.java | backend/src/main/java/com/yinjia/mes/service/AttachmentService.java"
"yj_plan_term",28,9,4,22,"backend/src/main/java/com/yinjia/mes/service/ButtonService.java | backend/src/main/java/com/yinjia/mes/service/QueryService.java | frontend/src/core/views/DocSheet.vue"
"yj_report_template",30,7,5,30,"backend/src/main/java/com/yinjia/mes/service/ReportService.java | tools/migrate-db-norm-column-comments.sql | tools/migrate-golive-cleanup.sql"
"yj_role",43,7,4,18,"backend/src/main/java/com/yinjia/mes/controller/SysAdminController.java | tools/deploy-all.sql | tools/migrate-change-request.sql"
"yj_role_panel",72,15,5,39,"backend/src/main/java/com/yinjia/mes/controller/AuthController.java | backend/src/main/java/com/yinjia/mes/controller/PxController.java | backend/src/main/java/com/yinjia/mes/controller/SysAdminController.java"
"yj_schema_log",16,0,5,14,"tools/DbInit.java | tools/DbSync.java | tools/dump-schema-log.sql"
"yj_share_file",43,13,5,51,"backend/src/main/java/com/yinjia/mes/service/ShareFileService.java | tools/migrate-share-file.sql | tools/verify/ledger-cache-isolation-test.cjs"
"yj_share_file_cat",55,9,4,27,"backend/src/main/java/com/yinjia/mes/service/ShareFileService.java | tools/migrate-db-norm-column-comments.sql | tools/migrate-share-file.sql"
"yj_std_lib",445,6,5,54,"backend/src/main/java/com/yinjia/mes/controller/StdLibController.java | backend/src/main/java/com/yinjia/mes/service/PanelConfigService.java | frontend/src/core/panel/testItemLib.js"
"yj_translation",18761,1,4,83,"backend/src/main/java/com/yinjia/mes/service/PanelConfigService.java | backend/src/main/java/com/yinjia/mes/service/TranslationService.java | frontend/src/i18n/locales/en.js"
"yj_usage_log",26,8,2,21,"backend/src/main/java/com/yinjia/mes/controller/SysAdminController.java | backend/src/main/java/com/yinjia/mes/controller/WorkOrderListController.java | backend/src/main/java/com/yinjia/mes/service/QuickScheduleService.java"
"yj_user",159,50,8,76,"backend/src/main/java/com/yinjia/mes/controller/AuthController.java | backend/src/main/java/com/yinjia/mes/controller/PxController.java | backend/src/main/java/com/yinjia/mes/controller/SysAdminController.java"
"ysfk",63,0,2,43,"tools/migrate-table-comments.sql | deploy/sync-db-comments.sql"
"zc",65,0,1,43,"tools/migrate-server-parity-20260928.sql | deploy/sync-db-comments.sql"
