table_name,spare_cols,bound_cols
"bd_account",20,0
"bd_dispatch",20,0
"bd_expense_type",20,0
"bd_finish_in",20,0
"bd_manu_order",20,0
"bd_material_out",20,0
"bd_other_in",20,0
"bd_other_out",20,0
"bd_outsource_in",20,0
"bd_outsource_issue",20,0
"bd_outsource_order",20,0
"bd_prod_abn",20,0
"bd_pu_order",20,0
"bd_pu_req",20,0
"bd_purchase_in",20,0
"bd_sale_out",20,0
"bd_so_order",20,0
"bd_tax_type",20,0
"bl_dispatch",20,0
"bl_finish_in",20,0
"bl_manu_order",20,0
"bl_material_out",20,0
"bl_other_in",20,0
"bl_other_out",20,0
"bl_outsource_in",20,0
"bl_outsource_issue",20,0
"bl_outsource_order",20,0
"bl_pu_order",20,0
"bl_pu_req",20,0
"bl_purchase_in",20,0
"bl_sale_out",20,0
"bl_so_order",20,0
"bs_bom",20,0
"bs_currency",20,0
"bs_customer_group",20,0
"bs_dept",20,0
"bs_dict",20,0
"bs_emp",20,0
"bs_equip",20,0
"bs_inv",20,0
"bs_inv_price",20,0
"bs_material_group",20,0
"bs_op",20,0
"bs_partner",20,0
"bs_prod_line",20,0
"bs_proj",20,0
"bs_qc_item",20,0
"bs_qc_plan",20,0
"bs_region",20,0
"bs_reject",20,0
"bs_route",20,0
"bs_settle_type",20,0
"bs_supplier_group",20,0
"bs_team",20,0
"bs_uom",20,0
"bs_wc",20,0
"bs_wh",20,0
"bs_wh_loc",20,0
"day_report",20,0
"day_report_detail",20,0
"dm_ck",20,0
"dm_gf",20,0
"dm_kh",20,0
"equip_check",20,0
"equip_check_detail",20,0
"erp_imp_log",20,0
"feed_confirm",20,0
"feed_confirm_detail",20,0
"form_flow_link",20,0
"gran_record",20,0
"gran_record_detail",20,0
"gxgs",20,0
"inh",20,0
"inv_cost_ledger",20,0
"kucun",20,0
"maint_plan",20,0
"maint_plan_detail",20,0
"mate",20,0
"mix_record",20,0
"mix_record_detail",20,0
"order_bs",20,0
"order_bt",20,0
"outh",20,0
"pack_confirm",20,0
"pack_confirm_detail",20,0
"plang",20,0
"plang_pc",20,0
"Porder",20,0
"qc_bhc",20,0
"qc_bhc_detail",20,0
"qc_bhg",20,0
"qc_bhg_detail",20,0
"qc_bhz",20,0
"qc_bhz_detail",20,0
"qc_catalog",20,0
"qc_catalog_detail",20,0
"qc_disposal",20,0
"qc_insp",20,0
"qc_insp_detail",20,0
"qc_insp_rec",20,0
"qc_insp_rec_detail",20,0
"qc_insp_req",20,0
"qc_jjf",20,0
"qc_jjf_detail",20,0
"qc_lyb",20,0
"qc_lyb_detail",20,0
"qc_op",20,0
"qc_op_detail",20,0
"qc_record",20,0
"qc_record_detail",20,0
"qc_return",20,0
"qc_return_detail",20,0
"qc_scp",20,0
"qc_scp_detail",20,0
"qc_scy",20,0
"qc_scy_detail",20,0
"qc_tc_in",20,0
"qc_tc_in_detail",20,0
"qr_batch_registry",20,0
"rd_alkaline_detail",20,0
"rd_alkaline_head",20,0
"rd_antibact_detail",20,0
"rd_antibact_head",20,0
"rd_approval",20,0
"rd_approval_detail",20,0
"rd_asm_proc_detail",20,0
"rd_asm_proc_head",20,0
"rd_change_detail",20,0
"rd_change_head",20,0
"rd_dev_task",20,0
"rd_dom_test_detail",20,0
"rd_dom_test_head",20,0
"rd_drop_prec_detail",20,0
"rd_drop_prec_head",20,0
"rd_equip_use_detail",20,0
"rd_equip_use_head",20,0
"rd_filter_eff_detail",20,0
"rd_filter_eff_head",20,0
"rd_insp_plan_detail",20,0
"rd_insp_plan_head",20,0
"rd_instr_use_detail",20,0
"rd_instr_use_head",20,0
"rd_mineral_detail",20,0
"rd_mineral_head",20,0
"rd_mold_proc_detail",20,0
"rd_mold_proc_head",20,0
"rd_plan",20,0
"rd_plan_detail",20,0
"rd_prod_doclist_detail",20,0
"rd_prod_doclist_head",20,0
"rd_prod_info_detail",20,0
"rd_prod_info_head",20,0
"rd_progress",20,0
"rd_progress_detail",20,0
"rd_ro_protect_detail",20,0
"rd_ro_protect_head",20,0
"rd_sample_no_detail",20,0
"rd_sample_no_head",20,0
"rd_scale_detail",20,0
"rd_scale_head",20,0
"rd_sinter_tolerance",20,0
"rd_soak_detail",20,0
"rd_soak_head",20,0
"rd_spec_assign",20,0
"rd_spec_doc_detail",20,0
"rd_spec_doc_head",20,0
"rd_spike_water_detail",20,0
"rd_spike_water_head",20,0
"report_column_settings",20,0
"rod_return",20,0
"rod_return_detail",20,0
"s_allno",20,0
"s_log",20,0
"sample_req",20,0
"sample_req_detail",20,0
"scjl",20,0
"sl_recv",20,0
"sl_recv_detail",20,0
"wh_record",20,0
"wh_record_detail",20,0
"wo_order",20,0
"wo_progress",20,0
