v_dispatch_detail	CREATE   VIEW v_dispatch_detail AS SELECT h.*, l.[工序编码], l.[工序名称], l.[工作中心], l.[设备], l.[班组], l.[工人], l.[加工类型], l.[计划数量], l.[已派工数量], l.[派工数量], l.[计量单位], l.[派工加工状态], l.[累计汇报数量], l.[委外供应商], l.[规格型号] FROM bd_dispatch h LEFT JOIN bl_dispatch l ON h.[单据编号]=l.[单据编号]
v_dispatch_stats	CREATE   VIEW v_dispatch_stats AS SELECT ROW_NUMBER() OVER(ORDER BY (SELECT NULL)) AS id, h.[单据日期], h.asp_cancel,   h.[部门], l.[生产车间], l.[工序名称], l.[计量单位],   COUNT(DISTINCT h.[单据编号]) AS [派工单数], SUM(COALESCE(l.[计划数量],0)) AS [计划数量],   SUM(COALESCE(l.[派工数量],0)) AS [派工数量], SUM(COALESCE(l.[累计汇报数量],0)) AS [累计汇报数量],   MAX(l.[派工加工状态]) AS [派工加工状态] FROM bd_dispatch h LEFT JOIN bl_dispatch l ON h.[单据编号]=l.[单据编号] WHERE NOT EXISTS (SELECT 1 FROM yj_doc_status s WHERE s.panel_code='DISPATCH' AND s.doc_no=h.[单据编号] AND s.canceled='Y') GROUP BY h.[单据日期], h.asp_cancel, h.[部门], l.[生产车间], l.[工序名称], l.[计量单位]
v_finish_in_detail	CREATE   VIEW v_finish_in_detail AS SELECT ROW_NUMBER() OVER(ORDER BY h.id DESC, l.id) AS id, h.asp_cancel, h.[单据日期], h.asp_time1 AS [创建时间], h.[单据编号], h.[业务类型], NULL AS [仓库编码] /* 无数据源,布局列 */, h.[仓库], h.[入库类别], NULL AS [生产车间编码] /* 无数据源,布局列 */, h.[生产车间], NULL AS [经手人编码] /* 无数据源,布局列 */, h.[经手人], h.[备注], h.asp_user1 AS [制单人], s.shr AS [审核人], NULL AS [存货编码] /* 无数据源,布局列 */, l.[产品名称] AS [存货], l.[规格型号], l.[计量单位], l.[实收数量], l.[单价], l.[金额], NULL AS [计量单位2] /* 无数据源,布局列 */, NULL AS [实收数量2] /* 无数据源,布局列 */ FROM bd_finish_in h LEFT JOIN bl_finish_in l ON h.[单据编号]=l.[单据编号] LEFT JOIN yj_doc_status s ON s.panel_code='FINISH_IN' AND s.doc_no=h.[单据编号]
v_finish_in_stats	CREATE   VIEW v_finish_in_stats AS SELECT ROW_NUMBER() OVER(ORDER BY (SELECT NULL)) AS id, h.asp_cancel, h.[单据日期], h.[项目], NULL AS [存货编码], l.[产品名称] AS [存货], l.[规格型号], l.[计量单位], NULL AS [辅单位], SUM(COALESCE(l.[实收数量],0)) AS [实收数量(主单位)], SUM(COALESCE(l.[金额],0))/NULLIF(SUM(COALESCE(l.[实收数量],0)),0) AS [单价], SUM(COALESCE(l.[金额],0)) AS [金额], NULL AS [实收数量(辅单位)], NULL AS [单价(辅单位)] FROM bd_finish_in h LEFT JOIN bl_finish_in l ON h.[单据编号]=l.[单据编号] WHERE NOT EXISTS (SELECT 1 FROM yj_doc_status s WHERE s.panel_code='FINISH_IN' AND s.doc_no=h.[单据编号] AND s.canceled='Y') GROUP BY h.asp_cancel, h.[单据日期], h.[项目], l.[产品名称], l.[规格型号], l.[计量单位]
v_line_load	-- ④ 追加重建:v_line_load(2026-09-23 版:base 去车间引用——车间不再来自工单;车间/日产能=产线档案,停用过滤同前) CREATE VIEW v_line_load AS WITH base AS (     SELECT ISNULL(生产线,N'') AS 生产线, ISNULL(排产数量,0) AS q,            CASE WHEN 工序交期 IS NULL THEN 计划开工日 ELSE 工序交期 END AS e,            CASE WHEN 计划开工日 IS NULL THEN 工序交期 ELSE 计划开工日 END AS s     FROM v_manu_schedule     WHERE ISNULL(生产线,N'') <> N'' AND ISNULL(排产数量,0) > 0       AND ISNULL(结案,N'N') <> N'Y' AND ISNULL(单据状态,N'') <> N'已作废' ), clamped AS (     SELECT 生产线, q,            CASE WHEN s IS NULL THEN NULL                 WHEN e < CAST(GETDATE() AS date) THEN CAST(GETDATE() AS date)                 WHEN e > DATEADD(day, 13, CAST(GETDATE() AS date)) THEN DATEADD(day, 13, CAST(GETDATE() AS date))                 ELSE e END AS e2,            CASE WHEN s IS NULL THEN NULL                 WHEN s < CAST(GETDATE() AS date) THEN CAST(GETDATE() AS date) ELSE s END AS s2     FROM base ), perday AS (     SELECT d.生产线, dd.di AS idx, SUM(d.q * 1.0 / (DATEDIFF(day, d.s2, d.e2) + 1)) AS v     FROM clamped d     CROSS APPLY (VALUES (0),(1),(2),(3),(4),(5),(6),(7),(8),(9),(10),(11),(12),(13)) dd(di)     WHERE d.s2 IS NOT NULL AND dd.di <= DATEDIFF(day, d.s2, d.e2)     GROUP BY d.生产线, dd.di ), k AS (     SELECT 生产线, 生产车间, 日产能, CAST(NULL AS int) AS idx, CAST(NULL AS decimal(18,4)) AS v     FROM (SELECT 生产线, 生产车间, ISNULL(日产能,0) AS 日产能 FROM bs_prod_line           WHERE ISNULL(asp_cancel,'N') <> 'Y' AND ISNULL(停用,0) = 0) c     UNION ALL     -- 负荷行仅保留启用档案线(2026-09-23 修复):停用线不进下拉/负荷面板;档案外脏值线一并排除     SELECT p.生产线, p.生产车间, NULL, pd.idx, pd.v     FROM perday pd JOIN bs_prod_line p ON p.生产线 = pd.生产线     WHERE ISNULL(p.asp_cancel,'N') <> 'Y' AND ISNULL(p.停用,0) = 0 ) SELECT 生产线,        MAX(生产车间) AS 生产车间,        MAX(日产能) AS 日产能,        CAST(ISNULL(MAX(CASE WHEN idx = 0 THEN v END), 0) AS decimal(18,2)) AS [今日负荷],        CAST(ISNULL(MAX(CASE WHEN idx = 1  THEN v END), 0) AS decimal(18,2)) AS [D1],        CAST(ISNULL(MAX(CASE WHEN idx = 2  THEN v END), 0) AS decimal(18,2)) AS [D2],        CAST(ISNULL(MAX(CASE WHEN idx = 3  THEN v END), 0) AS decimal(18,2)) AS [D3],        CAST(ISNULL(MAX(CASE WHEN idx = 4  THEN v END), 0) AS decimal(18,2)) AS [D4],        CAST(ISNULL(MAX(CASE WHEN idx = 5  THEN v END), 0) AS decimal(18,2)) AS [D5],        CAST(ISNULL(MAX(CASE WHEN idx = 6  THEN v END), 0) AS decimal(18,2)) AS [D6],        CAST(ISNULL(MAX(CASE WHEN idx = 7  THEN v END), 0) AS decimal(18,2)) AS [D7],        CAST(ISNULL(MAX(CASE WHEN idx = 8  THEN v END), 0) AS decimal(18,2)) AS [D8],        CAST(ISNULL(MAX(CASE WHEN idx = 9  THEN v END), 0) AS decimal(18,2)) AS [D9],        CAST(ISNULL(MAX(CASE WHEN idx = 10 THEN v END), 0) AS decimal(18,2)) AS [D10],        CAST(ISNULL(MAX(CASE WHEN idx = 11 THEN v END), 0) AS decimal(18,2)) AS [D11],        CAST(ISNULL(MAX(CASE WHEN idx = 12 THEN v END), 0) AS decimal(18,2)) AS [D12],        CAST(ISNULL(MAX(CASE WHEN idx = 13 THEN v END), 0) AS decimal(18,2)) AS [D13],        CAST(ISNULL(SUM(v), 0) AS decimal(18,2)) AS [合计负荷],        CAST(ROW_NUMBER() OVER (ORDER BY 生产线) AS int) AS id,        CAST(NULL AS char(1)) AS asp_cancel FROM k GROUP BY 生产线;
v_lot_trace	CREATE   VIEW v_lot_trace AS SELECT ROW_NUMBER() OVER(ORDER BY (SELECT NULL)) AS id, t.* FROM (SELECT d.[批号] AS 批号, d.[物料编码] AS 物料编码, d.[物料名称] AS 物料名称, N'来料检验' AS 事件,        h.[单据编号] AS 单据编号, h.[单据日期] AS 单据日期, d.[送检数量] AS 数量, NULL AS 仓库,        CASE WHEN ISNULL(st.canceled,'N')='Y' THEN N'已作废' WHEN st.shr IS NOT NULL THEN N'已审核' ELSE N'草稿' END AS 状态,        h.[检验员] AS 相关人, h.[供应商] AS 对象, CAST(NULL AS char(1)) AS asp_cancel FROM qc_insp_detail d JOIN qc_insp h ON h.[单据编号] = d.[单据编号] LEFT JOIN yj_doc_status st ON st.panel_code = 'QC_INSP' AND st.doc_no = h.[单据编号] WHERE d.[批号] IS NOT NULL AND ISNULL(d.asp_cancel,'N')<>'Y' UNION ALL SELECT l.[批号], l.[存货编码], l.[存货名称], N'采购入库', h.[单据编号], h.[单据日期], l.[实收数量], l.[仓库],        CASE WHEN ISNULL(st.canceled,'N')='Y' THEN N'已作废' WHEN st.shr IS NOT NULL THEN N'已审核' ELSE N'草稿' END,        h.[审核人], h.[供应商], CAST(NULL AS char(1)) FROM bl_purchase_in l JOIN bd_purchase_in h ON h.[单据编号] = l.[单据编号] LEFT JOIN yj_doc_status st ON st.panel_code = 'PURCHASE_IN' AND st.doc_no = h.[单据编号] WHERE l.[批号] IS NOT NULL AND ISNULL(l.asp_cancel,'N')<>'Y' UNION ALL SELECT l.[批号], l.[材料编码], l.[材料名称], N'领料出库', h.[单据编号], h.[单据日期], l.[数量], l.[仓库],        CASE WHEN ISNULL(st.canceled,'N')='Y' THEN N'已作废' WHEN st.shr IS NOT NULL THEN N'已审核' ELSE N'草稿' END,        h.[领用人], h.[加工单号], CAST(NULL AS char(1)) FROM bl_material_out l JOIN bd_material_out h ON h.[单据编号] = l.[单据编号] LEFT JOIN yj_doc_status st ON st.panel_code = 'MATERIAL_OUT' AND st.doc_no = h.[单据编号] WHERE l.[批号] IS NOT NULL AND ISNULL(l.asp_cancel,'N')<>'Y' UNION ALL SELECT NULL, w.[产品编码], w.[产品名称], N'工序质检(' + h.[工序] + N')', h.[单据编号], h.[单据日期], NULL, w.[生产车间],        CASE WHEN ISNULL(st.canceled,'N')='Y' THEN N'已作废' WHEN st.shr IS NOT NULL THEN N'已审核' ELSE N'草稿' END,        h.[检验员], h.[工单号], CAST(NULL AS char(1)) FROM qc_op h JOIN wo_order w ON w.[单据编号] = h.[工单号] LEFT JOIN yj_doc_status st ON st.panel_code = 'QC_OP' AND st.doc_no = h.[单据编号] WHERE ISNULL(h.asp_cancel,'N')<>'Y' UNION ALL SELECT d.[批号], d.[物料编码], d.[物料名称], N'不良处置(' + d.[处置方式] + N')', d.[单据编号], d.[单据日期], d.[数量], d.[原仓库],        CASE WHEN ISNULL(st.canceled,'N')='Y' THEN N'已作废' WHEN st.shr IS NOT NULL THEN N'已审核' ELSE N'草稿' END,        d.[经手人], d.[处置原因], CAST(NULL AS char(1)) FROM qc_disposal d LEFT JOIN yj_doc_status st ON st.panel_code = 'QC_DISPOSAL' AND st.doc_no = d.[单据编号] WHERE d.[批号] IS NOT NULL AND ISNULL(d.asp_cancel,'N')<>'Y' UNION ALL SELECT l.[批号], l.[产品编码], l.[产品名称], N'成品入库', h.[单据编号], h.[单据日期], l.[实收数量], l.[仓库],        CASE WHEN ISNULL(st.canceled,'N')='Y' THEN N'已作废' WHEN st.shr IS NOT NULL THEN N'已审核' ELSE N'草稿' END,        h.[经手人], h.[加工单号], CAST(NULL AS char(1)) FROM bl_finish_in l JOIN bd_finish_in h ON h.[单据编号] = l.[单据编号] LEFT JOIN yj_doc_status st ON st.panel_code = 'FINISH_IN' AND st.doc_no = h.[单据编号] WHERE l.[批号] IS NOT NULL AND ISNULL(l.asp_cancel,'N')<>'Y' UNION ALL SELECT l.[批号], l.[存货编码], l.[存货名称], N'销售出库', h.[单据编号], h.[单据日期], l.[数量], l.[仓库],        CASE WHEN ISNULL(st.canceled,'N')='Y' THEN N'已作废' WHEN st.shr IS NOT NULL THEN N'已审核' ELSE N'草稿' END,        h.[经手人], h.[客户], CAST(NULL AS char(1)) FROM bl_sale_out l JOIN bd_sale_out h ON h.[单据编号] = l.[单据编号] LEFT JOIN yj_doc_status st ON st.panel_code = 'SALE_OUT' AND st.doc_no = h.[单据编号] WHERE l.[批号] IS NOT NULL AND ISNULL(l.asp_cancel,'N')<>'Y') t
v_manu_order_detail	CREATE VIEW v_manu_order_detail AS SELECT h.[合同号] AS [单据编号], h.*, l.[产品编码], l.[存货图片], l.[产品名称], l.[规格型号], l.[型号], l.[生产单位], l.[数量], l.[齐套数量(主)], l.[累计汇报套数(工序单位)], l.[可用量], l.[现存量], l.[图号], l.[单重], l.[总重], l.[需求令号] FROM bd_manu_order h LEFT JOIN bl_manu_order l ON h.[合同号]=l.[合同号]
v_manu_order_stats	CREATE   VIEW v_manu_order_stats AS SELECT ROW_NUMBER() OVER(ORDER BY (SELECT NULL)) AS id, h.asp_cancel, l.[产品编码], l.[产品名称], l.[规格型号], l.[生产单位], COUNT(DISTINCT h.[合同号]) AS [加工单数], SUM(COALESCE(l.[数量],0)) AS [计划数量], SUM(COALESCE(l.[累计汇报套数(工序单位)],0)) AS [累计汇报数量], SUM(CASE WHEN h.[完工日期] IS NOT NULL THEN COALESCE(l.[数量],0) ELSE 0 END) AS [完工数量], CAST(ISNULL(100.0*SUM(COALESCE(l.[累计汇报套数(工序单位)],0))/NULLIF(SUM(COALESCE(l.[数量],0)),0),0) AS decimal(18,2)) AS [生产进度%] FROM bd_manu_order h LEFT JOIN bl_manu_order l ON h.[合同号]=l.[合同号] WHERE NOT EXISTS (SELECT 1 FROM yj_doc_status s WHERE s.panel_code='MANU_ORDER' AND s.doc_no=h.[合同号] AND s.canceled='Y') GROUP BY h.asp_cancel, l.[产品编码], l.[产品名称], l.[规格型号], l.[生产单位]
v_manu_schedule	CREATE VIEW v_manu_schedule AS SELECT x.*,        CASE WHEN x.[混料完成] > 0 THEN x.[混料完成]             WHEN x.[成型完成] > 0 THEN x.[成型完成]             WHEN x.[切炭完成] > 0 THEN x.[切炭完成]             WHEN x.[组装完成] > 0 THEN x.[组装完成]             ELSE x.[装箱完成] END AS 开产量,        (SELECT MAX(v) FROM (VALUES (x.[混料完成]), (x.[成型完成]), (x.[切炭完成]), (x.[组装完成]), (x.[装箱完成])) AS t(v)) AS 已报工,        CASE WHEN ISNULL(x.[排产数量],0) > 0 AND ISNULL(x.[入库数量],0) >= ISNULL(x.[排产数量],0) THEN N'完工'             WHEN (CASE WHEN x.[混料完成] > 0 THEN x.[混料完成]                        WHEN x.[成型完成] > 0 THEN x.[成型完成]                        WHEN x.[切炭完成] > 0 THEN x.[切炭完成]                        WHEN x.[组装完成] > 0 THEN x.[组装完成]                        ELSE x.[装箱完成] END) > 0 THEN N'在产'             WHEN ISNULL(x.[生产线],N'') <> N'' THEN N'待产'             ELSE N'未排产' END AS 生产状态 FROM ( SELECT l.id AS id, h.[合同号] AS 加工单号, h.[单据日期] AS 单据日期, h.[销售订单号] AS 销售订单号,        h.[客户] AS 客户, ISNULL(pt.[客户价格等级], N'') AS 客户等级,        h.[生产线] AS 生产线,        ISNULL(h.[重点管控], N'否') AS 重点管控,        ISNULL(pl.[小时产能], 0) AS [产能/小时],        l.[产品编码] AS 产品编码, l.[产品名称] AS 产品名称,        ISNULL(NULLIF(l.[规格型号], N''), iv.[规格型号]) AS 规格型号, l.[生产单位] AS 生产单位,        l.[批号] AS 批号,        ISNULL(so.[数量], 0) AS 销售订单数量,        ISNULL(l.[需求数量], ISNULL(l.[数量], 0)) AS 需求数量,        ISNULL(l.[数量], ISNULL(l.[排产数量], 0)) AS 生产订单数量,        ISNULL(l.[排产数量], 0) AS 排产数量,        ISNULL(l.[排产数量], 0) AS 生产计划数量,        ISNULL(l.[每箱数量], 0) AS 每箱数量,        CASE WHEN ISNULL(l.[每箱数量], 0) > 0             THEN CAST(ISNULL(l.[排产数量], 0) / l.[每箱数量] AS decimal(18,2)) ELSE 0 END AS 箱数,        COALESCE(h.[入库数量], ISNULL(l.[入库数量], 0)) AS 入库数量,        COALESCE(h.[入库数量], ISNULL(l.[入库数量], 0)) AS 实际完成数量,        ISNULL(l.[排产数量], 0) - COALESCE(h.[入库数量], ISNULL(l.[入库数量], 0)) AS 余量,        CAST(h.[预开工日] AS date) AS 计划开工日,        CAST(h.[预完工日] AS date) AS 交期,        CAST(h.[预完工日] AS date) AS 工序交期,        CASE WHEN h.[预完工日] IS NULL THEN NULL             ELSE DATEDIFF(day, CAST(GETDATE() AS date), CAST(h.[预完工日] AS date)) END AS [交期紧迫度(天)],        CASE WHEN h.[预完工日] IS NOT NULL AND DATEDIFF(day, CAST(GETDATE() AS date), CAST(h.[预完工日] AS date)) <= 7             THEN ISNULL(l.[排产数量], 0) ELSE 0 END AS [7天已排产],        CASE WHEN h.[预完工日] IS NOT NULL AND DATEDIFF(day, CAST(GETDATE() AS date), CAST(h.[预完工日] AS date)) BETWEEN 8 AND 15             THEN ISNULL(l.[排产数量], 0) ELSE 0 END AS [15天已排产],        CASE WHEN h.[预完工日] IS NOT NULL AND DATEDIFF(day, CAST(GETDATE() AS date), CAST(h.[预完工日] AS date)) > 15             THEN ISNULL(l.[排产数量], 0) ELSE 0 END AS [大于15天],        h.[结案] AS 结案,        ISNULL(l.[排产数量], 0) AS 混料计划,        ISNULL((SELECT SUM(p.[完成数量]) FROM dbo.wo_progress p WHERE p.[单据编号] = h.[合同号] AND p.[工序] = N'混料' AND ISNULL(p.asp_cancel,'N') <> 'Y'), 0) AS 混料完成,        ISNULL(l.[排产数量], 0) - ISNULL((SELECT SUM(p.[完成数量]) FROM dbo.wo_progress p WHERE p.[单据编号] = h.[合同号] AND p.[工序] = N'混料' AND ISNULL(p.asp_cancel,'N') <> 'Y'), 0) AS 混料未完成,        ISNULL(l.[排产数量], 0) AS 成型计划,        ISNULL((SELECT SUM(p.[完成数量]) FROM dbo.wo_progress p WHERE p.[单据编号] = h.[合同号] AND p.[工序] = N'成型' AND ISNULL(p.asp_cancel,'N') <> 'Y'), 0) AS 成型完成,        ISNULL(l.[排产数量], 0) - ISNULL((SELECT SUM(p.[完成数量]) FROM dbo.wo_progress p WHERE p.[单据编号] = h.[合同号] AND p.[工序] = N'成型' AND ISNULL(p.asp_cancel,'N') <> 'Y'), 0) AS 成型未完成,        ISNULL(l.[排产数量], 0) AS 切炭计划,        ISNULL((SELECT SUM(p.[完成数量]) FROM dbo.wo_progress p WHERE p.[单据编号] = h.[合同号] AND p.[工序] = N'切炭' AND ISNULL(p.asp_cancel,'N') <> 'Y'), 0) AS 切炭完成,        ISNULL(l.[排产数量], 0) - ISNULL((SELECT SUM(p.[完成数量]) FROM dbo.wo_progress p WHERE p.[单据编号] = h.[合同号] AND p.[工序] = N'切炭' AND ISNULL(p.asp_cancel,'N') <> 'Y'), 0) AS 切炭未完成,        ISNULL(l.[排产数量], 0) AS 组装计划,        ISNULL((SELECT SUM(p.[完成数量]) FROM dbo.wo_progress p WHERE p.[单据编号] = h.[合同号] AND p.[工序] = N'组装' AND ISNULL(p.asp_cancel,'N') <> 'Y'), 0) AS 组装完成,        ISNULL(l.[排产数量], 0) - ISNULL((SELECT SUM(p.[完成数量]) FROM dbo.wo_progress p WHERE p.[单据编号] = h.[合同号] AND p.[工序] = N'组装' AND ISNULL(p.asp_cancel,'N') <> 'Y'), 0) AS 组装未完成,        ISNULL(l.[排产数量], 0) AS 装箱计划,        ISNULL((SELECT SUM(p.[完成数量]) FROM dbo.wo_progress p WHERE p.[单据编号] = h.[合同号] AND p.[工序] = N'装箱' AND ISNULL(p.asp_cancel,'N') <> 'Y'), 0) AS 装箱完成,        ISNULL(l.[排产数量], 0) - ISNULL((SELECT SUM(p.[完成数量]) FROM dbo.wo_progress p WHERE p.[单据编号] = h.[合同号] AND p.[工序] = N'装箱' AND ISNULL(p.asp_cancel,'N') <> 'Y'), 0) AS 装箱未完成,        ISNULL(l.[排产数量], 0) - ISNULL((SELECT SUM(p.[完成数量]) FROM dbo.wo_progress p WHERE p.[单据编号] = h.[合同号] AND p.[工序] = N'装箱' AND ISNULL(p.asp_cancel,'N') <> 'Y'), 0) AS 未完成数量,        CASE WHEN ISNULL(st.canceled,'Y') = 'Y' THEN N'已作废'             WHEN ISNULL(st.stopped,'N') = 'Y' THEN N'已中止'             WHEN st.shr IS NOT NULL THEN N'已审核' ELSE N'草稿' END AS 单据状态,        ISNULL(h.[源工单号], N'') AS 源工单号,        CAST(NULL AS char(1)) AS asp_cancel FROM dbo.bd_manu_order h JOIN dbo.bl_manu_order l ON l.[合同号] = h.[合同号] AND ISNULL(l.asp_cancel,'N') <> 'Y' LEFT JOIN dbo.yj_doc_status st ON st.panel_code = 'MANU_ORDER' AND st.doc_no = h.[合同号] LEFT JOIN dbo.bs_partner pt ON pt.[往来单位编码] = h.[客户编码] OR (ISNULL(h.[客户编码],N'') = N'' AND pt.[往来单位名称] = h.[客户]) LEFT JOIN dbo.bs_prod_line pl ON pl.[生产线] = h.[生产线] AND ISNULL(pl.asp_cancel,'N') <> 'Y' LEFT JOIN dbo.bs_inv iv ON iv.[存货编码] = l.[产品编码] LEFT JOIN dbo.bl_so_order so ON so.[单据编号] = h.[销售订单号] AND so.[存货编码] = l.[产品编码] WHERE ISNULL(h.asp_cancel,'N') <> 'Y' ) x;
v_material_out_detail	CREATE   VIEW v_material_out_detail AS SELECT ROW_NUMBER() OVER(ORDER BY h.id DESC, l.id) AS id, h.asp_cancel, h.[单据日期], h.asp_time1 AS [创建时间], h.[单据编号], h.[业务类型], NULL AS [仓库编码] /* 无数据源,布局列 */, h.[仓库], h.[出库类别], NULL AS [生产车间编码] /* 无数据源,布局列 */, h.[生产车间], NULL AS [领用人编码] /* 无数据源,布局列 */, h.[领用人], h.asp_user1 AS [制单人], s.shr AS [审核人], NULL AS [材料编码] /* 无数据源,布局列 */, l.[材料名称], l.[规格型号] AS [材料规格], NULL AS [明细.生产车间] /* 无数据源,布局列 */, NULL AS [工作中心] /* 无数据源,布局列 */, NULL AS [班组] /* 无数据源,布局列 */, NULL AS [工人] /* 无数据源,布局列 */, NULL AS [设备] /* 无数据源,布局列 */, l.[计量单位], l.[数量], l.[单价], l.[金额], NULL AS [计量单位2] /* 无数据源,布局列 */, NULL AS [数量2] /* 无数据源,布局列 */, NULL AS [出库调整] /* 无数据源,布局列 */ FROM bd_material_out h LEFT JOIN bl_material_out l ON h.[单据编号]=l.[单据编号] LEFT JOIN yj_doc_status s ON s.panel_code='MATERIAL_OUT' AND s.doc_no=h.[单据编号]
v_material_out_stats	CREATE   VIEW v_material_out_stats AS SELECT ROW_NUMBER() OVER(ORDER BY (SELECT NULL)) AS id, h.asp_cancel, NULL AS [仓库编码], l.[仓库], NULL AS [材料编码], l.[材料名称], l.[规格型号] AS [材料规格], l.[计量单位] AS [主单位], NULL AS [计量单位(辅单位)], SUM(COALESCE(l.[数量],0)) AS [数量(主单位)], SUM(COALESCE(l.[金额],0))/NULLIF(SUM(COALESCE(l.[数量],0)),0) AS [单价(主单位)], SUM(COALESCE(l.[金额],0)) AS [金额], NULL AS [数量(辅单位)], NULL AS [单价(辅单位)], NULL AS [出库调整] FROM bd_material_out h LEFT JOIN bl_material_out l ON h.[单据编号]=l.[单据编号] WHERE NOT EXISTS (SELECT 1 FROM yj_doc_status s WHERE s.panel_code='MATERIAL_OUT' AND s.doc_no=h.[单据编号] AND s.canceled='Y') GROUP BY h.asp_cancel, l.[仓库], l.[材料名称], l.[规格型号], l.[计量单位]
v_other_in_detail	CREATE   VIEW v_other_in_detail AS SELECT ROW_NUMBER() OVER(ORDER BY h.id DESC, l.id) AS id, h.asp_cancel, h.[单据日期], h.asp_time1 AS [创建时间], h.[单据编号], h.[业务类型], NULL AS [仓库编码] /* 无数据源,布局列 */, h.[仓库], h.[入库类别], NULL AS [部门编码] /* 无数据源,布局列 */, NULL AS [部门] /* 无数据源,布局列 */, NULL AS [经手人编码] /* 无数据源,布局列 */, NULL AS [经手人] /* 无数据源,布局列 */, h.[备注], h.asp_user1 AS [制单人], s.shr AS [审核人], NULL AS [存货编码] /* 无数据源,布局列 */, l.[存货名称] AS [存货], l.[规格型号], l.[计量单位], l.[数量], l.[单价], l.[金额], l.[计量单位2], l.[数量2] FROM bd_other_in h LEFT JOIN bl_other_in l ON h.[单据编号]=l.[单据编号] LEFT JOIN yj_doc_status s ON s.panel_code='OTHER_IN' AND s.doc_no=h.[单据编号]
v_other_in_stats	CREATE   VIEW v_other_in_stats AS SELECT ROW_NUMBER() OVER(ORDER BY (SELECT NULL)) AS id, h.asp_cancel, NULL AS [仓库编码], h.[仓库], NULL AS [存货编码], l.[存货名称] AS [存货], l.[规格型号], l.[计量单位] AS [主单位], l.[计量单位2] AS [辅单位], SUM(COALESCE(l.[数量],0)) AS [数量(主单位)], SUM(COALESCE(l.[金额],0))/NULLIF(SUM(COALESCE(l.[数量],0)),0) AS [单价], SUM(COALESCE(l.[金额],0)) AS [金额], SUM(COALESCE(l.[数量2],0)) AS [数量(辅单位)], NULL AS [单价(辅单位)] FROM bd_other_in h LEFT JOIN bl_other_in l ON h.[单据编号]=l.[单据编号] WHERE NOT EXISTS (SELECT 1 FROM yj_doc_status s WHERE s.panel_code='OTHER_IN' AND s.doc_no=h.[单据编号] AND s.canceled='Y') GROUP BY h.asp_cancel, h.[仓库], l.[存货名称], l.[规格型号], l.[计量单位], l.[计量单位2]
v_other_out_detail	CREATE   VIEW v_other_out_detail AS SELECT ROW_NUMBER() OVER(ORDER BY h.id DESC, l.id) AS id, h.asp_cancel, h.[单据日期], h.asp_time1 AS [创建时间], h.[单据编号], h.[业务类型], NULL AS [仓库编码] /* 无数据源,布局列 */, l.[仓库], h.[出库类别], NULL AS [部门编码] /* 无数据源,布局列 */, h.[部门], NULL AS [经手人编码] /* 无数据源,布局列 */, h.[经手人], h.[备注], h.asp_user1 AS [制单人], s.shr AS [审核人], NULL AS [存货编码] /* 无数据源,布局列 */, l.[存货名称] AS [存货], l.[规格型号], l.[计量单位], l.[数量], l.[单价], l.[金额], NULL AS [计量单位2] /* 无数据源,布局列 */, NULL AS [数量2] /* 无数据源,布局列 */, NULL AS [出库调整] /* 无数据源,布局列 */, NULL AS [累计调拨入库量] /* 无数据源,布局列 */, NULL AS [合理损耗数量] /* 无数据源,布局列 */, NULL AS [入库单号] /* 无数据源,布局列 */ FROM bd_other_out h LEFT JOIN bl_other_out l ON h.[单据编号]=l.[单据编号] LEFT JOIN yj_doc_status s ON s.panel_code='OTHER_OUT' AND s.doc_no=h.[单据编号]
v_other_out_stats	CREATE   VIEW v_other_out_stats AS SELECT ROW_NUMBER() OVER(ORDER BY (SELECT NULL)) AS id, h.asp_cancel, NULL AS [仓库编码], l.[仓库], NULL AS [存货编码], l.[存货名称] AS [存货], l.[规格型号], l.[计量单位] AS [主单位], SUM(COALESCE(l.[数量],0)) AS [数量(主单位)], SUM(COALESCE(l.[金额],0))/NULLIF(SUM(COALESCE(l.[数量],0)),0) AS [单价(主单位)], NULL AS [数量(辅单位)], NULL AS [单价(辅单位)], SUM(COALESCE(l.[金额],0)) AS [金额], NULL AS [出库调整], NULL AS [累计调拨入库量(主单位)], NULL AS [合理损耗数量(主单位)] FROM bd_other_out h LEFT JOIN bl_other_out l ON h.[单据编号]=l.[单据编号] WHERE NOT EXISTS (SELECT 1 FROM yj_doc_status s WHERE s.panel_code='OTHER_OUT' AND s.doc_no=h.[单据编号] AND s.canceled='Y') GROUP BY h.asp_cancel, l.[仓库], l.[存货名称], l.[规格型号], l.[计量单位]
v_outsource_in_detail	CREATE   VIEW v_outsource_in_detail AS SELECT h.*, l.[产品编码], l.[产品名称], l.[规格型号], l.[计量单位], l.[实收数量], l.[单价], l.[金额], l.[现存量], l.[行中止] FROM bd_outsource_in h LEFT JOIN bl_outsource_in l ON h.[单据编号]=l.[单据编号]
v_outsource_in_stats	CREATE   VIEW v_outsource_in_stats AS SELECT ROW_NUMBER() OVER(ORDER BY (SELECT NULL)) AS id, h.[单据日期], h.asp_cancel,   h.[委外供应商], h.[仓库], l.[产品编码], l.[产品名称], l.[规格型号], l.[计量单位],   COUNT(DISTINCT h.[单据编号]) AS [入库单数], SUM(COALESCE(l.[实收数量],0)) AS [实收数量], SUM(COALESCE(l.[金额],0)) AS [金额] FROM bd_outsource_in h LEFT JOIN bl_outsource_in l ON h.[单据编号]=l.[单据编号] GROUP BY h.[单据日期], h.asp_cancel, h.[委外供应商], h.[仓库], l.[产品编码], l.[产品名称], l.[规格型号], l.[计量单位]
v_outsource_issue_detail	CREATE   VIEW v_outsource_issue_detail AS SELECT ROW_NUMBER() OVER(ORDER BY h.id, l.id) AS id, h.asp_cancel,        h.[单据日期], h.[单据编号], h.[业务类型], h.[委外供应商], h.[委外加工单号],        h.[仓库] AS [发料仓库], h.[仓库], h.[部门], h.[经手人], h.[备注],        h.[单据状态], h.[审核人], h.[审核时间], h.[审批人], h.[审批时间],        h.asp_user1, h.asp_time1, h.asp_user2, h.asp_time2,        h.[来源单据], h.[来源单号],        l.[材料编码], l.[材料名称], l.[规格型号], l.[计量单位], l.[数量], l.[单价], l.[金额],        l.[仓库] AS [材料仓库], l.[行中止] FROM bd_outsource_issue h LEFT JOIN bl_outsource_issue l ON h.[单据编号]=l.[单据编号];
v_outsource_issue_stats	CREATE   VIEW v_outsource_issue_stats AS SELECT ROW_NUMBER() OVER(ORDER BY (SELECT NULL)) AS id, h.[单据日期], h.asp_cancel,   h.[委外供应商], h.[仓库], l.[材料编码], l.[材料名称], l.[规格型号], l.[计量单位],   COUNT(DISTINCT h.[单据编号]) AS [发料单数], SUM(COALESCE(l.[数量],0)) AS [数量], SUM(COALESCE(l.[金额],0)) AS [金额] FROM bd_outsource_issue h LEFT JOIN bl_outsource_issue l ON h.[单据编号]=l.[单据编号] GROUP BY h.[单据日期], h.asp_cancel, h.[委外供应商], h.[仓库], l.[材料编码], l.[材料名称], l.[规格型号], l.[计量单位]
v_purchase_in_detail	CREATE   VIEW v_purchase_in_detail AS SELECT ROW_NUMBER() OVER(ORDER BY h.id DESC, l.id) AS id, h.asp_cancel, h.[单据日期], h.asp_time1 AS [创建时间], h.[单据编号], h.[业务类型], NULL AS [仓库编码] /* 无数据源,布局列 */, NULL AS [仓库] /* 头列已下线,占位 */, h.[入库类别], h.[供应商编码], h.[供应商], NULL AS [部门编码] /* 无数据源,布局列 */, NULL AS [部门] /* 无数据源,布局列 */, NULL AS [经手人编码] /* 无数据源,布局列 */, h.[经手人], h.[备注], h.asp_user1 AS [制单人], s.shr AS [审核人], NULL AS [存货编码] /* 无数据源,布局列 */, l.[存货名称] AS [存货], l.[规格型号], l.[计量单位], l.[实收数量], l.[单价], l.[金额], l.[单价2], l.[计量单位2], l.[实收数量2], NULL AS [入库调整] /* 无数据源,布局列 */, l.[费用调整], NULL AS [总成本] /* 无数据源,布局列 */, l.[费用金额] FROM bd_purchase_in h LEFT JOIN bl_purchase_in l ON h.[单据编号]=l.[单据编号] LEFT JOIN yj_doc_status s ON s.panel_code='PURCHASE_IN' AND s.doc_no=h.[单据编号]
v_purchase_in_stats	CREATE   VIEW v_purchase_in_stats AS SELECT ROW_NUMBER() OVER(ORDER BY (SELECT NULL)) AS id, h.asp_cancel, NULL AS [仓库编码], NULL AS [仓库], h.[供应商编码], h.[供应商], NULL AS [存货编码], l.[存货名称] AS [存货], l.[规格型号], l.[计量单位] AS [主单位], l.[计量单位2] AS [辅单位], SUM(COALESCE(l.[实收数量],0)) AS [实收数量(主单位)], SUM(COALESCE(l.[金额],0))/NULLIF(SUM(COALESCE(l.[实收数量],0)),0) AS [单价(主单位)], SUM(COALESCE(l.[金额],0)) AS [金额], NULL AS [单价(辅单位)], NULL AS [入库调整], SUM(COALESCE(l.[费用调整],0)) AS [费用调整], SUM(COALESCE(l.[金额],0)+COALESCE(l.[费用调整],0)+COALESCE(l.[费用金额],0)) AS [总成本], SUM(COALESCE(l.[费用金额],0)) AS [费用金额] FROM bd_purchase_in h LEFT JOIN bl_purchase_in l ON h.[单据编号]=l.[单据编号] WHERE NOT EXISTS (SELECT 1 FROM yj_doc_status s WHERE s.panel_code='PURCHASE_IN' AND s.doc_no=h.[单据编号] AND s.canceled='Y') GROUP BY h.asp_cancel, h.[供应商编码], h.[供应商], l.[存货名称], l.[规格型号], l.[计量单位], l.[计量单位2]
v_sale_out_detail	CREATE   VIEW v_sale_out_detail AS SELECT ROW_NUMBER() OVER(ORDER BY h.id DESC, l.id) AS id, h.asp_cancel, h.[单据日期], h.asp_time1 AS [创建时间], h.[单据编号], h.[业务类型], NULL AS [仓库编码] /* 无数据源,布局列 */, h.[仓库], h.[出库类别], h.[客户编码], h.[客户], NULL AS [部门编码] /* 无数据源,布局列 */, h.[部门], NULL AS [经手人编码] /* 无数据源,布局列 */, h.[经手人], h.asp_user1 AS [制单人], s.shr AS [审核人], l.[存货编码], l.[存货名称] AS [存货], l.[规格型号], l.[计量单位], NULL AS [应发数量] /* 无数据源,布局列 */, l.[数量], NULL AS [计量单位2] /* 无数据源,布局列 */, NULL AS [应发数量2] /* 无数据源,布局列 */, NULL AS [数量2] /* 无数据源,布局列 */, l.[成本价], COALESCE(l.[成本价],0)*COALESCE(l.[数量],0) AS [成本金额], NULL AS [出库调整] /* 无数据源,布局列 */, h.[销售订单号], NULL AS [入库单号] /* 无数据源,布局列 */ FROM bd_sale_out h LEFT JOIN bl_sale_out l ON h.[单据编号]=l.[单据编号] LEFT JOIN yj_doc_status s ON s.panel_code='SALE_OUT' AND s.doc_no=h.[单据编号]
v_sale_out_stats	CREATE   VIEW v_sale_out_stats AS SELECT ROW_NUMBER() OVER(ORDER BY (SELECT NULL)) AS id, h.asp_cancel, h.[单据日期] AS [单据日期（周）], l.[存货编码], l.[存货名称] AS [存货], l.[规格型号], l.[计量单位] AS [主单位], NULL AS [辅单位], SUM(COALESCE(l.[数量],0)) AS [数量(主单位)], SUM(COALESCE(l.[成本价],0)*COALESCE(l.[数量],0))/NULLIF(SUM(COALESCE(l.[数量],0)),0) AS [成本价(主单位)], NULL AS [数量(辅单位)], NULL AS [成本价(辅单位)], SUM(COALESCE(l.[成本价],0)*COALESCE(l.[数量],0)) AS [成本金额], NULL AS [出库调整] FROM bd_sale_out h LEFT JOIN bl_sale_out l ON h.[单据编号]=l.[单据编号] WHERE NOT EXISTS (SELECT 1 FROM yj_doc_status s WHERE s.panel_code='SALE_OUT' AND s.doc_no=h.[单据编号] AND s.canceled='Y') GROUP BY h.asp_cancel, h.[单据日期], l.[存货编码], l.[存货名称], l.[规格型号], l.[计量单位]
v_sales_order_detail	CREATE VIEW v_sales_order_detail AS SELECT h.[id], h.[单据编号], h.[单据日期], h.[客户], h.[客户编码], h.[结算客户], h.[部门], h.[部门负责人], h.[业务员], h.[项目], h.[预计交货日期], h.[联系人], h.[备注], h.[审核时间], h.[审批人], h.[审批时间], h.asp_user1, h.asp_time1, h.asp_cancel, l.[单据编号] AS line_no, l.[品牌], l.[存货名称] AS [存货], l.[存货名称], l.[存货编码], l.[规格型号], l.[数量], l.[销售单位] AS [计量单位], l.[销售单位], l.[单价], l.[税率%], l.[含税单价], l.[金额], l.[含税金额], l.[折扣金额], l.[现存量], h.asp_user1 AS [制单人], CASE WHEN ISNULL(s.canceled,N'N')=N'Y' THEN N'已作废' WHEN ISNULL(s.pending,N'N')=N'Y' THEN N'审批中' WHEN s.shr IS NOT NULL THEN N'已审核' ELSE N'草稿' END AS [单据状态], s.shr AS [审核人] FROM bd_so_order h LEFT JOIN bl_so_order l ON h.[单据编号]=l.[单据编号] LEFT JOIN yj_doc_status s ON s.panel_code = 'SO_ORDER' AND s.doc_no = h.[单据编号]
v_sales_order_stats	CREATE   VIEW v_sales_order_stats AS SELECT ROW_NUMBER() OVER(ORDER BY (SELECT NULL)) AS id, h.asp_cancel, h.[客户编码], h.[客户], h.[部门], h.[业务员], l.[存货编码], l.[存货名称] AS [存货], l.[规格型号], l.[销售单位] AS [主单位], COUNT(DISTINCT h.[单据编号]) AS [单据数], SUM(COALESCE(l.[数量],0)) AS [数量(主单位)], SUM(COALESCE(l.[金额],0))/NULLIF(SUM(COALESCE(l.[数量],0)),0) AS [单价], SUM(COALESCE(l.[金额],0)) AS [金额], SUM(COALESCE(l.[含税金额],0)) AS [含税金额], SUM(COALESCE(l.[折扣金额],0)) AS [折扣金额], MIN(l.[预计交货日期]) AS [预计交货日期] FROM bd_so_order h LEFT JOIN bl_so_order l ON h.[单据编号]=l.[单据编号] WHERE NOT EXISTS (SELECT 1 FROM yj_doc_status s WHERE s.panel_code='SO_ORDER' AND s.doc_no=h.[单据编号] AND s.canceled='Y') GROUP BY h.asp_cancel, h.[客户编码], h.[客户], h.[部门], h.[业务员], l.[存货编码], l.[存货名称], l.[规格型号], l.[销售单位]
v_stock_balance	 CREATE VIEW dbo.v_stock_balance AS SELECT ROW_NUMBER() OVER (ORDER BY m.仓库, m.存货编码, m.存货) AS id,        m.仓库编码, m.仓库, m.存货编码, m.存货, m.规格型号, m.主计量,        SUM(m.数量*m.sign) AS 现存量,        CASE WHEN SUM(m.数量*m.sign)<>0 THEN SUM(m.金额*m.sign)/SUM(m.数量*m.sign) ELSE 0 END AS 结存单价,        SUM(m.金额*m.sign) AS 结存金额,        CAST('N' AS char(1)) AS asp_cancel FROM (   -- 在库:现存量按 仓库键+存货 聚合;金额 = 收入金额 − 移动加权发出成本(取自物化表)   SELECT m.仓库键, m.仓库编码, m.仓库, m.存货编码, m.存货, m.规格型号, m.计量单位 AS 主计量,          m.收入数量 - m.发出数量 AS 数量,          m.收入金额 - ISNULL(c.发出成本金额,0) AS 金额, 1 AS sign   FROM dbo.v_stock_movement m   LEFT JOIN dbo.inv_cost_ledger c ON c.src = m.src AND c.rid = m.rid ) m -- 与成本分区键同口径(含 仓库键):否则同编码不同名称写法会被拆成两行,与成本口径不一致 GROUP BY m.仓库键, m.仓库编码, m.仓库, m.存货编码, m.存货, m.规格型号, m.主计量; 
v_stock_ledger	 CREATE VIEW dbo.v_stock_ledger AS SELECT ROW_NUMBER() OVER (ORDER BY m.仓库键, m.存货编码, m.单据日期, m.src, m.rid) AS id,        CONVERT(nvarchar(10), m.单据日期, 120) AS 开始日期,        CONVERT(nvarchar(10), m.单据日期, 120) AS 结束日期,        m.仓库编码, m.仓库, m.存货编码, m.存货, m.规格型号, m.计量单位, m.批号,        m.单据日期, m.单据类型, m.单据编号, m.业务类型, m.往来单位, m.往来单位编码, m.经手人,        ISNULL(c.结存数量,0) - m.收入数量 + m.发出数量 AS 期初数量,        CASE WHEN ISNULL(c.结存数量,0) - m.收入数量 + m.发出数量 <> 0             THEN (ISNULL(c.结存金额,0) - m.收入金额 + ISNULL(c.发出成本金额,0))                  / (ISNULL(c.结存数量,0) - m.收入数量 + m.发出数量)             ELSE 0 END AS 期初平均单价,        ISNULL(c.结存金额,0) - m.收入金额 + ISNULL(c.发出成本金额,0) AS 期初金额,        m.收入数量,        CASE WHEN m.收入数量<>0 THEN m.收入金额/m.收入数量 ELSE 0 END AS 收入单价,        m.收入金额,        m.含税金额, m.税额,        m.发出数量,        CASE WHEN m.发出数量<>0 THEN ISNULL(c.发出成本金额,0)/m.发出数量 ELSE 0 END AS 发出单价,        ISNULL(c.发出成本金额,0) AS 发出金额,        m.发出单据金额,        ISNULL(c.结存数量,0) AS 期末数量,        ISNULL(c.移动加权单价,0) AS 期末平均单价,        ISNULL(c.结存金额,0) AS 期末金额,        CAST('N' AS char(1)) AS asp_cancel FROM dbo.v_stock_movement m LEFT JOIN dbo.inv_cost_ledger c ON c.src = m.src AND c.rid = m.rid; 
v_stock_movement	 CREATE VIEW dbo.v_stock_movement AS WITH mv AS (   -- 1 采购入库单(入库 +)   -- (2026-09-23 仓库正名:migrate-wh-field-rename 把 bl_purchase_in.仓库名称 改名回了 仓库 —— 单据选仓库   --  字段全局统一叫「仓库」,本视图采购段照读 l.仓库;输出列名 仓库名称 是视图对外契约,不改)   SELECT 1 AS src, l.id AS rid, h.单据日期, N'采购入库单' AS 单据类型, l.单据编号, N'入库' AS 业务类型,          l.仓库 AS 仓库名称, NULLIF(RTRIM(CAST(l.仓库编码 AS nvarchar(200))),N'') AS 自身仓库编码,          ISNULL(NULLIF(RTRIM(CAST(l.存货编码 AS nvarchar(200))),N''), N'(未填存货)') AS 存货编码,          l.存货名称 AS 存货, l.规格型号, l.计量单位,          ISNULL(NULLIF(RTRIM(CAST(l.批号 AS nvarchar(60))),N''), N'(未填批号)') AS 批号,          CAST(l.实收数量 AS decimal(18,4)) AS 收入数量, CAST(0 AS decimal(18,4)) AS 发出数量,          CAST(ISNULL(l.金额, l.单价 * l.实收数量) AS decimal(18,4)) AS 收入金额,          CAST(0 AS decimal(18,4)) AS 发出单据金额,          CAST(l.含税金额 AS decimal(18,4)) AS 含税金额,          CAST(l.含税金额 - ISNULL(l.金额, l.单价 * l.实收数量) AS decimal(18,4)) AS 税额,          h.供应商 AS 往来单位, NULLIF(RTRIM(CAST(h.供应商编码 AS nvarchar(200))),N'') AS 往来单位编码,          h.经手人 AS 经手人   FROM bl_purchase_in l JOIN bd_purchase_in h ON l.单据编号=h.单据编号   WHERE ISNULL(l.asp_cancel,'N')<>'Y' AND ISNULL(h.asp_cancel,'N')<>'Y'     AND (h.单据状态=N'已审核' OR ISNULL(h.单据状态2,'')='C')   UNION ALL   -- 2 产成品入库单(入库 +)   SELECT 2, l.id, h.单据日期, N'产成品入库单', l.单据编号, N'入库',          l.仓库, NULL,          ISNULL(NULLIF(RTRIM(CAST(l.产品编码 AS nvarchar(200))),N''), N'(未填存货)'),          l.产品名称, l.规格型号, l.计量单位,          ISNULL(NULLIF(RTRIM(CAST(l.批号 AS nvarchar(60))),N''), N'(未填批号)'),          CAST(l.实收数量 AS decimal(18,4)), CAST(0 AS decimal(18,4)),          CAST(ISNULL(l.金额, l.单价 * l.实收数量) AS decimal(18,4)),          CAST(0 AS decimal(18,4)),          NULL, NULL,          NULL, NULL, h.经手人   FROM bl_finish_in l JOIN bd_finish_in h ON l.单据编号=h.单据编号   WHERE ISNULL(l.asp_cancel,'N')<>'Y' AND ISNULL(h.asp_cancel,'N')<>'Y' AND h.单据状态=N'已审核'   UNION ALL   -- 3 其他入库单(入库 +);bd_other_in 无 经手人 列 → NULL   SELECT 3, l.id, h.单据日期, N'其他入库单', l.单据编号, N'入库',          l.仓库, NULL,          ISNULL(NULLIF(RTRIM(CAST(l.存货编码 AS nvarchar(200))),N''), N'(未填存货)'),          l.存货名称, l.规格型号, l.计量单位,          ISNULL(NULLIF(RTRIM(CAST(l.批号 AS nvarchar(60))),N''), N'(未填批号)'),          CAST(l.数量 AS decimal(18,4)), CAST(0 AS decimal(18,4)),          CAST(ISNULL(l.金额, l.单价 * l.数量) AS decimal(18,4)),          CAST(0 AS decimal(18,4)),          NULL, NULL,          NULL, NULL, NULL   FROM bl_other_in l JOIN bd_other_in h ON l.单据编号=h.单据编号   WHERE ISNULL(l.asp_cancel,'N')<>'Y' AND ISNULL(h.asp_cancel,'N')<>'Y' AND h.单据状态=N'已审核'   UNION ALL   -- 4 委外入库单(入库 +)   SELECT 4, l.id, h.单据日期, N'委外入库单', l.单据编号, N'入库',          l.仓库, NULL,          ISNULL(NULLIF(RTRIM(CAST(l.产品编码 AS nvarchar(200))),N''), N'(未填存货)'),          l.产品名称, l.规格型号, l.计量单位,          ISNULL(NULLIF(RTRIM(CAST(l.批号 AS nvarchar(60))),N''), N'(未填批号)'),          CAST(l.实收数量 AS decimal(18,4)), CAST(0 AS decimal(18,4)),          CAST(ISNULL(l.金额, l.单价 * l.实收数量) AS decimal(18,4)),          CAST(0 AS decimal(18,4)),          NULL, NULL,          NULL, NULL, h.经手人   FROM bl_outsource_in l JOIN bd_outsource_in h ON l.单据编号=h.单据编号   WHERE ISNULL(l.asp_cancel,'N')<>'Y' AND ISNULL(h.asp_cancel,'N')<>'Y' AND h.单据状态=N'已审核'   UNION ALL   -- 5 销售出库单(出库 −):收入金额 0,售价金额单列(成本由物化表给)   SELECT 5, l.id, h.单据日期, N'销售出库单', l.单据编号, N'出库',          l.仓库, NULLIF(RTRIM(CAST(l.仓库编码 AS nvarchar(200))),N''),          ISNULL(NULLIF(RTRIM(CAST(l.存货编码 AS nvarchar(200))),N''), N'(未填存货)'),          l.存货名称, l.规格型号, l.计量单位,          ISNULL(NULLIF(RTRIM(CAST(l.批号 AS nvarchar(60))),N''), N'(未填批号)'),          CAST(0 AS decimal(18,4)), CAST(l.数量 AS decimal(18,4)),          CAST(0 AS decimal(18,4)),          CAST(ISNULL(l.销售金额, l.售价 * l.数量) AS decimal(18,4)),          CAST(l.含税销售金额 AS decimal(18,4)), CAST(l.税额 AS decimal(18,4)),          h.客户, NULLIF(RTRIM(CAST(h.客户编码 AS nvarchar(200))),N''), h.经手人   FROM bl_sale_out l JOIN bd_sale_out h ON l.单据编号=h.单据编号   WHERE ISNULL(l.asp_cancel,'N')<>'Y' AND ISNULL(h.asp_cancel,'N')<>'Y'     AND (h.单据状态=N'已审核' OR ISNULL(h.单据状态2,'')='C')   UNION ALL   -- 6 材料出库单(出库 −);bd_material_out 无 经手人 列(有 领用人,语义不同)→ NULL   SELECT 6, l.id, h.单据日期, N'材料出库单', l.单据编号, N'出库',          l.仓库, NULL,          ISNULL(NULLIF(RTRIM(CAST(l.材料编码 AS nvarchar(200))),N''), N'(未填存货)'),          l.材料名称, l.规格型号, l.计量单位,          ISNULL(NULLIF(RTRIM(CAST(l.批号 AS nvarchar(60))),N''), N'(未填批号)'),          CAST(0 AS decimal(18,4)), CAST(l.数量 AS decimal(18,4)),          CAST(0 AS decimal(18,4)),          CAST(ISNULL(l.金额, l.单价 * l.数量) AS decimal(18,4)),          NULL, NULL,          NULL, NULL, NULL   FROM bl_material_out l JOIN bd_material_out h ON l.单据编号=h.单据编号   WHERE ISNULL(l.asp_cancel,'N')<>'Y' AND ISNULL(h.asp_cancel,'N')<>'Y' AND h.单据状态=N'已审核'   UNION ALL   -- 7 其他出库单(出库 −)   SELECT 7, l.id, h.单据日期, N'其他出库单', l.单据编号, N'出库',          l.仓库, NULL,          ISNULL(NULLIF(RTRIM(CAST(l.存货编码 AS nvarchar(200))),N''), N'(未填存货)'),          l.存货名称, l.规格型号, l.计量单位,          ISNULL(NULLIF(RTRIM(CAST(l.批号 AS nvarchar(60))),N''), N'(未填批号)'),          CAST(0 AS decimal(18,4)), CAST(l.数量 AS decimal(18,4)),          CAST(0 AS decimal(18,4)),          CAST(ISNULL(l.金额, l.单价 * l.数量) AS decimal(18,4)),          NULL, NULL,          NULL, NULL, h.经手人   FROM bl_other_out l JOIN bd_other_out h ON l.单据编号=h.单据编号   WHERE ISNULL(l.asp_cancel,'N')<>'Y' AND ISNULL(h.asp_cancel,'N')<>'Y' AND h.单据状态=N'已审核'   UNION ALL   -- 8 委外发料单(出库 −)   SELECT 8, l.id, h.单据日期, N'委外发料单', l.单据编号, N'出库',          l.仓库, NULL,          ISNULL(NULLIF(RTRIM(CAST(l.材料编码 AS nvarchar(200))),N''), N'(未填存货)'),          l.材料名称, l.规格型号, l.计量单位,          ISNULL(NULLIF(RTRIM(CAST(l.批号 AS nvarchar(60))),N''), N'(未填批号)'),          CAST(0 AS decimal(18,4)), CAST(l.数量 AS decimal(18,4)),          CAST(0 AS decimal(18,4)),          CAST(ISNULL(l.金额, l.单价 * l.数量) AS decimal(18,4)),          NULL, NULL,          NULL, NULL, h.经手人   FROM bl_outsource_issue l JOIN bd_outsource_issue h ON l.单据编号=h.单据编号   WHERE ISNULL(l.asp_cancel,'N')<>'Y' AND ISNULL(h.asp_cancel,'N')<>'Y' AND h.单据状态=N'已审核' ) SELECT m.src, m.rid, m.单据日期, m.单据类型, m.单据编号, m.业务类型,        -- 仓库键 = 自身编码 → bs_wh 按名称兜底 → '#'+名称(都无时)        -- 兜底是必须的:否则「有编码的行」与「只有名称的行」会落进不同分区,同一仓库被劈成两半        -- (实测:不兜底 92 分区,兜底后 78 分区,与按名称分组的 78 一致 → 兜底没有劈开也没有误并)        ISNULL(ISNULL(m.自身仓库编码, w.仓库编码), N'#' + ISNULL(m.仓库名称, N'(未填仓库)')) AS 仓库键,        ISNULL(m.自身仓库编码, w.仓库编码) AS 仓库编码,        ISNULL(m.仓库名称, N'(未填仓库)') AS 仓库,        m.存货编码, m.存货, m.规格型号, m.计量单位, m.批号,        m.收入数量, m.发出数量, m.收入金额, m.发出单据金额, m.含税金额, m.税额,        m.往来单位, m.往来单位编码, m.经手人 FROM mv m LEFT JOIN dbo.bs_wh w ON w.仓库名称 = m.仓库名称; 
v_stock_summary	 CREATE VIEW dbo.v_stock_summary AS WITH monthly AS (   SELECT 仓库编码, 仓库, 存货编码, 存货, 规格型号, 计量单位 AS 主单位,          ISNULL(CONVERT(nvarchar(7), 单据日期, 120), N'未填日期') AS 期次,          SUM(收入数量) AS 本期入库数量, SUM(收入金额) AS 本期入库金额,          SUM(发出数量) AS 本期出库数量, SUM(发出金额) AS 本期出库金额   FROM dbo.v_stock_ledger   GROUP BY 仓库编码, 仓库, 存货编码, 存货, 规格型号, 计量单位,            ISNULL(CONVERT(nvarchar(7), 单据日期, 120), N'未填日期') ), run AS (   SELECT monthly.*,          SUM(本期入库数量 - 本期出库数量) OVER (PARTITION BY 仓库编码, 仓库, 存货编码, 存货               ORDER BY 期次 ROWS UNBOUNDED PRECEDING) AS 期末结存数量,          SUM(本期入库金额 - 本期出库金额) OVER (PARTITION BY 仓库编码, 仓库, 存货编码, 存货               ORDER BY 期次 ROWS UNBOUNDED PRECEDING) AS 期末结存金额   FROM monthly ), calc AS (   SELECT *, 期末结存数量 - (本期入库数量 - 本期出库数量) AS 期初数量,             期末结存金额 - (本期入库金额 - 本期出库金额) AS 期初金额   FROM run ) SELECT ROW_NUMBER() OVER (ORDER BY 仓库, 存货编码, 期次) AS id,        CASE WHEN 期次 LIKE '[0-9][0-9][0-9][0-9]-[0-9][0-9]' THEN 期次 + '-01' END AS 开始日期,        CASE WHEN 期次 LIKE '[0-9][0-9][0-9][0-9]-[0-9][0-9]'             THEN CONVERT(nvarchar(10), DATEADD(DAY, -1, DATEADD(MONTH, 1, 期次 + '-01')), 120) END AS 结束日期,        仓库编码, 仓库, 存货编码, 存货, 规格型号, 主单位, 期次,        期初数量, CASE WHEN 期初数量<>0 THEN 期初金额/期初数量 ELSE 0 END AS 期初平均单价, 期初金额,        本期入库数量, CASE WHEN 本期入库数量<>0 THEN 本期入库金额/本期入库数量 ELSE 0 END AS 入库平均单价, 本期入库金额,        本期出库数量, CASE WHEN 本期出库数量<>0 THEN 本期出库金额/本期出库数量 ELSE 0 END AS 出库平均单价, 本期出库金额,        期末结存数量, CASE WHEN 期末结存数量<>0 THEN 期末结存金额/期末结存数量 ELSE 0 END AS 期末平均单价, 期末结存金额,        CAST('N' AS char(1)) AS asp_cancel FROM calc; 
v_wo_kit	CREATE VIEW v_wo_kit AS SELECT ROW_NUMBER() OVER (ORDER BY h.[合同号], b.[子件编码]) AS id,        h.[合同号] AS 工单号,        CASE WHEN ISNULL(st.canceled, 'Y') = 'Y' THEN N'已作废'             WHEN ISNULL(st.stopped, 'N') = 'Y' THEN N'已中止'             WHEN st.shr IS NOT NULL THEN N'已审核' ELSE N'草稿' END AS 工单状态,        CAST(h.[预完工日] AS date) AS 交期,        l.[产品编码] AS 产品编码, l.[产品名称] AS 产品名称,        ISNULL(l.[排产数量], 0) AS 订单数量,        b.[子件编码] AS 子件编码, b.[子件名称] AS 子件名称, b.[规格型号] AS 子件规格,        b.[定额数量] AS 单件用量, b.[定额数量] * ISNULL(l.[排产数量], 0) AS 需求数量,        ISNULL((SELECT SUM(k.yl) FROM kucun k WHERE k.wzdm = b.[子件编码] AND ISNULL(k.asp_cancel, 'N') <> 'Y'), 0) AS 库存结余,        ISNULL((SELECT SUM(k.yl) FROM kucun k WHERE k.wzdm = b.[子件编码] AND ISNULL(k.asp_cancel, 'N') <> 'Y'), 0)            - b.[定额数量] * ISNULL(l.[排产数量], 0) AS 齐套缺口,        CAST(NULL AS char(1)) AS asp_cancel FROM bd_manu_order h JOIN bl_manu_order l ON l.[合同号] = h.[合同号] AND ISNULL(l.asp_cancel, 'N') <> 'Y' JOIN bs_bom b ON b.[父件编码] = l.[产品编码] AND ISNULL(b.[默认BOM], 0) = 1 AND ISNULL(b.[状态], N'启用') = N'启用' LEFT JOIN yj_doc_status st ON st.panel_code = 'MANU_ORDER' AND st.doc_no = h.[合同号] WHERE ISNULL(st.canceled, 'N') <> 'Y' AND ISNULL(h.asp_cancel, 'N') <> 'Y';
v_wo_schedule	CREATE   VIEW v_wo_schedule AS SELECT w.id AS id,        w.[单据编号] AS 工单号, w.[单据日期] AS 单据日期, w.[销售订单号] AS 销售订单号, w.[客户] AS 客户,        w.[产品编码] AS 产品编码, w.[产品名称] AS 产品名称, w.[规格型号] AS 规格型号,        w.[订单数量] AS 订单数量, w.[成型计划数量] AS 成型计划数量,        w.[交期] AS 交期,        CASE WHEN TRY_CAST(w.[交期] AS date) IS NULL THEN NULL             ELSE DATEDIFF(day, CAST(GETDATE() AS date), TRY_CAST(w.[交期] AS date)) END AS 交期紧迫度,        w.[生产车间] AS 生产车间,        CASE WHEN ISNULL(st.canceled, 'Y') = 'Y' THEN N'已作废'             WHEN ISNULL(st.stopped, 'N') = 'Y' THEN N'已中止'             WHEN st.shr IS NOT NULL THEN N'已审核' ELSE N'草稿' END AS 工单状态,        ISNULL((SELECT SUM(p.[完成数量]) FROM wo_progress p WHERE p.[单据编号] = w.[单据编号] AND p.[工序] = N'混料'), 0) AS 混料完成,        ISNULL((SELECT SUM(p.[完成数量]) FROM wo_progress p WHERE p.[单据编号] = w.[单据编号] AND p.[工序] = N'成型'), 0) AS 成型完成,        ISNULL((SELECT SUM(p.[完成数量]) FROM wo_progress p WHERE p.[单据编号] = w.[单据编号] AND p.[工序] = N'切炭'), 0) AS 切炭完成,        ISNULL((SELECT SUM(p.[完成数量]) FROM wo_progress p WHERE p.[单据编号] = w.[单据编号] AND p.[工序] = N'组装'), 0) AS 组装完成,        ISNULL((SELECT SUM(p.[完成数量]) FROM wo_progress p WHERE p.[单据编号] = w.[单据编号] AND p.[工序] = N'装箱'), 0) AS 装箱完成,        w.[订单数量] - ISNULL((SELECT SUM(p.[完成数量]) FROM wo_progress p WHERE p.[单据编号] = w.[单据编号] AND p.[工序] = N'装箱'), 0) AS 未完成数量,        CAST(NULL AS char(1)) AS asp_cancel FROM wo_order w LEFT JOIN yj_doc_status st ON st.panel_code = 'WO_ORDER' AND st.doc_no = w.[单据编号] WHERE ISNULL(st.canceled, 'N') <> 'Y';
VIEW_barcord	CREATE VIEW dbo.VIEW_barcord  AS  SELECT  dbo.dm_wz.comm, ISNULL(dbo.dm_wz.cz, dbo.dm_wz.dm) AS dm, RTRIM(dbo.dm_wz.mc) AS mc, RTRIM(dbo.dm_wz.jldw)                      AS jldw, RTRIM(dbo.dm_wz.lb) AS lb, dbo.dm_wz.rkj, dbo.dm_wz.pict, RTRIM(dbo.dm_wz.ys) AS ys, RTRIM(dbo.dm_wz.cz)                      AS cz, RTRIM(dbo.dm_wz.gg) AS gg, dbo.dm_wz.bz, dbo.dm_wz.yxrq, dbo.dm_wz.cj, dbo.dm_wz.lsj, dbo.dm_wz.fxj,                      dbo.kucun.ckdm, dbo.kucun.lot_no, dbo.kucun.color, dbo.kucun.siz, SUM(dbo.kucun.sl) AS sl, SUM(dbo.kucun.total_je)                      AS total_je, 0 AS cost  FROM      dbo.dm_wz LEFT OUTER JOIN                     dbo.kucun ON dbo.dm_wz.comm = dbo.kucun.comm AND dbo.dm_wz.dm = dbo.kucun.wzdm  GROUP BY ISNULL(dbo.dm_wz.cz, dbo.dm_wz.dm), RTRIM(dbo.dm_wz.mc), RTRIM(dbo.dm_wz.jldw), RTRIM(dbo.dm_wz.lb),                      dbo.dm_wz.rkj, dbo.dm_wz.pict, RTRIM(dbo.dm_wz.ys), RTRIM(dbo.dm_wz.cz), RTRIM(dbo.dm_wz.gg), dbo.dm_wz.bz,                      dbo.dm_wz.yxrq, dbo.dm_wz.cj, dbo.dm_wz.lsj, dbo.dm_wz.fxj, dbo.kucun.lot_no, dbo.kucun.color, dbo.kucun.siz,                      dbo.kucun.ckdm, dbo.dm_wz.comm  
View_BOM	CREATE VIEW dbo.View_BOM  AS  SELECT  TOP (100) PERCENT dbo.mate.comm, dbo.mate.m_no, dbo.mate.m_date, dbo.mate.wzdm1, dbo.dm_wz.mc, dbo.dm_wz.gg,                      dbo.mate.lot_no1, dbo.mate.color1, dbo.mate.siz1, dbo.mate.ywdm, dbo.dm_ywy.mc AS ywmc, dbo.mate.bz  FROM      dbo.mate LEFT OUTER JOIN                     dbo.dm_ywy ON dbo.mate.comm = dbo.dm_ywy.comm AND dbo.mate.ywdm = dbo.dm_ywy.dm LEFT OUTER JOIN                     dbo.dm_wz ON dbo.mate.comm = dbo.dm_wz.comm AND dbo.mate.wzdm1 = dbo.dm_wz.dm  GROUP BY dbo.mate.m_no, dbo.mate.m_date, dbo.mate.wzdm1, dbo.dm_wz.mc, dbo.dm_wz.gg, dbo.mate.lot_no1, dbo.mate.color1,                      dbo.mate.siz1, dbo.mate.ywdm, dbo.dm_ywy.mc, dbo.mate.bz, dbo.mate.comm  ORDER BY dbo.mate.m_no DESC  
VIEW_CK	CREATE VIEW dbo.VIEW_CK  AS  SELECT  dbo.outh.comm, dbo.outh.wzdm, dbo.outh.ckdm, dbo.outh.lot_no, dbo.outh.color, dbo.outh.siz, SUM(dbo.outh.sl) AS rkl, MAX(dbo.outh.out_date) AS indate,                  SUM(dbo.outh.ddwsl) AS sl2, dbo.outh.bz1, dbo.outh.outh_no AS inh_no, dbo.outh.khdm AS gfdm, dbo.outh.ywman, dbo.users.userna,                  dbo.dm_ck.mc AS ckmc, dbo.outh.od_no AS od_no2, dbo.outh.od_xc AS od_xc2, dbo.outh.o_zk AS i_zk, dbo.outh.o_zke AS i_zke, dbo.outh.total_m,                  dbo.outh.tax, dbo.outh.tax_dm, dbo.outh.tax_sm, dbo.outh.bz, dbo.outh.qr, dbo.outh.id + 50000000000 AS id  FROM     dbo.outh LEFT OUTER JOIN                 dbo.dm_ck ON dbo.outh.comm = dbo.dm_ck.comm AND dbo.outh.ckdm = dbo.dm_ck.dm LEFT OUTER JOIN                 dbo.users ON dbo.outh.comm = dbo.users.comm AND dbo.outh.ywman = dbo.users.id  WHERE   (CONVERT(varchar(6), dbo.outh.out_date, 112) = CONVERT(varchar(6), GETDATE(), 112)) AND (dbo.outh.qr = N'Y')  GROUP BY dbo.outh.wzdm, dbo.outh.ckdm, dbo.outh.lot_no, dbo.outh.color, dbo.outh.siz, dbo.outh.comm, dbo.outh.bz1, dbo.outh.outh_no, dbo.outh.khdm,                  dbo.outh.ywman, dbo.users.userna, dbo.dm_ck.mc, dbo.outh.od_no, dbo.outh.od_xc, dbo.outh.o_zk, dbo.outh.o_zke, dbo.outh.total_m, dbo.outh.tax,                  dbo.outh.tax_dm, dbo.outh.tax_sm, dbo.outh.bz, dbo.outh.qr, dbo.outh.id + 50000000000  
View_CRK	CREATE VIEW dbo.View_CRK  AS  SELECT  *  FROM     VIEW_RK  UNION  SELECT  *  FROM     VIEW_CK  
View_FKZE	CREATE VIEW dbo.View_FKZE  AS  SELECT  comm, xsdh_no, sl, SUM(o_zke) AS jine  FROM      dbo.xsdh  WHERE   (wzdm = N'付款')  GROUP BY xsdh_no, sl, comm  
View_GX	CREATE VIEW dbo.View_GX  AS  SELECT  comm, dm, mc, bz  FROM      dbo.dm_gx  WHERE   (lb = N'GX')  
VIEW_inh	/****** Object:  View dbo.VIEW_inh    Script Date: 2013-09-13 23:02:09 *****  ***** Object:  View dbo.VIEW_inh    Script Date: 2013-09-06 23:55:50 ******/  CREATE VIEW dbo.VIEW_inh  AS  SELECT  dbo.inh.comm, dbo.dm_ywy.mc AS ywymc, dbo.dm_gf.mc AS khmc, dbo.dm_ck.mc AS ckmc, dbo.dm_wz.mc AS wzmc,                      dbo.inh.wzdm, dbo.inh.sl, dbo.inh.sl2, dbo.inh.ddw, dbo.inh.in_danj AS out_danj, dbo.inh.i_zk AS o_zk,                      dbo.inh.i_zke AS o_zke, 0 AS cost_dj, dbo.inh.in_date AS out_date, dbo.inh.inh_no AS outh_no, dbo.dm_wz.gg,                      dbo.dm_wz.cz, dbo.dm_wz.ys, dbo.inh.id, dbo.inh.ckdm, dbo.inh.lot_no, dbo.inh.color, dbo.inh.siz, dbo.inh.bz1,                      dbo.inh.tax_dm, dbo.inh.tax_sm, dbo.inh.tax, dbo.inh.total_m, dbo.inh.od_no, dbo.inh.od_xc, dbo.dm_wz.jldw, dbo.inh.bz,                      0 AS od_sl, dbo.inh.gfdm AS khdm, '' AS odwzmc, dbo.inh.od_no2, dbo.inh.od_xc2, '' AS tm, dbo.inh.qr,                      dbo.inh.bom_qty  FROM      dbo.inh LEFT OUTER JOIN                     dbo.dm_wz ON dbo.inh.comm = dbo.dm_wz.comm AND dbo.inh.wzdm = dbo.dm_wz.dm LEFT OUTER JOIN                     dbo.dm_ck ON dbo.inh.comm = dbo.dm_ck.comm AND dbo.inh.ckdm = dbo.dm_ck.dm LEFT OUTER JOIN                     dbo.dm_gf ON dbo.inh.comm = dbo.dm_gf.comm AND dbo.inh.gfdm = dbo.dm_gf.dm LEFT OUTER JOIN                     dbo.dm_ywy ON dbo.inh.comm = dbo.dm_ywy.comm AND dbo.inh.ywman = dbo.dm_ywy.dm  
VIEW_kucun	/****** Object:  View dbo.VIEW_kucun    Script Date: 2013-09-13 23:02:09 *****  ***** Object:  View dbo.VIEW_kucun    Script Date: 2013-09-06 23:55:50 ******/  CREATE VIEW dbo.VIEW_kucun  AS  SELECT  dbo.dm_ck.mc AS ckmc, dbo.dm_wz.mc AS wzmc, dbo.kucun.update_date, dbo.kucun.wzdm, dbo.kucun.yl, dbo.kucun.total_je, dbo.dm_wz.gg,                  dbo.dm_wz.cz, dbo.dm_wz.ys, dbo.kucun.ckdm, dbo.kucun.lot_no, dbo.kucun.color, dbo.kucun.siz  FROM     dbo.kucun LEFT OUTER JOIN                 dbo.dm_ck ON dbo.kucun.comm = dbo.dm_ck.comm AND dbo.kucun.ckdm = dbo.dm_ck.mc LEFT OUTER JOIN                 dbo.dm_wz ON dbo.kucun.comm = dbo.dm_wz.comm AND dbo.kucun.wzdm = dbo.dm_wz.dm  
View_llrk00	CREATE VIEW dbo.View_llrk00  AS  SELECT  comm, in_date, ywman, inh_no, gfdm, wzdm, lot_no, sl, ddwsl, od_xc, asp_cancel, cust_po, id, bz1, qr  FROM     dbo.inh  WHERE   (bz1 = N'来料入库') AND (qr = N'Y') AND (asp_cancel <> 'Y')  
View_llrk01	CREATE VIEW dbo.View_llrk01  AS  SELECT  dbo.View_llrk00.comm, dbo.View_llrk00.in_date, dbo.View_llrk00.ywman, dbo.View_llrk00.inh_no, dbo.View_llrk00.gfdm, dbo.dm_kh.mc AS khmc,                  dbo.View_llrk00.wzdm, dbo.dm_khzl.mc, dbo.dm_khzl.dz, dbo.dm_khzl.mh, dbo.dm_khzl.cz, dbo.View_llrk00.lot_no, dbo.View_llrk00.sl AS llsl,                  dbo.View_llrk00.ddwsl AS lsps, dbo.View_llrk00.od_xc AS lsmpsl, ISNULL(dbo.View_llrk02.inh_no, N'') AS dcldh, ISNULL(dbo.View_llrk02.dclsl, 0) AS dclsl,                  ISNULL(dbo.View_llrk02.dclps, 0) AS dclps, ISNULL(dbo.View_llrk03.inh_no, N'') AS tscdh, ISNULL(dbo.View_llrk03.tscsl, 0) AS tscsl,                  ISNULL(dbo.View_llrk03.tscps, 0) AS tscps, ISNULL(dbo.View_llrk04.inh_no, N'') AS bfpdh, ISNULL(dbo.View_llrk04.bfpsl, 0) AS bfpsl,                  ISNULL(dbo.View_llrk04.bfpps, 0) AS bfpps, ISNULL(dbo.View_llrk05.outh_no, N'') AS xhdh, ISNULL(dbo.View_llrk05.cksl, 0) AS xhsl,                  ISNULL(dbo.View_llrk05.ckps, 0) AS xhps, ISNULL(dbo.View_llrk06.outh_no, N'') AS tscckdh, ISNULL(dbo.View_llrk06.tsccksl, 0) AS tsccksl,                  ISNULL(dbo.View_llrk06.tscckps, 0) AS tscckps, ISNULL(dbo.View_llrk07.outh_no, N'') AS bfpckdh, ISNULL(dbo.View_llrk07.bfpcksl, 0) AS bfpcksl,                  ISNULL(dbo.View_llrk07.bfpckps, 0) AS bfpckps, dbo.View_llrk00.sl - ISNULL(dbo.View_llrk05.cksl, 0) - ISNULL(dbo.View_llrk06.tsccksl, 0)                  - ISNULL(dbo.View_llrk07.bfpcksl, 0) AS wchsl, dbo.View_llrk00.ddwsl - ISNULL(dbo.View_llrk05.ckps, 0) - ISNULL(dbo.View_llrk06.tscckps, 0)                  - ISNULL(dbo.View_llrk07.bfpckps, 0) AS wchps, dbo.View_llrk00.asp_cancel, dbo.View_llrk00.cust_po, dbo.View_llrk05.out_date,                  ROUND(ISNULL(dbo.View_llrk03.tscsl, 0) / dbo.View_llrk00.sl * 100, 2) AS BLL, ROUND(ISNULL(dbo.View_llrk07.bfpcksl, 0) / dbo.View_llrk00.sl * 100, 2)                  AS BFL, dbo.View_llrk08.yl AS kcl, dbo.View_llrk00.id  FROM     dbo.View_llrk00 LEFT OUTER JOIN                 dbo.View_llrk08 ON dbo.View_llrk00.comm = dbo.View_llrk08.comm AND dbo.View_llrk00.lot_no = dbo.View_llrk08.lot_no LEFT OUTER JOIN                 dbo.View_llrk07 ON dbo.View_llrk00.comm = dbo.View_llrk07.comm AND dbo.View_llrk00.lot_no = dbo.View_llrk07.lot_no LEFT OUTER JOIN                 dbo.View_llrk06 ON dbo.View_llrk00.comm = dbo.View_llrk06.comm AND dbo.View_llrk00.lot_no = dbo.View_llrk06.lot_no LEFT OUTER JOIN                 dbo.View_llrk05 ON dbo.View_llrk00.comm = dbo.View_llrk05.comm AND dbo.View_llrk00.lot_no = dbo.View_llrk05.lot_no LEFT OUTER JOIN                 dbo.View_llrk04 ON dbo.View_llrk00.comm = dbo.View_llrk04.comm AND dbo.View_llrk00.lot_no = dbo.View_llrk04.lot_no LEFT OUTER JOIN                 dbo.View_llrk03 ON dbo.View_llrk00.comm = dbo.View_llrk03.comm AND dbo.View_llrk00.lot_no = dbo.View_llrk03.lot_no LEFT OUTER JOIN                 dbo.View_llrk02 ON dbo.View_llrk00.comm = dbo.View_llrk02.comm AND dbo.View_llrk00.lot_no = dbo.View_llrk02.lot_no LEFT OUTER JOIN                 dbo.dm_kh ON dbo.View_llrk00.comm = dbo.dm_kh.comm AND dbo.View_llrk00.gfdm = dbo.dm_kh.dm LEFT OUTER JOIN                 dbo.dm_khzl ON dbo.View_llrk00.comm = dbo.dm_khzl.comm AND dbo.View_llrk00.wzdm = dbo.dm_khzl.dm AND dbo.View_llrk00.gfdm = dbo.dm_khzl.khdm  
View_llrk01A	CREATE VIEW dbo.View_llrk01A  AS  SELECT  dbo.View_llrk00.comm, dbo.View_llrk00.in_date, dbo.View_llrk00.ywman, dbo.View_llrk00.inh_no, dbo.View_llrk00.gfdm, dbo.dm_kh.mc AS khmc,                  dbo.View_llrk00.wzdm, dbo.dm_khzl.mc, dbo.dm_khzl.dz, dbo.dm_khzl.mh, dbo.dm_khzl.cz, dbo.View_llrk00.lot_no, dbo.View_llrk00.sl AS llsl,                  dbo.View_llrk00.ddwsl AS lsps, dbo.View_llrk00.od_xc AS lsmpsl, ISNULL(dbo.View_llrk02A.dclsl, 0) AS dclsl, ISNULL(dbo.View_llrk02A.dclps, 0) AS dclps,                  ISNULL(dbo.View_llrk03A.tscsl, 0) AS tscsl, ISNULL(dbo.View_llrk03A.tscps, 0) AS tscps, ISNULL(dbo.View_llrk04A.bfpsl, 0) AS bfpsl,                  ISNULL(dbo.View_llrk04A.bfpps, 0) AS bfpps, ISNULL(dbo.View_llrk05A.cksl, 0) AS xhsl, ISNULL(dbo.View_llrk05A.ckps, 0) AS xhps,                  ISNULL(dbo.View_llrk06A.tsccksl, 0) AS tsccksl, ISNULL(dbo.View_llrk06A.tscckps, 0) AS tscckps, ISNULL(dbo.View_llrk07A.bfpcksl, 0) AS bfpcksl,                  ISNULL(dbo.View_llrk07A.bfpckps, 0) AS bfpckps, dbo.View_llrk00.sl - ISNULL(dbo.View_llrk05A.cksl, 0) - ISNULL(dbo.View_llrk06A.tsccksl, 0)                  - ISNULL(dbo.View_llrk07A.bfpcksl, 0) AS wchsl, dbo.View_llrk00.ddwsl - ISNULL(dbo.View_llrk05A.ckps, 0) - ISNULL(dbo.View_llrk06A.tscckps, 0)                  - ISNULL(dbo.View_llrk07A.bfpckps, 0) AS wchps, dbo.View_llrk00.asp_cancel, dbo.View_llrk00.cust_po, ROUND(ISNULL(dbo.View_llrk03A.tscsl, 0)                  / dbo.View_llrk00.sl * 100, 2) AS BLL, ROUND(ISNULL(dbo.View_llrk07A.bfpcksl, 0) / dbo.View_llrk00.sl * 100, 2) AS BFL, dbo.View_llrk08.yl AS kcl,                  dbo.View_llrk00.id, '‘无’' AS dcldh, '‘无’' AS bfpckdh, '‘无’' AS bfpdh, '‘无’' AS tscdh, '‘无’' AS tscckdh, '‘无’' AS xhdh,                  dbo.View_llrk05A.out_date  FROM     dbo.View_llrk00 LEFT OUTER JOIN                 dbo.View_llrk08 ON dbo.View_llrk00.comm = dbo.View_llrk08.comm AND dbo.View_llrk00.lot_no = dbo.View_llrk08.lot_no LEFT OUTER JOIN                 dbo.View_llrk07A ON dbo.View_llrk00.comm = dbo.View_llrk07A.comm AND dbo.View_llrk00.lot_no = dbo.View_llrk07A.lot_no LEFT OUTER JOIN                 dbo.View_llrk06A ON dbo.View_llrk00.comm = dbo.View_llrk06A.comm AND dbo.View_llrk00.lot_no = dbo.View_llrk06A.lot_no LEFT OUTER JOIN                 dbo.View_llrk05A ON dbo.View_llrk00.comm = dbo.View_llrk05A.comm AND dbo.View_llrk00.lot_no = dbo.View_llrk05A.lot_no LEFT OUTER JOIN                 dbo.View_llrk04A ON dbo.View_llrk00.comm = dbo.View_llrk04A.comm AND dbo.View_llrk00.lot_no = dbo.View_llrk04A.lot_no LEFT OUTER JOIN                 dbo.View_llrk03A ON dbo.View_llrk00.comm = dbo.View_llrk03A.comm AND dbo.View_llrk00.lot_no = dbo.View_llrk03A.lot_no LEFT OUTER JOIN                 dbo.View_llrk02A ON dbo.View_llrk00.comm = dbo.View_llrk02A.comm AND dbo.View_llrk00.lot_no = dbo.View_llrk02A.lot_no LEFT OUTER JOIN                 dbo.dm_kh ON dbo.View_llrk00.comm = dbo.dm_kh.comm AND dbo.View_llrk00.gfdm = dbo.dm_kh.dm LEFT OUTER JOIN                 dbo.dm_khzl ON dbo.View_llrk00.comm = dbo.dm_khzl.comm AND dbo.View_llrk00.wzdm = dbo.dm_khzl.dm AND                  dbo.View_llrk00.gfdm = dbo.dm_khzl.khdm  WHERE   (dbo.View_llrk00.bz1 = N'来料入库') AND (dbo.View_llrk00.qr = N'Y') AND (dbo.View_llrk00.asp_cancel <> 'Y')  
View_llrk02	CREATE VIEW dbo.View_llrk02  AS  SELECT  comm, gfdm, wzdm, inh_no, in_date, lot_no, sl AS dclsl, ddwsl AS dclps, od_xc AS dllmpsl  FROM     dbo.inh  WHERE   (bz1 = N'其他入库') AND (ckdm = N'DCLC') AND (qr = N'Y') AND (asp_cancel <> 'Y')  
View_llrk02A	CREATE VIEW dbo.View_llrk02A  AS  SELECT  comm, lot_no, SUM(sl) AS dclsl, SUM(ddwsl) AS dclps, MAX(od_xc) AS dllmpsl  FROM     dbo.inh  WHERE   (bz1 = N'其他入库') AND (ckdm = N'DCLC') AND (qr = N'Y') AND (asp_cancel <> 'Y')  GROUP BY comm, lot_no  
View_llrk03	CREATE VIEW dbo.View_llrk03  AS  SELECT  comm, gfdm, wzdm, inh_no, in_date, lot_no, sl AS tscsl, ddwsl AS tscps, od_xc AS tscmpsl  FROM     dbo.inh  WHERE   (bz1 = N'其他入库') AND (ckdm = N'BLPC') AND (qr = N'Y') AND (asp_cancel <> 'Y')  
View_llrk03A	CREATE VIEW dbo.View_llrk03A  AS  SELECT  comm, lot_no, SUM(sl) AS tscsl, SUM(ddwsl) AS tscps, SUM(od_xc) AS tscmpsl  FROM     dbo.inh  WHERE   (bz1 = N'其他入库') AND (ckdm = N'BLPC') AND (qr = N'Y') AND (asp_cancel <> 'Y')  GROUP BY comm, lot_no  
View_llrk04	CREATE VIEW dbo.View_llrk04  AS  SELECT  comm, gfdm, wzdm, inh_no, in_date, lot_no, sl AS bfpsl, ddwsl AS bfpps, od_xc AS bfptscmpsl  FROM     dbo.inh  WHERE   (bz1 = N'其他入库') AND (ckdm = N'BFC') AND (qr = N'Y') AND (asp_cancel <> 'Y')  
View_llrk04A	CREATE VIEW dbo.View_llrk04A  AS  SELECT  comm, lot_no, SUM(sl) AS bfpsl, SUM(ddwsl) AS bfpps, od_xc AS bfptscmpsl  FROM     dbo.inh  WHERE   (bz1 = N'其他入库') AND (ckdm = N'BFC') AND (qr = N'Y') AND (asp_cancel <> 'Y')  GROUP BY comm, lot_no, od_xc  
View_llrk05	CREATE VIEW dbo.View_llrk05  AS  SELECT  comm, out_date, ywman, outh_no, khdm, wzdm, ckdm, lot_no, sl AS cksl, ddwsl AS ckps  FROM     dbo.outh  WHERE   (bz1 = N'销货出库') AND (qr = N'Y') AND (asp_cancel <> 'Y')  
View_llrk05A	CREATE VIEW dbo.View_llrk05A  AS  SELECT  comm, lot_no, out_date, SUM(sl) AS cksl, SUM(ddwsl) AS ckps  FROM     dbo.outh  WHERE   (bz1 = N'销货出库') AND (qr = N'Y') AND (asp_cancel <> 'Y')  GROUP BY comm, lot_no, out_date  
View_llrk06	CREATE VIEW dbo.View_llrk06  AS  SELECT  comm, out_date, ywman, outh_no, khdm, wzdm, ckdm, lot_no, sl AS tsccksl, ddwsl AS tscckps  FROM     dbo.outh  WHERE   (bz1 = N'其他出库') AND (qr = N'Y') AND (ckdm = N'BLPC') AND (asp_cancel <> 'Y')  
View_llrk06A	CREATE VIEW dbo.View_llrk06A  AS  SELECT  comm, lot_no, SUM(sl) AS tsccksl, SUM(ddwsl) AS tscckps  FROM     dbo.outh  WHERE   (bz1 = N'其他出库') AND (qr = N'Y') AND (asp_cancel <> 'Y')  GROUP BY lot_no, comm  
View_llrk07	CREATE VIEW dbo.View_llrk07  AS  SELECT  comm, out_date, ywman, outh_no, khdm, wzdm, ckdm, lot_no, sl AS bfpcksl, ddwsl AS bfpckps  FROM     dbo.outh  WHERE   (bz1 = N'其他出库') AND (qr = N'Y') AND (ckdm = N'BFC') AND (asp_cancel <> 'Y')  
View_llrk07A	CREATE VIEW dbo.View_llrk07A  AS  SELECT  comm, lot_no, SUM(sl) AS bfpcksl, SUM(ddwsl) AS bfpckps  FROM     dbo.outh  WHERE   (bz1 = N'其他出库') AND (qr = N'Y') AND (asp_cancel <> 'Y')  GROUP BY comm, lot_no  
View_llrk08	CREATE VIEW dbo.View_llrk08  AS  SELECT  comm, lot_no, SUM(yl) AS yl  FROM     dbo.kucun  GROUP BY comm, lot_no  
View_od_cost	CREATE VIEW dbo.View_od_cost  AS  SELECT  dbo.order1.od_no, dbo.order1.od_xc, dbo.order1.od_date, dbo.order1.wzdm, dbo.dm_wz.mc, dbo.order1.sl,                      dbo.order1.od_danj, dbo.order1.od_zke, ISNULL(dbo.View_od_cost1.total_m, 0) AS cg_je, ISNULL(dbo.View_od_cost2.i_zke,                      0) AS ww_je, ISNULL(dbo.View_od_cost3.jg_je, 0) AS jg_je, ISNULL(dbo.View_od_cost1.total_m, 0)                      + ISNULL(dbo.View_od_cost2.i_zke, 0) + ISNULL(dbo.View_od_cost3.jg_je, 0) AS cb_hj,                      dbo.order1.od_zke - (ISNULL(dbo.View_od_cost1.total_m, 0) + ISNULL(dbo.View_od_cost2.i_zke, 0)                      + ISNULL(dbo.View_od_cost3.jg_je, 0)) AS lr_je, dbo.order1.jh_date, dbo.View_od_cost4.out_date之最大值 AS last_date,                      ISNULL(dbo.View_od_cost4.chsl, 0) AS chsl, dbo.order1.ja  FROM      dbo.order1 LEFT OUTER JOIN                     dbo.dm_wz ON dbo.order1.comm = dbo.dm_wz.comm AND dbo.order1.wzdm = dbo.dm_wz.dm LEFT OUTER JOIN                     dbo.View_od_cost1 ON dbo.order1.comm = dbo.View_od_cost1.comm AND                      dbo.order1.od_no = dbo.View_od_cost1.od_no2 AND dbo.order1.od_xc = dbo.View_od_cost1.od_xc2 LEFT OUTER JOIN                     dbo.View_od_cost2 ON dbo.order1.comm = dbo.View_od_cost2.comm AND                      dbo.order1.od_no = dbo.View_od_cost2.od_no AND dbo.order1.od_xc = dbo.View_od_cost2.od_xc LEFT OUTER JOIN                     dbo.View_od_cost3 ON dbo.order1.comm = dbo.View_od_cost3.comm AND                      dbo.order1.od_no = dbo.View_od_cost3.od_no AND dbo.order1.od_xc = dbo.View_od_cost3.od_xc LEFT OUTER JOIN                     dbo.View_od_cost4 ON dbo.order1.comm = dbo.View_od_cost4.comm AND                      dbo.order1.od_no = dbo.View_od_cost4.od_no AND dbo.order1.od_xc = dbo.View_od_cost4.od_xc  
View_od_cost1	CREATE VIEW dbo.View_od_cost1  AS  SELECT  comm, od_no2, od_xc2, SUM(total_m) AS total_m  FROM      dbo.Porder  WHERE   (ja = N'T') OR                     (ja = N'Y')  GROUP BY od_no2, od_xc2, ja, comm  HAVING  (od_no2 IS NOT NULL) AND (od_no2 <> '')  
View_od_cost2	CREATE VIEW dbo.View_od_cost2  AS  SELECT  comm, od_no, od_xc, SUM(i_zke) AS i_zke  FROM      dbo.dh  WHERE   (ja = N'T') OR                     (ja = N'Y')  GROUP BY od_no, od_xc, ja, comm  HAVING  (od_no IS NOT NULL) AND (od_no <> '')  
View_od_cost3	CREATE VIEW dbo.View_od_cost3  AS  SELECT  dbo.scjl.comm, dbo.plang.od_no, dbo.plang.od_xc, SUM(ROUND(dbo.scjl.gs * dbo.View_GX.bz, 2)) AS jg_je  FROM      dbo.scjl LEFT OUTER JOIN                     dbo.View_GX ON dbo.scjl.comm = dbo.View_GX.comm AND dbo.scjl.gxdm = dbo.View_GX.dm LEFT OUTER JOIN                     dbo.plang ON dbo.scjl.comm = dbo.plang.comm AND dbo.scjl.gldh = dbo.plang.pl_no  GROUP BY dbo.plang.od_no, dbo.plang.od_xc, dbo.scjl.comm  
View_od_cost4	CREATE VIEW dbo.View_od_cost4  AS  SELECT  comm, od_no, od_xc, MAX(out_date) AS out_date之最大值, SUM(sl) AS chsl  FROM      dbo.outh  WHERE   (qr = N'Y') AND (asp_cancel IS NULL OR                     asp_cancel <> 'Y')  GROUP BY od_no, od_xc, comm  HAVING  (od_no IS NOT NULL)  
View_od_sqdchl	CREATE VIEW dbo.View_od_sqdchl  AS  SELECT  TOP (100) PERCENT dbo.chsq.outh_no AS sq_no, dbo.chsq.od_no, dbo.chsq.od_xc, dbo.chsq.sl AS sql,                      SUM(ISNULL(dbo.outh.sl, 0)) AS chl  FROM      dbo.outh RIGHT OUTER JOIN                     dbo.chsq ON dbo.outh.comm = dbo.chsq.comm AND dbo.outh.od_xc = dbo.chsq.od_xc AND                      dbo.outh.od_no = dbo.chsq.od_no AND dbo.outh.bombz = dbo.chsq.outh_no  WHERE   (dbo.outh.bz1 = N'销售出库') AND (dbo.outh.qr = N'Y') AND (dbo.chsq.qr = N'Y')  GROUP BY dbo.chsq.od_no, dbo.chsq.od_xc, dbo.chsq.outh_no, dbo.chsq.sl  ORDER BY sq_no DESC  
View_OD_WLQTY1	CREATE VIEW dbo.View_OD_WLQTY1  AS  SELECT  dbo.order1.comm, dbo.order1.od_no, dbo.order1.od_xc, dbo.order1.khdm, dbo.dm_kh.mc AS khmc, dbo.order1.ywman,                      dbo.dm_ywy.mc AS ywmc, dbo.order1.tm, dbo.order1.wzdm AS cpdm, dbo.dm_wz.mc AS cpmc, dbo.dm_wz.gg AS cpgg,                      dbo.order1.od_date, dbo.order1.jh_date, dbo.order1.sl, dbo.mate.xc, dbo.mate.wzdm2 AS wldm, dm_wz_1.mc AS wlmc,                      dm_wz_1.gg AS wlgg, dm_wz_1.jldw, dbo.order1.od_no AS lot_no2, dbo.mate.color2, dbo.mate.siz2,                      ROUND(dbo.mate.sl2 * dbo.order1.sl, 3) AS wlsl  FROM      dbo.mate FULL OUTER JOIN                     dbo.dm_wz RIGHT OUTER JOIN                     dbo.dm_wz AS dm_wz_1 INNER JOIN                     dbo.order1 ON dm_wz_1.comm = dbo.order1.comm LEFT OUTER JOIN                     dbo.dm_ywy ON dbo.order1.comm = dbo.dm_ywy.comm AND dbo.order1.ywman = dbo.dm_ywy.dm LEFT OUTER JOIN                     dbo.dm_kh ON dbo.order1.comm = dbo.dm_kh.comm AND dbo.order1.khdm = dbo.dm_kh.dm ON                      dbo.dm_wz.comm = dbo.order1.comm AND dbo.dm_wz.dm = dbo.order1.wzdm ON dbo.mate.comm = dbo.order1.comm AND                      dbo.mate.lot_no1 = dbo.order1.lot_no AND dbo.mate.siz1 = dbo.order1.siz AND dbo.mate.color1 = dbo.order1.color AND                      dbo.mate.wzdm1 = dbo.order1.wzdm AND dbo.mate.wzdm2 = dm_wz_1.dm  WHERE   (dbo.order1.ja <> N'Y')  
View_OD_WLQTY2	CREATE VIEW dbo.View_OD_WLQTY2  AS  SELECT  comm, od_no2, od_xc2, wzdm, SUM(sl) AS odcgqty, od_no2 AS lot_no, color, siz  FROM      dbo.Porder  GROUP BY od_no2, od_xc2, wzdm, color, siz, comm  
View_OD_WLQTY3	CREATE VIEW dbo.View_OD_WLQTY3  AS  SELECT  comm, od_no2, od_xc2, wzdm, SUM(sl) AS odrkqty, lot_no, color, siz  FROM      dbo.inh  WHERE   (bz1 = N'采购入库') AND (qr = N'Y')  GROUP BY od_no2, od_xc2, wzdm, color, siz, lot_no, comm  
View_OD_WLQTY4	CREATE VIEW dbo.View_OD_WLQTY4  AS  SELECT  comm, od_no, od_xc, wzdm, SUM(sl) AS odllqty, lot_no, color, siz  FROM      dbo.outh  WHERE   (bz1 = N'生产领料') AND (qr = N'Y')  GROUP BY od_no, od_xc, wzdm, color, siz, lot_no, comm  HAVING  (SUM(sl) > 0)  
View_OD_WLQTY41	CREATE VIEW dbo.View_OD_WLQTY41  AS  SELECT  comm, od_no, od_xc, wzdm, SUM(sl) AS odtlqty, lot_no, color, siz  FROM      dbo.outh  WHERE   (bz1 = N'生产领料') AND (qr = N'Y')  GROUP BY od_no, od_xc, wzdm, color, siz, lot_no, comm  HAVING  (SUM(sl) < 0)  
View_OD_WLQTY5	CREATE VIEW dbo.View_OD_WLQTY5  AS  SELECT  dbo.inh.comm, dbo.inh.od_no2 AS od_no, dbo.inh.od_xc2 AS od_xc, dbo.mate.wzdm2, dbo.inh.lot_no AS lot_no2,                      dbo.mate.color2, dbo.mate.siz2, SUM(ROUND(dbo.inh.sl * dbo.mate.sl2, 3)) AS wgsl  FROM      dbo.inh LEFT OUTER JOIN                     dbo.mate ON dbo.inh.comm = dbo.mate.comm AND dbo.inh.wzdm = dbo.mate.wzdm1 AND                      dbo.inh.color = dbo.mate.color1 AND dbo.inh.siz = dbo.mate.siz1  WHERE   (dbo.inh.bz1 = N'生产入库') AND (dbo.inh.qr = N'Y')  GROUP BY dbo.inh.od_no2, dbo.inh.od_xc2, dbo.mate.wzdm2, dbo.inh.lot_no, dbo.mate.color2, dbo.mate.siz2, dbo.inh.comm  
View_OD_WLQTY6	CREATE VIEW dbo.View_OD_WLQTY6  AS  SELECT  comm, wzdm, lot_no, color, siz, SUM(yl) AS kcsl  FROM      dbo.VIEW_QTY  GROUP BY wzdm, lot_no, color, siz, comm  
View_OD_WLQTY7	CREATE VIEW dbo.View_OD_WLQTY7  AS  SELECT  dbo.inh.comm, dbo.inh.od_no2, dbo.inh.od_xc2, dbo.mate.wzdm2, SUM(dbo.inh.sl * dbo.mate.sl2) AS odwgqty,                      dbo.inh.lot_no AS lot_no2, dbo.mate.color2, dbo.mate.siz2  FROM      dbo.inh LEFT OUTER JOIN                     dbo.mate ON dbo.inh.comm = dbo.mate.comm AND dbo.inh.siz = dbo.mate.siz1 AND dbo.inh.color = dbo.mate.color1 AND                      dbo.inh.wzdm = dbo.mate.wzdm1  WHERE   (dbo.inh.bz1 = N'生产入库') AND (dbo.inh.qr = N'Y')  GROUP BY dbo.inh.od_no2, dbo.inh.od_xc2, dbo.mate.wzdm2, dbo.inh.lot_no, dbo.mate.color2, dbo.mate.siz2, dbo.inh.comm  
View_OD_WLQTY9	CREATE VIEW dbo.View_OD_WLQTY9  AS  SELECT  dbo.View_OD_WLQTY1.comm, dbo.View_OD_WLQTY1.od_no, dbo.View_OD_WLQTY1.od_xc, dbo.View_OD_WLQTY1.khdm,                      dbo.View_OD_WLQTY1.khmc, dbo.View_OD_WLQTY1.ywman, dbo.View_OD_WLQTY1.ywmc, dbo.View_OD_WLQTY1.tm,                      dbo.View_OD_WLQTY1.cpdm, dbo.View_OD_WLQTY1.cpmc, dbo.View_OD_WLQTY1.cpgg, dbo.View_OD_WLQTY1.od_date,                      dbo.View_OD_WLQTY1.jh_date, dbo.View_OD_WLQTY1.sl, dbo.View_OD_WLQTY1.xc, dbo.View_OD_WLQTY1.wldm,                      dbo.View_OD_WLQTY1.wlmc, dbo.View_OD_WLQTY1.wlgg, dbo.View_OD_WLQTY1.jldw, dbo.View_OD_WLQTY1.lot_no2,                      dbo.View_OD_WLQTY1.color2, dbo.View_OD_WLQTY1.siz2, dbo.View_OD_WLQTY1.wlsl,                      ISNULL(dbo.View_OD_WLQTY2.odcgqty, 0) AS odcgqty, ROUND(ISNULL(dbo.View_OD_WLQTY3.odrkqty, 0), 3) AS odrkqty,                      ROUND(ISNULL(dbo.View_OD_WLQTY4.odllqty, 0), 3) AS odllqty, ROUND(ISNULL(dbo.View_OD_WLQTY41.odtlqty, 0), 3)                      AS odtlqty, ROUND(ISNULL(dbo.View_OD_WLQTY5.wgsl, 0), 3) AS odwgsl, ROUND(ISNULL(dbo.View_OD_WLQTY6.kcsl, 0),                      3) AS odkcsl, dbo.View_OD_WLQTY1.wlsl - ROUND(ISNULL(dbo.View_OD_WLQTY4.odllqty, 0), 3)                      - ROUND(ISNULL(dbo.View_OD_WLQTY41.odtlqty, 0), 3) AS odwlqty, ROUND(ISNULL(dbo.View_OD_WLQTY7.odwgqty, 0), 3)                      AS odwgqty, ROUND(ISNULL(dbo.View_OD_WLQTY4.odllqty, 0), 3) - ROUND(ISNULL(dbo.View_OD_WLQTY7.odwgqty, 0), 3)                      + ROUND(ISNULL(dbo.View_OD_WLQTY41.odtlqty, 0), 3) AS odzzqty  FROM      dbo.View_OD_WLQTY1 LEFT OUTER JOIN                     dbo.View_OD_WLQTY5 ON dbo.View_OD_WLQTY1.comm = dbo.View_OD_WLQTY5.comm AND                      dbo.View_OD_WLQTY1.lot_no2 = dbo.View_OD_WLQTY5.lot_no2 AND                      dbo.View_OD_WLQTY1.siz2 = dbo.View_OD_WLQTY5.siz2 AND                      dbo.View_OD_WLQTY1.color2 = dbo.View_OD_WLQTY5.color2 AND                      dbo.View_OD_WLQTY1.wldm = dbo.View_OD_WLQTY5.wzdm2 AND                      dbo.View_OD_WLQTY1.od_no = dbo.View_OD_WLQTY5.od_no AND                      dbo.View_OD_WLQTY1.od_xc = dbo.View_OD_WLQTY5.od_xc LEFT OUTER JOIN                     dbo.View_OD_WLQTY7 ON dbo.View_OD_WLQTY1.comm = dbo.View_OD_WLQTY7.comm AND                      dbo.View_OD_WLQTY1.lot_no2 = dbo.View_OD_WLQTY7.lot_no2 AND                      dbo.View_OD_WLQTY1.siz2 = dbo.View_OD_WLQTY7.siz2 AND                      dbo.View_OD_WLQTY1.color2 = dbo.View_OD_WLQTY7.color2 AND                      dbo.View_OD_WLQTY1.wldm = dbo.View_OD_WLQTY7.wzdm2 AND                      dbo.View_OD_WLQTY1.od_xc = dbo.View_OD_WLQTY7.od_xc2 AND                      dbo.View_OD_WLQTY1.od_no = dbo.View_OD_WLQTY7.od_no2 LEFT OUTER JOIN                     dbo.View_OD_WLQTY4 ON dbo.View_OD_WLQTY1.comm = dbo.View_OD_WLQTY4.comm AND                      dbo.View_OD_WLQTY1.lot_no2 = dbo.View_OD_WLQTY4.lot_no AND                      dbo.View_OD_WLQTY1.od_no = dbo.View_OD_WLQTY4.od_no AND                      dbo.View_OD_WLQTY1.od_xc = dbo.View_OD_WLQTY4.od_xc AND                      dbo.View_OD_WLQTY1.wldm = dbo.View_OD_WLQTY4.wzdm AND                      dbo.View_OD_WLQTY1.color2 = dbo.View_OD_WLQTY4.color AND                      dbo.View_OD_WLQTY1.siz2 = dbo.View_OD_WLQTY4.siz LEFT OUTER JOIN                     dbo.View_OD_WLQTY3 ON dbo.View_OD_WLQTY1.comm = dbo.View_OD_WLQTY3.comm AND                      dbo.View_OD_WLQTY1.lot_no2 = dbo.View_OD_WLQTY3.lot_no AND                      dbo.View_OD_WLQTY1.od_no = dbo.View_OD_WLQTY3.od_no2 AND                      dbo.View_OD_WLQTY1.od_xc = dbo.View_OD_WLQTY3.od_xc2 AND                      dbo.View_OD_WLQTY1.wldm = dbo.View_OD_WLQTY3.wzdm AND                      dbo.View_OD_WLQTY1.color2 = dbo.View_OD_WLQTY3.color AND                      dbo.View_OD_WLQTY1.siz2 = dbo.View_OD_WLQTY3.siz LEFT OUTER JOIN                     dbo.View_OD_WLQTY2 ON dbo.View_OD_WLQTY1.comm = dbo.View_OD_WLQTY2.comm AND                      dbo.View_OD_WLQTY1.lot_no2 = dbo.View_OD_WLQTY2.lot_no AND                      dbo.View_OD_WLQTY1.od_no = dbo.View_OD_WLQTY2.od_no2 AND                      dbo.View_OD_WLQTY1.od_xc = dbo.View_OD_WLQTY2.od_xc2 AND                      dbo.View_OD_WLQTY1.wldm = dbo.View_OD_WLQTY2.wzdm AND                      dbo.View_OD_WLQTY1.color2 = dbo.View_OD_WLQTY2.color AND                      dbo.View_OD_WLQTY1.siz2 = dbo.View_OD_WLQTY2.siz LEFT OUTER JOIN                     dbo.View_OD_WLQTY41 ON dbo.View_OD_WLQTY1.comm = dbo.View_OD_WLQTY41.comm AND                      dbo.View_OD_WLQTY1.od_no = dbo.View_OD_WLQTY41.od_no AND                      dbo.View_OD_WLQTY1.od_xc = dbo.View_OD_WLQTY41.od_xc AND                      dbo.View_OD_WLQTY1.wldm = dbo.View_OD_WLQTY41.wzdm AND                      dbo.View_OD_WLQTY1.lot_no2 = dbo.View_OD_WLQTY41.lot_no AND                      dbo.View_OD_WLQTY1.color2 = dbo.View_OD_WLQTY41.color AND                      dbo.View_OD_WLQTY1.siz2 = dbo.View_OD_WLQTY41.siz LEFT OUTER JOIN                     dbo.View_OD_WLQTY6 ON dbo.View_OD_WLQTY1.comm = dbo.View_OD_WLQTY6.comm AND                      dbo.View_OD_WLQTY1.od_no = dbo.View_OD_WLQTY6.lot_no AND                      dbo.View_OD_WLQTY1.siz2 = dbo.View_OD_WLQTY6.siz AND                      dbo.View_OD_WLQTY1.color2 = dbo.View_OD_WLQTY6.color AND                      dbo.View_OD_WLQTY1.wldm = dbo.View_OD_WLQTY6.wzdm  
VIEW_odqty	CREATE VIEW dbo.VIEW_odqty  AS  SELECT  dbo.order1.comm, dbo.order1.od_no, dbo.order1.od_xc, dbo.order1.tm, dbo.order1.th, dbo.order1.wzdm, dbo.dm_wz.mc,                      dbo.dm_wz.jldw, dbo.dm_wz.gg, dbo.order1.pf, dbo.order1.scgy, dbo.order1.cpms, dbo.order1.bq, dbo.order1.od_date,                      dbo.order1.jh_date, dbo.order1.sjld, dbo.order1.sl, dbo.order1.od_danj, dbo.order1.od_zk, dbo.order1.od_zke,                      dbo.order1.sl2, dbo.order1.ys, dbo.order1.sbyq, dbo.order1.bzyq, dbo.order1.tz, dbo.order1.ck_sl, dbo.order1.sczt,                      dbo.order1.ywman, dbo.dm_ywy.mc AS ywmc, dbo.order1.khdm, dbo.dm_kh.mc AS khmc, dbo.order1.bz, dbo.order1.ja,                      ISNULL(dbo.View_odqty1.sl, 0) AS ch_qty, dbo.order1.lot_no, dbo.order1.color, dbo.order1.siz, dbo.order1.tax_dm,                      dbo.order1.tax_sm, dbo.order1.tax, dbo.order1.total_m, ISNULL(dbo.View_odqty2.sl, 0) AS tl_qty,                      ISNULL(dbo.View_odqty3.sl, 0) AS rk_qty  FROM      dbo.View_odqty3 RIGHT OUTER JOIN                     dbo.order1 LEFT OUTER JOIN                     dbo.dm_kh ON dbo.order1.comm = dbo.dm_kh.comm AND dbo.order1.khdm = dbo.dm_kh.dm LEFT OUTER JOIN                     dbo.View_odqty2 ON dbo.order1.comm = dbo.View_odqty2.comm AND dbo.order1.od_no = dbo.View_odqty2.od_no2 AND                      dbo.order1.od_xc = dbo.View_odqty2.od_xc2 LEFT OUTER JOIN                     dbo.dm_ywy ON dbo.order1.comm = dbo.dm_ywy.comm AND dbo.order1.ywman = dbo.dm_ywy.dm ON                      dbo.View_odqty3.comm = dbo.order1.comm AND dbo.View_odqty3.od_no2 = dbo.order1.od_no AND                      dbo.View_odqty3.od_xc2 = dbo.order1.od_xc LEFT OUTER JOIN                     dbo.dm_wz ON dbo.order1.comm = dbo.dm_wz.comm AND dbo.order1.wzdm = dbo.dm_wz.dm LEFT OUTER JOIN                     dbo.View_odqty1 ON dbo.order1.comm = dbo.View_odqty1.comm AND dbo.order1.od_no = dbo.View_odqty1.od_no AND                      dbo.order1.od_xc = dbo.View_odqty1.od_xc  WHERE   (dbo.order1.ja IS NULL OR                     dbo.order1.ja <> N'Y') AND (dbo.order1.od_no <> N'')  
View_odqty1	CREATE VIEW dbo.View_odqty1  AS  SELECT  comm, od_no, od_xc, SUM(sl) AS sl  FROM      dbo.outh  WHERE   (bz1 = N'销售出库') AND (qr = N'Y')  GROUP BY od_no, od_xc, comm  HAVING  (od_no <> N'')  
View_odqty2	CREATE VIEW dbo.View_odqty2  AS  SELECT  comm, od_no2, od_xc2, SUM(sl) AS sl  FROM      dbo.inh  WHERE   (bz1 = N'采购入库') AND (qr = N'Y')  GROUP BY od_no2, od_xc2, comm  HAVING  (od_no2 <> N'') AND (SUM(sl) < 0)  
View_odqty3	CREATE VIEW dbo.View_odqty3  AS  SELECT  comm, od_no2, od_xc2, SUM(sl) AS sl  FROM      dbo.inh  WHERE   (bz1 = N'生产入库') AND (qr = N'Y')  GROUP BY od_no2, od_xc2, comm  HAVING  (od_no2 <> N'')  
VIEW_order	CREATE VIEW dbo.VIEW_order  AS  SELECT  dbo.order1.comm, dbo.order1.od_no, dbo.order1.od_xc, dbo.order1.tm, dbo.order1.th, dbo.order1.wzdm, dbo.order1.lot_no,                      dbo.order1.color, dbo.order1.siz, dbo.order1.pf, dbo.order1.scgy, dbo.order1.cpms, dbo.order1.bq, dbo.order1.od_date,                      dbo.order1.jh_date, dbo.order1.sjld, dbo.order1.sl, dbo.order1.od_danj, dbo.order1.od_zk, dbo.order1.od_zke,                      dbo.order1.sl2, dbo.order1.ddw AS ys, dbo.order1.ddwsl AS sbyq, dbo.order1.ys AS bzyq, dbo.order1.sbyq AS tz,                      dbo.order1.bzyq AS ck_sl, dbo.order1.tz AS sczt, dbo.order1.ck_sl AS ywman, dbo.order1.sczt AS khdm,                      dbo.order1.ywman AS ja, dbo.order1.khdm AS bz, dbo.order1.ja AS id, dbo.order1.bz AS tax_dm, dbo.order1.id AS tax_sm,                      dbo.order1.tax_dm AS tax, dbo.order1.tax_sm AS total_m, dbo.order1.tax AS mc, dbo.order1.total_m AS jldw,                      dbo.order1.asp_user1 AS cj, dbo.order1.asp_time1 AS gg, dbo.order1.asp_user2 AS cz, dbo.order1.asp_time2,                      dbo.order1.asp_user3, dbo.order1.asp_time3, dbo.order1.asp_cancel, dbo.order1.asp_user4, dbo.order1.asp_time4,                      dbo.order1.asp_print, dbo.dm_wz.mc AS Expr1, dbo.dm_wz.jldw AS Expr2, dbo.dm_wz.cj AS Expr3, dbo.dm_wz.gg AS Expr4,                      dbo.dm_wz.cz AS Expr5  FROM      dbo.order1 LEFT OUTER JOIN                     dbo.dm_wz ON dbo.order1.comm = dbo.dm_wz.comm AND dbo.order1.wzdm = dbo.dm_wz.dm  
VIEW_outh	CREATE VIEW dbo.VIEW_outh  AS  SELECT  dbo.outh.comm, dbo.dm_ywy.mc AS ywymc, dbo.dm_kh.mc AS khmc, dbo.dm_ck.mc AS ckmc, dm_wz_1.mc AS wzmc,                      dbo.outh.wzdm, dbo.outh.sl, dbo.outh.sl2, dbo.outh.ddw, dbo.outh.out_danj, dbo.outh.o_zk, dbo.outh.o_zke,                      dbo.outh.o_cost AS cost_dj, dbo.outh.out_date, dbo.outh.outh_no, dm_wz_1.gg, dm_wz_1.cz, dm_wz_1.ys, dbo.outh.id,                      dbo.outh.ckdm, dbo.outh.lot_no, dbo.outh.color, dbo.outh.siz, dbo.outh.bz1, dbo.outh.tax_dm, dbo.outh.tax_sm, dbo.outh.tax,                      dbo.outh.total_m, dbo.outh.od_no, dbo.outh.od_xc, dm_wz_1.jldw, dbo.outh.bz, dbo.order1.sl AS od_sl, dbo.outh.khdm,                      dbo.dm_wz.mc AS odwzmc, dbo.outh.od_no AS od_no2, dbo.outh.od_xc AS od_xc2, dbo.order1.tm, dbo.outh.qr,                      dbo.outh.bom_qty  FROM      dbo.dm_wz RIGHT OUTER JOIN                     dbo.order1 ON dbo.dm_wz.comm = dbo.order1.comm AND dbo.dm_wz.dm = dbo.order1.wzdm FULL OUTER JOIN                     dbo.outh LEFT OUTER JOIN                     dbo.dm_ck ON dbo.outh.comm = dbo.dm_ck.comm AND dbo.outh.ckdm = dbo.dm_ck.dm LEFT OUTER JOIN                     dbo.dm_wz AS dm_wz_1 ON dbo.outh.comm = dm_wz_1.comm AND dbo.outh.wzdm = dm_wz_1.dm LEFT OUTER JOIN                     dbo.dm_kh ON dbo.outh.comm = dbo.dm_kh.comm AND dbo.outh.khdm = dbo.dm_kh.dm LEFT OUTER JOIN                     dbo.dm_ywy ON dbo.outh.comm = dbo.dm_ywy.comm AND dbo.outh.ywman = dbo.dm_ywy.dm ON                      dbo.order1.comm = dbo.outh.comm AND dbo.order1.od_no = dbo.outh.od_no AND dbo.order1.od_xc = dbo.outh.od_xc  
VIEW_pandian	CREATE VIEW dbo.VIEW_pandian  AS  SELECT  dbo.pandian.comm, dbo.dm_ck.mc AS ckmc, dbo.dm_wz.mc AS wzmc, dbo.pandian.wzdm, dbo.pandian.pd_date,                      dbo.pandian.sl, dbo.pandian.total_je, dbo.pandian.pd_sl, dbo.pandian.pd_je, dbo.pandian.bz, dbo.dm_wz.gg, dbo.dm_wz.cz,                      dbo.dm_wz.ys, dbo.pandian.ckdm, dbo.pandian.lot_no, dbo.pandian.color, dbo.pandian.siz  FROM      dbo.pandian LEFT OUTER JOIN                     dbo.dm_ck ON dbo.pandian.comm = dbo.dm_ck.comm AND dbo.pandian.ckdm = dbo.dm_ck.dm LEFT OUTER JOIN                     dbo.dm_wz ON dbo.pandian.comm = dbo.dm_wz.comm AND dbo.pandian.wzdm = dbo.dm_wz.dm  
View_pcqty	CREATE VIEW dbo.View_pcqty  AS  SELECT  dbo.order_bs.comm, dbo.order_bs.od_no, dbo.order_bs.od_xc, SUM(ISNULL(dbo.plang_pc.pl_sl, 0)) AS pc_qty, SUM(ISNULL(dbo.plang_pc.pl_sl2, 0))                  AS pc_qty2, dbo.order_bs.id  FROM     dbo.plang_pc RIGHT OUTER JOIN                 dbo.order_bs ON dbo.plang_pc.od_xc = dbo.order_bs.id AND dbo.plang_pc.comm = dbo.order_bs.comm AND                  dbo.plang_pc.od_no = dbo.order_bs.od_no  WHERE   (dbo.order_bs.asp_cancel <> N'Y')  GROUP BY dbo.order_bs.od_no, dbo.order_bs.od_xc, dbo.order_bs.comm, dbo.order_bs.id  
VIEW_podyl	CREATE VIEW dbo.VIEW_podyl  AS  SELECT  dbo.Porder.comm, dbo.Porder.od_no, dbo.Porder.od_xc, dbo.dm_wz.mc AS wzmc, dbo.dm_gf.mc AS khmc,                      dbo.VIEW_podyl1.rkqty, SUM(dbo.Porder.sl - dbo.VIEW_podyl1.rkqty) AS YL, dbo.Porder.ywman, dbo.Porder.csdm,                      dbo.Porder.wzdm, dbo.Porder.ja, dbo.Porder.od_no2, dbo.Porder.od_xc2  FROM      dbo.Porder LEFT OUTER JOIN                     dbo.dm_gf ON dbo.Porder.comm = dbo.dm_gf.comm AND dbo.Porder.csdm = dbo.dm_gf.dm LEFT OUTER JOIN                     dbo.dm_wz ON dbo.Porder.comm = dbo.dm_wz.comm AND dbo.Porder.wzdm = dbo.dm_wz.dm LEFT OUTER JOIN                     dbo.VIEW_podyl1 ON dbo.Porder.comm = dbo.VIEW_podyl1.comm AND dbo.Porder.od_no = dbo.VIEW_podyl1.od_no AND                      dbo.Porder.od_xc = dbo.VIEW_podyl1.od_xc  GROUP BY dbo.dm_wz.mc, dbo.dm_gf.mc, dbo.Porder.ywman, dbo.Porder.csdm, dbo.Porder.wzdm, dbo.Porder.ja, dbo.Porder.od_no,                      dbo.Porder.od_xc, dbo.Porder.od_no2, dbo.Porder.od_xc2, dbo.VIEW_podyl1.rkqty, dbo.Porder.comm  HAVING  (dbo.Porder.ja IS NULL OR                     dbo.Porder.ja <> N'Y') AND (SUM(dbo.Porder.sl - dbo.VIEW_podyl1.rkqty) > 0)  
VIEW_podyl1	CREATE VIEW dbo.VIEW_podyl1  AS  SELECT  comm, od_no, od_xc, wzdm, SUM(sl) AS rkqty, SUM(total_m) AS totalje, SUM(tax) AS totaltax  FROM      dbo.inh  WHERE   (qr = N'Y') AND (od_no <> N'')  GROUP BY od_no, od_xc, wzdm, comm  HAVING  (NOT (od_no IS NULL))  
View_Porder	CREATE VIEW dbo.View_Porder  AS  SELECT  TOP (100) PERCENT dbo.Porder.comm, dbo.Porder.od_no, dbo.Porder.od_xc, dbo.Porder.csdm, dbo.dm_gf.mc,                      dbo.Porder.wzdm, dbo.dm_wz.mc AS wzmc, dbo.Porder.lot_no, dbo.Porder.color, dbo.Porder.siz, dbo.Porder.od_date,                      dbo.Porder.rk_date, dbo.Porder.sl, dbo.Porder.od_danj, dbo.Porder.od_zk, dbo.Porder.od_zke, dbo.Porder.tax_dm,                      dbo.Porder.tax_sm, dbo.Porder.tax, dbo.Porder.total_m, dbo.Porder.ywman, dbo.dm_ywy.mc AS ywmc, dbo.Porder.tm,                      dbo.Porder.rk_sl, dbo.Porder.yl, dbo.Porder.gs, dbo.Porder.lot_no1, dbo.Porder.ja, dbo.dm_wz.gg, dbo.dm_wz.jldw,                      dbo.Porder.bz, dbo.Porder.id, dbo.Porder.od_no2, dbo.Porder.od_xc2, dbo.dm_gf.addr, dbo.dm_gf.tel,                      dbo.dm_gf.ywman AS lxr  FROM      dbo.Porder LEFT OUTER JOIN                     dbo.dm_gf ON dbo.Porder.comm = dbo.dm_gf.comm AND dbo.Porder.csdm = dbo.dm_gf.dm LEFT OUTER JOIN                     dbo.dm_ywy ON dbo.Porder.comm = dbo.dm_ywy.comm AND dbo.Porder.ywman = dbo.dm_ywy.dm LEFT OUTER JOIN                     dbo.dm_wz ON dbo.Porder.comm = dbo.dm_wz.comm AND dbo.Porder.wzdm = dbo.dm_wz.dm  ORDER BY dbo.Porder.od_no DESC  
VIEW_QTY	CREATE VIEW dbo.VIEW_QTY  AS  SELECT  comm, wzdm, ckdm, lot_no, color, siz, MAX(indate) AS indate, SUM(rkl) AS rkl, MAX(outdate) AS outdate, SUM(ckl) AS ckl,                      SUM(yl) AS yl, SUM(rkl2) AS rkl2, SUM(ckl2) AS ckl2, SUM(yl2) AS yl2  FROM      dbo.VIEW_QTY3  GROUP BY wzdm, ckdm, lot_no, color, siz, comm  
VIEW_QTY1	CREATE VIEW dbo.VIEW_QTY1  AS  SELECT  dbo.VIEW_RK.comm, dbo.VIEW_RK.wzdm, dbo.VIEW_RK.ckdm, dbo.VIEW_RK.lot_no, dbo.VIEW_RK.color, dbo.VIEW_RK.siz,                      dbo.VIEW_RK.indate, ROUND(dbo.VIEW_RK.rkl, 4) AS rkl, dbo.VIEW_CK.outdate, ROUND(dbo.VIEW_CK.ckl, 4) AS ckl,                      ROUND(dbo.VIEW_RK.rkl - ISNULL(dbo.VIEW_CK.ckl, 0), 4) AS yl, ROUND(dbo.VIEW_RK.sl2, 4) AS rkl2,                      ROUND(dbo.VIEW_CK.sl2, 4) AS ckl2, ROUND(dbo.VIEW_RK.sl2 - ISNULL(dbo.VIEW_CK.sl2, 0), 4) AS yl2  FROM      dbo.VIEW_RK LEFT OUTER JOIN                     dbo.VIEW_CK ON dbo.VIEW_RK.comm = dbo.VIEW_CK.comm AND dbo.VIEW_RK.wzdm = dbo.VIEW_CK.wzdm AND                      dbo.VIEW_RK.ckdm = dbo.VIEW_CK.ckdm AND dbo.VIEW_RK.lot_no = dbo.VIEW_CK.lot_no AND                      dbo.VIEW_RK.color = dbo.VIEW_CK.color AND dbo.VIEW_RK.siz = dbo.VIEW_CK.siz  
VIEW_QTY2	CREATE VIEW dbo.VIEW_QTY2  AS  SELECT  dbo.outh.comm, dbo.outh.wzdm, dbo.outh.ckdm, dbo.outh.lot_no, dbo.outh.color, dbo.outh.siz, '' AS indate, 0 AS rkl, MAX(dbo.outh.out_date) AS outdate,                  SUM(dbo.outh.sl) AS ckl, SUM(0 - dbo.outh.sl) AS yl, 0 AS rkl2, SUM(dbo.outh.ddwsl) AS ckl2, SUM(0 - dbo.outh.ddwsl) AS yl2  FROM     dbo.outh LEFT OUTER JOIN                 dbo.VIEW_RK ON dbo.outh.comm = dbo.VIEW_RK.comm AND dbo.outh.wzdm = dbo.VIEW_RK.wzdm AND dbo.outh.ckdm = dbo.VIEW_RK.ckdm AND                  dbo.outh.lot_no = dbo.VIEW_RK.lot_no AND dbo.outh.color = dbo.VIEW_RK.color AND dbo.outh.siz = dbo.VIEW_RK.siz  WHERE   (dbo.VIEW_RK.indate IS NULL) AND (CONVERT(varchar(6), dbo.outh.out_date, 112) = CONVERT(varchar(6), GETDATE(), 112)) AND (dbo.outh.qr = N'Y')  GROUP BY dbo.outh.wzdm, dbo.outh.ckdm, dbo.outh.lot_no, dbo.outh.color, dbo.outh.siz, dbo.outh.comm  
VIEW_QTY3	CREATE VIEW dbo.VIEW_QTY3  AS  SELECT  *  FROM      VIEW_QTY1  UNION  SELECT  *  FROM      VIEW_QTY2  
VIEW_RK	CREATE VIEW dbo.VIEW_RK  AS  SELECT  dbo.inh.comm, dbo.inh.wzdm, dbo.inh.ckdm, dbo.inh.lot_no, dbo.inh.color, dbo.inh.siz, SUM(dbo.inh.sl) AS rkl, MIN(dbo.inh.in_date) AS indate,                  SUM(dbo.inh.ddwsl) AS sl2, dbo.inh.bz1, dbo.inh.inh_no, dbo.inh.gfdm, dbo.inh.ywman, dbo.users.userna, dbo.dm_ck.mc AS ckmc, dbo.inh.od_no2,                  dbo.inh.od_xc2, dbo.inh.i_zk, dbo.inh.i_zke, dbo.inh.total_m, dbo.inh.tax, dbo.inh.tax_dm, dbo.inh.tax_sm, dbo.inh.bz, dbo.inh.qr,                  dbo.inh.id + 10000000000 AS id  FROM     dbo.inh LEFT OUTER JOIN                 dbo.dm_ck ON dbo.inh.comm = dbo.dm_ck.comm AND dbo.inh.ckdm = dbo.dm_ck.dm LEFT OUTER JOIN                 dbo.users ON dbo.inh.comm = dbo.users.comm AND dbo.inh.ywman = dbo.users.id  WHERE   (CONVERT(varchar(6), dbo.inh.in_date, 112) = CONVERT(varchar(6), GETDATE(), 112)) AND (dbo.inh.qr = N'Y')  GROUP BY dbo.inh.wzdm, dbo.inh.ckdm, dbo.inh.lot_no, dbo.inh.color, dbo.inh.siz, dbo.inh.comm, dbo.inh.bz1, dbo.inh.inh_no, dbo.inh.gfdm, dbo.inh.ywman,                  dbo.users.userna, dbo.dm_ck.mc, dbo.inh.od_no2, dbo.inh.od_xc2, dbo.inh.i_zk, dbo.inh.i_zke, dbo.inh.total_m, dbo.inh.tax, dbo.inh.tax_dm, dbo.inh.tax_sm,                  dbo.inh.bz, dbo.inh.qr, dbo.inh.id + 10000000000  
View_SCGD	CREATE VIEW dbo.View_SCGD  AS  SELECT  TOP (100) PERCENT dbo.plang.comm, dbo.plang.pl_no, dbo.plang.pl_date, dbo.plang.jldw AS scx, dbo.plang.mc AS scxmc,                      dbo.plang.od_no, dbo.plang.od_xc, dbo.plang.dm, dbo.dm_wz.mc, dbo.plang.color, dbo.plang.pl_sl, dbo.plang.rk_sl,                      dbo.plang.yl, dbo.plang.cp_date, dbo.plang.st_date, dbo.plang.dj, dbo.plang.jine, dbo.plang.rk_no, dbo.plang.bz,                      dbo.plang.pl_man, dbo.dm_ywy.mc AS ywmc, dbo.plang.ja, dbo.dm_wz.jldw AS dw, dbo.dm_wz.gg, dbo.plang.lot_no,                      dbo.plang.siz, dbo.plang.ll_no, dbo.plang.wb_no, dbo.plang.id, dbo.plang.mjlx, dbo.plang.lb  FROM      dbo.plang LEFT OUTER JOIN                     dbo.dm_ywy ON dbo.plang.comm = dbo.dm_ywy.comm AND dbo.plang.pl_man = dbo.dm_ywy.dm LEFT OUTER JOIN                     dbo.dm_wz ON dbo.plang.comm = dbo.dm_wz.comm AND dbo.plang.dm = dbo.dm_wz.dm  WHERE   (dbo.plang.lb IS NULL)  ORDER BY dbo.plang.pl_no DESC  
View_SCX	CREATE VIEW dbo.View_SCX  AS  SELECT  comm, dm, mc, bz  FROM      dbo.dm_gx  WHERE   (lb = N'SCX')  
View_SKZE	CREATE VIEW dbo.View_SKZE  AS  SELECT  xsdh_no, sl, SUM(o_zke) AS jine  FROM      dbo.xsdh  WHERE   (wzdm = N'收款')  GROUP BY xsdh_no, sl  
View_WB_WLQTY1	CREATE VIEW dbo.View_WB_WLQTY1  AS  SELECT  dbo.dh.comm, dbo.dh.dh_no, dbo.dh.wzdm, dbo.dm_wz.mc AS cpmc, dbo.dm_wz.gg AS cpgg, dbo.dh.lot_no, dbo.dh.color,                      dbo.dh.siz, dbo.dh.sl, dbo.dh.in_date, dbo.dh.ywman, dbo.dm_ywy.mc AS ywmc, dbo.dh.gfdm, dbo.dm_gf.mc AS csmc,                      dbo.dh.in_danj, dbo.dh.i_zk, dbo.dh.i_zke, dbo.dh.od_no, dbo.dh.od_xc, dbo.mate.xc, dbo.mate.wzdm2 AS wldm,                      dm_wz_1.mc AS wlmc, dm_wz_1.gg AS wlgg, dm_wz_1.jldw, dbo.mate.lot_no2, dbo.mate.color2, dbo.mate.siz2,                      dbo.mate.sl2 * dbo.dh.sl AS wlsl  FROM      dbo.dm_ywy RIGHT OUTER JOIN                     dbo.dm_wz AS dm_wz_1 INNER JOIN                     dbo.dh ON dm_wz_1.comm = dbo.dh.comm FULL OUTER JOIN                     dbo.mate ON dbo.dh.comm = dbo.mate.comm AND dbo.dh.wzdm = dbo.mate.wzdm1 AND                      dbo.dh.lot_no = dbo.mate.lot_no1 AND dbo.dh.color = dbo.mate.color1 AND dbo.dh.siz = dbo.mate.siz1 AND                      dm_wz_1.dm = dbo.mate.wzdm2 ON dbo.dm_ywy.comm = dbo.dh.comm AND                      dbo.dm_ywy.dm = dbo.dh.ywman LEFT OUTER JOIN                     dbo.dm_gf ON dbo.dh.comm = dbo.dm_gf.comm AND dbo.dh.gfdm = dbo.dm_gf.dm LEFT OUTER JOIN                     dbo.dm_wz ON dbo.dh.comm = dbo.dm_wz.comm AND dbo.dh.wzdm = dbo.dm_wz.dm  WHERE   (dbo.dh.ja <> N'Y')  
View_WB_WLQTY2	CREATE VIEW dbo.View_WB_WLQTY2  AS  SELECT  comm, od_no, wzdm, lot_no, color, siz, SUM(sl) AS yfsl  FROM      dbo.outh  WHERE   (bz1 = N'委外领料') AND (qr = N'Y')  GROUP BY od_no, wzdm, lot_no, color, siz, comm  
View_WB_WLQTY3	CREATE VIEW dbo.View_WB_WLQTY3  AS  SELECT  dbo.inh.comm, dbo.inh.od_no, dbo.mate.wzdm2, dbo.mate.lot_no2, dbo.mate.color2, dbo.mate.siz2,                      SUM(dbo.inh.sl * dbo.mate.sl2) AS wgsl  FROM      dbo.inh LEFT OUTER JOIN                     dbo.mate ON dbo.inh.comm = dbo.mate.comm AND dbo.inh.wzdm = dbo.mate.wzdm1 AND                      dbo.inh.lot_no = dbo.mate.lot_no1 AND dbo.inh.color = dbo.mate.color1 AND dbo.inh.siz = dbo.mate.siz1  WHERE   (dbo.inh.bz1 = N'委外入库') AND (dbo.inh.qr = N'Y')  GROUP BY dbo.inh.od_no, dbo.mate.wzdm2, dbo.mate.lot_no2, dbo.mate.color2, dbo.mate.siz2, dbo.inh.comm  
View_WB_WLQTY9	CREATE VIEW dbo.View_WB_WLQTY9  AS  SELECT  dbo.View_WB_WLQTY1.comm, dbo.View_WB_WLQTY1.dh_no, dbo.View_WB_WLQTY1.wzdm, dbo.View_WB_WLQTY1.cpmc,                      dbo.View_WB_WLQTY1.cpgg, dbo.View_WB_WLQTY1.lot_no, dbo.View_WB_WLQTY1.color, dbo.View_WB_WLQTY1.siz,                      dbo.View_WB_WLQTY1.sl, dbo.View_WB_WLQTY1.in_date, dbo.View_WB_WLQTY1.ywman, dbo.View_WB_WLQTY1.ywmc,                      dbo.View_WB_WLQTY1.gfdm, dbo.View_WB_WLQTY1.csmc, dbo.View_WB_WLQTY1.in_danj, dbo.View_WB_WLQTY1.i_zk,                      dbo.View_WB_WLQTY1.i_zke, dbo.View_WB_WLQTY1.od_no, dbo.View_WB_WLQTY1.od_xc, dbo.View_WB_WLQTY1.xc,                      dbo.View_WB_WLQTY1.wldm, dbo.View_WB_WLQTY1.wlmc, dbo.View_WB_WLQTY1.wlgg, dbo.View_WB_WLQTY1.jldw,                      dbo.View_WB_WLQTY1.lot_no2, dbo.View_WB_WLQTY1.color2, dbo.View_WB_WLQTY1.siz2, dbo.View_WB_WLQTY1.wlsl,                      ISNULL(dbo.View_WB_WLQTY2.yfsl, 0) AS yfsl, ISNULL(dbo.View_WB_WLQTY3.wgsl, 0) AS wgsl,                      ISNULL(dbo.View_WB_WLQTY2.yfsl, 0) - ISNULL(dbo.View_WB_WLQTY3.wgsl, 0) AS yl  FROM      dbo.View_WB_WLQTY1 LEFT OUTER JOIN                     dbo.View_WB_WLQTY2 ON dbo.View_WB_WLQTY1.comm = dbo.View_WB_WLQTY2.comm AND                      dbo.View_WB_WLQTY1.siz2 = dbo.View_WB_WLQTY2.siz AND                      dbo.View_WB_WLQTY1.color2 = dbo.View_WB_WLQTY2.color AND                      dbo.View_WB_WLQTY1.lot_no2 = dbo.View_WB_WLQTY2.lot_no AND                      dbo.View_WB_WLQTY1.wldm = dbo.View_WB_WLQTY2.wzdm AND                      dbo.View_WB_WLQTY1.dh_no = dbo.View_WB_WLQTY2.od_no LEFT OUTER JOIN                     dbo.View_WB_WLQTY3 ON dbo.View_WB_WLQTY1.comm = dbo.View_WB_WLQTY3.comm AND                      dbo.View_WB_WLQTY1.siz2 = dbo.View_WB_WLQTY3.siz2 AND                      dbo.View_WB_WLQTY1.color2 = dbo.View_WB_WLQTY3.color2 AND                      dbo.View_WB_WLQTY1.lot_no2 = dbo.View_WB_WLQTY3.lot_no2 AND                      dbo.View_WB_WLQTY1.wldm = dbo.View_WB_WLQTY3.wzdm2 AND                      dbo.View_WB_WLQTY1.dh_no = dbo.View_WB_WLQTY3.od_no  
VIEW_zc	CREATE VIEW dbo.VIEW_zc  AS  SELECT  dbo.zc.comm, dbo.dm_ywy.mc AS ywymc, dbo.dm_ck.mc AS o_ckdm, dm_ck_1.mc AS i_ckmc, dbo.dm_wz.mc AS wzmc,                      dbo.zc.wzdm, dbo.zc.zc_no, dbo.zc.zc_date, dbo.zc.sl, dbo.zc.total_je, dbo.zc.bz, dbo.dm_wz.gg, dbo.dm_wz.cz,                      dbo.dm_wz.ys, dbo.zc.lot_no, dbo.zc.color, dbo.zc.siz  FROM      dbo.zc LEFT OUTER JOIN                     dbo.dm_ck AS dm_ck_1 ON dbo.zc.comm = dm_ck_1.comm AND dbo.zc.i_ckdm = dm_ck_1.dm LEFT OUTER JOIN                     dbo.dm_ck ON dbo.zc.comm = dbo.dm_ck.comm AND dbo.zc.o_ckdm = dbo.dm_ck.dm LEFT OUTER JOIN                     dbo.dm_wz ON dbo.zc.comm = dbo.dm_wz.comm AND dbo.zc.wzdm = dbo.dm_wz.dm LEFT OUTER JOIN                     dbo.dm_ywy ON dbo.zc.comm = dbo.dm_ywy.comm AND dbo.zc.ywman = dbo.dm_ywy.dm  
View_ZZPQTY	CREATE VIEW dbo.View_ZZPQTY  AS  SELECT  dbo.View_ZZPQTY0.comm, dbo.View_ZZPQTY0.wzdm, dbo.View_ZZPQTY0.lot_no, dbo.View_ZZPQTY0.color,                      dbo.View_ZZPQTY0.siz, ISNULL(dbo.View_ZZPQTY2.PDL, 0) AS pdl, ISNULL(dbo.View_ZZPQTY4.LLL, 0) AS lll,                      ISNULL(dbo.View_ZZPQTY5.WGL, 0) AS wgl, ISNULL(dbo.View_ZZPQTY2.PDL, 0) + ISNULL(dbo.View_ZZPQTY4.LLL, 0)                      - ISNULL(dbo.View_ZZPQTY5.WGL, 0) + ISNULL(dbo.View_ZZPQTY6.SCTL, 0) + ISNULL(dbo.View_ZZPQTY8.CEL, 0) AS zzzl,                      ISNULL(dbo.View_ZZPQTY1.YL, 0) AS kcl, dbo.View_ZZPQTY1.YL + ISNULL(dbo.View_ZZPQTY2.PDL, 0)                      + ISNULL(dbo.View_ZZPQTY4.LLL, 0) - ISNULL(dbo.View_ZZPQTY5.WGL, 0) - ISNULL(dbo.View_ZZPQTY7.XSTH, 0)                      + ISNULL(dbo.View_ZZPQTY8.CEL, 0) AS zl, ISNULL(dbo.View_ZZPQTY6.SCTL, 0) AS tll,                      0 - ISNULL(dbo.View_ZZPQTY7.XSTH, 0) AS thl, ISNULL(dbo.View_ZZPQTY8.CEL, 0) AS cel  FROM      dbo.View_ZZPQTY4 RIGHT OUTER JOIN                     dbo.View_ZZPQTY0 ON dbo.View_ZZPQTY4.comm = dbo.View_ZZPQTY0.comm AND                      dbo.View_ZZPQTY4.wzdm = dbo.View_ZZPQTY0.wzdm AND dbo.View_ZZPQTY4.lot_no = dbo.View_ZZPQTY0.lot_no AND                      dbo.View_ZZPQTY4.color = dbo.View_ZZPQTY0.color AND                      dbo.View_ZZPQTY4.siz = dbo.View_ZZPQTY0.siz LEFT OUTER JOIN                     dbo.View_ZZPQTY6 ON dbo.View_ZZPQTY0.comm = dbo.View_ZZPQTY6.comm AND                      dbo.View_ZZPQTY0.wzdm = dbo.View_ZZPQTY6.wzdm AND dbo.View_ZZPQTY0.lot_no = dbo.View_ZZPQTY6.lot_no AND                      dbo.View_ZZPQTY0.color = dbo.View_ZZPQTY6.color AND                      dbo.View_ZZPQTY0.siz = dbo.View_ZZPQTY6.siz LEFT OUTER JOIN                     dbo.View_ZZPQTY1 ON dbo.View_ZZPQTY0.comm = dbo.View_ZZPQTY1.comm AND                      dbo.View_ZZPQTY0.wzdm = dbo.View_ZZPQTY1.wzdm AND dbo.View_ZZPQTY0.lot_no = dbo.View_ZZPQTY1.lot_no AND                      dbo.View_ZZPQTY0.color = dbo.View_ZZPQTY1.color AND                      dbo.View_ZZPQTY0.siz = dbo.View_ZZPQTY1.siz LEFT OUTER JOIN                     dbo.View_ZZPQTY7 ON dbo.View_ZZPQTY0.comm = dbo.View_ZZPQTY7.comm AND                      dbo.View_ZZPQTY0.wzdm = dbo.View_ZZPQTY7.wzdm AND dbo.View_ZZPQTY0.lot_no = dbo.View_ZZPQTY7.lot_no AND                      dbo.View_ZZPQTY0.color = dbo.View_ZZPQTY7.color AND                      dbo.View_ZZPQTY0.siz = dbo.View_ZZPQTY7.siz LEFT OUTER JOIN                     dbo.View_ZZPQTY5 ON dbo.View_ZZPQTY0.comm = dbo.View_ZZPQTY5.comm AND                      dbo.View_ZZPQTY0.wzdm = dbo.View_ZZPQTY5.wzdm AND dbo.View_ZZPQTY0.siz = dbo.View_ZZPQTY5.siz AND                      dbo.View_ZZPQTY0.lot_no = dbo.View_ZZPQTY5.lot_no AND                      dbo.View_ZZPQTY0.color = dbo.View_ZZPQTY5.color LEFT OUTER JOIN                     dbo.View_ZZPQTY8 ON dbo.View_ZZPQTY0.comm = dbo.View_ZZPQTY8.comm AND                      dbo.View_ZZPQTY0.wzdm = dbo.View_ZZPQTY8.wzdm AND dbo.View_ZZPQTY0.lot_no = dbo.View_ZZPQTY8.od_no AND                      dbo.View_ZZPQTY0.color = dbo.View_ZZPQTY8.color AND                      dbo.View_ZZPQTY0.siz = dbo.View_ZZPQTY8.siz LEFT OUTER JOIN                     dbo.View_ZZPQTY2 ON dbo.View_ZZPQTY0.comm = dbo.View_ZZPQTY2.comm AND                      dbo.View_ZZPQTY0.wzdm = dbo.View_ZZPQTY2.wzdm AND dbo.View_ZZPQTY0.lot_no = dbo.View_ZZPQTY2.lot_no AND                      dbo.View_ZZPQTY0.color = dbo.View_ZZPQTY2.color AND dbo.View_ZZPQTY0.siz = dbo.View_ZZPQTY2.siz  
View_ZZPQTY0	CREATE VIEW dbo.View_ZZPQTY0  AS  SELECT  dbo.order1.comm, dbo.mate.wzdm2 AS wzdm, dbo.order1.od_no AS lot_no, dbo.mate.color2 AS color,                      dbo.mate.siz2 AS siz  FROM      dbo.order1 LEFT OUTER JOIN                     dbo.mate ON dbo.order1.comm = dbo.mate.comm AND dbo.order1.wzdm = dbo.mate.wzdm1 AND                      dbo.order1.lot_no = dbo.mate.lot_no1 AND dbo.order1.color = dbo.mate.color1 AND dbo.order1.siz = dbo.mate.siz1  WHERE   (dbo.order1.ja <> N'Y')  GROUP BY dbo.mate.wzdm2, dbo.order1.od_no, dbo.mate.color2, dbo.mate.siz2, dbo.order1.comm  HAVING  (NOT (dbo.mate.wzdm2 IS NULL))  
View_ZZPQTY1	CREATE VIEW dbo.View_ZZPQTY1  AS  SELECT  dbo.VIEW_QTY.comm, dbo.VIEW_QTY.wzdm, dbo.VIEW_QTY.lot_no, dbo.VIEW_QTY.color, dbo.VIEW_QTY.siz,                      SUM(dbo.VIEW_QTY.rkl) AS RKL, SUM(dbo.VIEW_QTY.ckl) AS CKL, SUM(dbo.VIEW_QTY.yl) AS YL  FROM      dbo.VIEW_QTY LEFT OUTER JOIN                     dbo.dm_wz ON dbo.VIEW_QTY.comm = dbo.dm_wz.comm AND dbo.VIEW_QTY.wzdm = dbo.dm_wz.dm  WHERE   (dbo.dm_wz.lb <> N'成品')  GROUP BY dbo.VIEW_QTY.wzdm, dbo.VIEW_QTY.lot_no, dbo.VIEW_QTY.color, dbo.VIEW_QTY.siz, dbo.VIEW_QTY.comm  
View_ZZPQTY2	CREATE VIEW dbo.View_ZZPQTY2  AS  SELECT  comm, wzdm, lot_no, color, siz, SUM(pd_sl) AS PDL  FROM      dbo.pd_zzp  WHERE   (sh = N'Y')  GROUP BY wzdm, lot_no, color, siz, comm  
View_ZZPQTY3	CREATE VIEW dbo.View_ZZPQTY3  AS  SELECT  TOP (1) comm, CONVERT(varchar(100), pd_date, 112) AS RQ  FROM      dbo.pd_zzprq  
View_ZZPQTY4	CREATE VIEW dbo.View_ZZPQTY4  AS  SELECT  dbo.outh.comm, dbo.outh.wzdm, dbo.outh.lot_no, dbo.outh.color, dbo.outh.siz, SUM(dbo.outh.sl) AS LLL  FROM      dbo.outh LEFT OUTER JOIN                     dbo.View_ZZPQTY3 ON CONVERT(varchar(100), dbo.outh.out_date, 112) > ISNULL(dbo.View_ZZPQTY3.RQ, '19000101') AND                      dbo.outh.comm = dbo.View_ZZPQTY3.comm  WHERE   (dbo.outh.bz1 = N'生产领料' OR                     dbo.outh.bz1 = N'其它出库') AND (dbo.outh.sl > 0) AND (dbo.outh.qr = N'Y')  GROUP BY dbo.outh.wzdm, dbo.outh.lot_no, dbo.outh.color, dbo.outh.siz, dbo.outh.comm  
View_ZZPQTY5	CREATE VIEW dbo.View_ZZPQTY5  AS  SELECT  dbo.inh.comm, dbo.mate.wzdm2 AS wzdm, dbo.inh.od_no2 AS lot_no, dbo.mate.color2 AS color, dbo.mate.siz2 AS siz,                      SUM(ROUND(dbo.inh.sl * dbo.mate.sl2, 3)) AS WGL  FROM      dbo.inh LEFT OUTER JOIN                     dbo.mate ON dbo.inh.comm = dbo.mate.comm AND dbo.inh.wzdm = dbo.mate.wzdm1 AND                      dbo.inh.color = dbo.mate.color1 AND dbo.inh.siz = dbo.mate.siz1 LEFT OUTER JOIN                     dbo.View_ZZPQTY3 ON CONVERT(varchar(100), dbo.inh.in_date, 112) > ISNULL(dbo.View_ZZPQTY3.RQ, '19000101') AND                      dbo.inh.comm = dbo.View_ZZPQTY3.comm  WHERE   (dbo.inh.bz1 = N'生产入库') AND (dbo.inh.qr = N'Y')  GROUP BY dbo.mate.wzdm2, dbo.inh.od_no2, dbo.mate.color2, dbo.mate.siz2, dbo.inh.comm  
View_ZZPQTY6	CREATE VIEW dbo.View_ZZPQTY6  AS  SELECT  dbo.outh.comm, dbo.outh.wzdm, dbo.outh.lot_no, dbo.outh.color, dbo.outh.siz, SUM(dbo.outh.sl) AS SCTL  FROM      dbo.outh LEFT OUTER JOIN                     dbo.View_ZZPQTY3 ON CONVERT(varchar(100), dbo.outh.out_date, 112) > ISNULL(dbo.View_ZZPQTY3.RQ, '19000101') AND                      dbo.outh.comm = dbo.View_ZZPQTY3.comm  WHERE   (dbo.outh.bz1 = N'生产领料' OR                     dbo.outh.bz1 = N'其它出库') AND (dbo.outh.sl < 0) AND (dbo.outh.qr = N'Y')  GROUP BY dbo.outh.wzdm, dbo.outh.lot_no, dbo.outh.color, dbo.outh.siz, dbo.outh.comm  
View_ZZPQTY7	CREATE VIEW dbo.View_ZZPQTY7  AS  SELECT  dbo.outh.comm, dbo.outh.wzdm, dbo.outh.lot_no, dbo.outh.color, dbo.outh.siz, SUM(dbo.outh.sl) AS XSTH  FROM      dbo.outh LEFT OUTER JOIN                     dbo.View_ZZPQTY3 ON CONVERT(varchar(100), dbo.outh.out_date, 112) > ISNULL(dbo.View_ZZPQTY3.RQ, '19000101') AND                      dbo.outh.comm = dbo.View_ZZPQTY3.comm  WHERE   (dbo.outh.bz1 = N'销售出库') AND (dbo.outh.sl < 0) AND (dbo.outh.qr = N'Y')  GROUP BY dbo.outh.wzdm, dbo.outh.lot_no, dbo.outh.color, dbo.outh.siz, dbo.outh.comm  
View_ZZPQTY8	CREATE VIEW dbo.View_ZZPQTY8  AS  SELECT  dbo.outh.comm, dbo.outh.wzdm, dbo.outh.lot_no AS od_no, dbo.outh.color, dbo.outh.siz, SUM(dbo.outh.sl) AS CEL  FROM      dbo.outh LEFT OUTER JOIN                     dbo.View_ZZPQTY3 ON CONVERT(varchar(100), dbo.outh.out_date, 112) > ISNULL(dbo.View_ZZPQTY3.RQ, '19000101') AND                      dbo.outh.comm = dbo.View_ZZPQTY3.comm  WHERE   (dbo.outh.bz1 = N'超额领料') AND (dbo.outh.qr = N'Y')  GROUP BY dbo.outh.wzdm, dbo.outh.lot_no, dbo.outh.color, dbo.outh.siz, dbo.outh.comm  
