BOM	BOM-001	{"备注": "物料清单"}	{"children": [{"备注": "", "编号": "BOM-001-CL002", "版本号": "V1.0", "虚拟件": false, "默认BOM": true, "损耗率%": 5, "子件名称": "6061铝锭", "子件编码": "CL002", "定额数量": 1.05, "父件名称": "铝棒 Φ80", "父件编码": "CP001", "生产数量": 1, "生产车间": "熔铸车间", "规格型号": "A00", "计量单位": "件", "需用数量": 1.05, "预入仓库": "成品仓", "子件计量单位": "kg", "物料清单编码": "BOM-001"}, {"备注": "", "编号": "BOM-001-CL004", "版本号": "V1.0", "虚拟件": false, "默认BOM": true, "损耗率%": 2, "子件名称": "切削液", "子件编码": "CL004", "定额数量": 0.02, "父件名称": "铝棒 Φ80", "父件编码": "CP001", "生产数量": 1, "生产车间": "熔铸车间", "规格型号": "20L/桶", "计量单位": "件", "需用数量": 0.02, "预入仓库": "成品仓", "子件计量单位": "升", "物料清单编码": "BOM-001"}]}
BOM	BOM-002	{"备注": "物料清单"}	{"children": [{"备注": "", "编号": "BOM-002-CL003", "版本号": "V1.0", "虚拟件": false, "默认BOM": true, "损耗率%": 10, "子件名称": "6063铝棒", "子件编码": "CL003", "定额数量": 1.1, "父件名称": "铝型材-散热片", "父件编码": "CP003", "生产数量": 1, "生产车间": "精整车间", "规格型号": "Φ120", "计量单位": "件", "需用数量": 1.1, "预入仓库": "成品仓", "子件计量单位": "kg", "物料清单编码": "BOM-002"}, {"备注": "包装", "编号": "BOM-002-CL005", "版本号": "V1.0", "虚拟件": false, "默认BOM": true, "损耗率%": 0, "子件名称": "包装木箱", "子件编码": "CL005", "定额数量": 0.02, "父件名称": "铝型材-散热片", "父件编码": "CP003", "生产数量": 1, "生产车间": "精整车间", "规格型号": "1200×800", "计量单位": "件", "需用数量": 0.02, "预入仓库": "成品仓", "子件计量单位": "件", "物料清单编码": "BOM-002"}]}
BOM	BOM-003	{"备注": "物料清单"}	{"children": [{"备注": "", "编号": "BOM-003-CL002", "版本号": "V1.0", "虚拟件": false, "默认BOM": true, "损耗率%": 8, "子件名称": "6061铝锭", "子件编码": "CL002", "定额数量": 1.08, "父件名称": "铝板 6061", "父件编码": "CP002", "生产数量": 1, "生产车间": "轧制车间", "规格型号": "A00", "计量单位": "件", "需用数量": 1.08, "预入仓库": "成品仓", "子件计量单位": "kg", "物料清单编码": "BOM-003"}, {"备注": "", "编号": "BOM-003-CL004", "版本号": "V1.0", "虚拟件": false, "默认BOM": true, "损耗率%": 2, "子件名称": "切削液", "子件编码": "CL004", "定额数量": 0.03, "父件名称": "铝板 6061", "父件编码": "CP002", "生产数量": 1, "生产车间": "轧制车间", "规格型号": "20L/桶", "计量单位": "件", "需用数量": 0.03, "预入仓库": "成品仓", "子件计量单位": "升", "物料清单编码": "BOM-003"}]}
BOM	BOM-004	{"备注": "物料清单"}	{"children": [{"备注": "", "编号": "BOM-004-CL001", "版本号": "V1.0", "虚拟件": false, "默认BOM": true, "损耗率%": 5, "子件名称": "45#圆钢", "子件编码": "CL001", "定额数量": 42, "父件名称": "减速箱体 A", "父件编码": "CP004", "生产数量": 1, "生产车间": "测试车间", "规格型号": "Φ60", "计量单位": "件", "需用数量": 42, "预入仓库": "成品仓", "子件计量单位": "kg", "物料清单编码": "BOM-004"}, {"备注": "", "编号": "BOM-004-CL004", "版本号": "V1.0", "虚拟件": false, "默认BOM": true, "损耗率%": 2, "子件名称": "切削液", "子件编码": "CL004", "定额数量": 0.5, "父件名称": "减速箱体 A", "父件编码": "CP004", "生产数量": 1, "生产车间": "测试车间", "规格型号": "20L/桶", "计量单位": "件", "需用数量": 0.5, "预入仓库": "成品仓", "子件计量单位": "升", "物料清单编码": "BOM-004"}, {"备注": "", "编号": "BOM-004-CL005", "版本号": "V1.0", "虚拟件": false, "默认BOM": true, "损耗率%": 0, "子件名称": "包装木箱", "子件编码": "CL005", "定额数量": 0.5, "父件名称": "减速箱体 A", "父件编码": "CP004", "生产数量": 1, "生产车间": "测试车间", "规格型号": "1200×800", "计量单位": "件", "需用数量": 0.5, "预入仓库": "成品仓", "子件计量单位": "件", "物料清单编码": "BOM-004"}]}
BOM	BOM-005	{"备注": "物料清单"}	{"children": [{"备注": "", "编号": "BOM-005-CL001", "版本号": "V1.0", "虚拟件": false, "默认BOM": true, "损耗率%": 3, "子件名称": "45#圆钢", "子件编码": "CL001", "定额数量": 0.6, "父件名称": "轴套 C", "父件编码": "CP005", "生产数量": 1, "生产车间": "精整车间", "规格型号": "Φ60", "计量单位": "件", "需用数量": 0.6, "预入仓库": "成品仓", "子件计量单位": "kg", "物料清单编码": "BOM-005"}, {"备注": "", "编号": "BOM-005-CL004", "版本号": "V1.0", "虚拟件": false, "默认BOM": true, "损耗率%": 2, "子件名称": "切削液", "子件编码": "CL004", "定额数量": 0.05, "父件名称": "轴套 C", "父件编码": "CP005", "生产数量": 1, "生产车间": "精整车间", "规格型号": "20L/桶", "计量单位": "件", "需用数量": 0.05, "预入仓库": "成品仓", "子件计量单位": "升", "物料清单编码": "BOM-005"}]}
BOM	BOM-006	{"备注": "物料清单"}	{"children": [{"备注": "", "编号": "BOM-006-CL003", "版本号": "V1.0", "虚拟件": false, "默认BOM": true, "损耗率%": 2, "子件名称": "6063铝棒", "子件编码": "CL003", "定额数量": 0.5, "父件名称": "6061铝锭", "父件编码": "CL002", "生产数量": 1, "生产车间": "熔铸车间", "规格型号": "Φ120", "计量单位": "kg", "需用数量": 0.5, "预入仓库": "成品仓", "子件计量单位": "kg", "物料清单编码": "BOM-006"}]}
BOM	BOM-2026-08-2501	{"审核人": "admin", "提交人": "admin", "单据日期": "2026-08-25", "审批状态": "已通过", "审核时间": "2026-08-25 17:35:17", "提交时间": "2026-08-25 17:35:12", "物料清单编码": "BOM-2026-08-2501"}	{"children": [{"备注": "", "版本号": "", "虚拟件": false, "默认BOM": false, "损耗率%": 0, "子件名称": "切削液", "子件编码": "CL004", "定额数量": 0, "父件名称": "铝型材-散热片", "父件编码": "CP003", "生产数量": 1, "生产车间": "", "规格型号": "20L/桶", "计量单位": "件", "需用数量": 0, "预入仓库": "", "子件计量单位": "升", "物料清单编码": "BOM-2026-08-2501"}]}
DEPT	部门档案	{"备注": "部门档案"}	{"depts": [{"停用": false, "编号": "DEPT-001", "负责人": "系统管理员", "部门名称": "总经办", "部门编码": "D01"}, {"停用": false, "编号": "DEPT-002", "负责人": "刘经理", "部门名称": "销售一部", "部门编码": "D02"}, {"停用": false, "编号": "DEPT-003", "负责人": "赵经理", "部门名称": "销售二部", "部门编码": "D03"}, {"停用": false, "编号": "DEPT-004", "负责人": "周经理", "部门名称": "国际部", "部门编码": "D04"}, {"停用": false, "编号": "DEPT-005", "负责人": "王强", "部门名称": "熔铸车间", "部门编码": "D05"}, {"停用": false, "编号": "DEPT-006", "负责人": "李丽", "部门名称": "轧制车间", "部门编码": "D06"}, {"停用": false, "编号": "DEPT-007", "负责人": "孙涛", "部门名称": "精整车间", "部门编码": "D07"}, {"停用": false, "编号": "DEPT-008", "负责人": "赵刚", "部门名称": "测试车间", "部门编码": "D08"}, {"停用": false, "编号": "DEPT-009", "负责人": "赵刚", "部门名称": "质检部", "部门编码": "D09"}, {"停用": false, "编号": "DEPT-010", "负责人": "陈仓管", "部门名称": "仓储部", "部门编码": "D10"}]}
EMP	员工档案	{"备注": "员工档案"}	{"employees": [{"停用": false, "手机": "13800000001", "编号": "EMP-001", "职务": "业务员", "职称": "初级", "业务员": true, "办公电话": "010-88001", "员工名称": "张伟", "员工编码": "E001", "所属部门": "销售一部", "证件号码": "110101198801010011", "证件类型": "身份证"}, {"停用": false, "手机": "13800000002", "编号": "EMP-002", "职务": "业务员", "职称": "中级", "业务员": true, "办公电话": "010-88002", "员工名称": "李娜", "员工编码": "E002", "所属部门": "销售二部", "证件号码": "110101198902020022", "证件类型": "身份证"}, {"停用": false, "手机": "13800000003", "编号": "EMP-003", "职务": "业务员", "职称": "初级", "业务员": true, "办公电话": "010-88003", "员工名称": "王芳", "员工编码": "E003", "所属部门": "销售一部", "证件号码": "110101199003030033", "证件类型": "身份证"}, {"停用": false, "手机": "13800000004", "编号": "EMP-004", "职务": "业务主管", "职称": "高级", "业务员": true, "办公电话": "010-88004", "员工名称": "陈强", "员工编码": "E004", "所属部门": "国际部", "证件号码": "110101199104040044", "证件类型": "身份证"}, {"停用": false, "手机": "13800000005", "编号": "EMP-005", "职务": "车间主任", "职称": "技师", "业务员": false, "办公电话": "010-88005", "员工名称": "王强", "员工编码": "E005", "所属部门": "熔铸车间", "证件号码": "110101198506060055", "证件类型": "身份证"}, {"停用": false, "手机": "13800000006", "编号": "EMP-006", "职务": "班组长", "职称": "技师", "业务员": false, "办公电话": "010-88006", "员工名称": "李丽", "员工编码": "E006", "所属部门": "轧制车间", "证件号码": "110101198707070066", "证件类型": "身份证"}, {"停用": false, "手机": "13800000007", "编号": "EMP-007", "职务": "工人", "职称": "中级", "业务员": false, "办公电话": "010-88007", "员工名称": "孙涛", "员工编码": "E007", "所属部门": "精整车间", "证件号码": "110101198808080077", "证件类型": "身份证"}, {"停用": false, "手机": "13800000008", "编号": "EMP-008", "职务": "质检员", "职称": "中级", "业务员": false, "办公电话": "010-88008", "员工名称": "赵刚", "员工编码": "E008", "所属部门": "测试车间", "证件号码": "110101199010100088", "证件类型": "身份证"}]}
EQUIP	设备	{"备注": "设备"}	{"equips": [{"停用": false, "备注": "", "编号": "EQUIP-001", "负责人": "王强", "所属部门": "熔铸车间", "设备名称": "锯床-01", "设备编码": "SB001", "产量/小时": 120}, {"停用": false, "备注": "", "编号": "EQUIP-002", "负责人": "李丽", "所属部门": "轧制车间", "设备名称": "锯床-02", "设备编码": "SB002", "产量/小时": 120}, {"停用": false, "备注": "", "编号": "EQUIP-003", "负责人": "李丽", "所属部门": "熔铸车间", "设备名称": "数控车床-03", "设备编码": "SB003", "产量/小时": 80}, {"停用": false, "备注": "", "编号": "EQUIP-004", "负责人": "孙涛", "所属部门": "精整车间", "设备名称": "加工中心-02", "设备编码": "SB004", "产量/小时": 60}, {"停用": false, "备注": "", "编号": "EQUIP-005", "负责人": "赵刚", "所属部门": "测试车间", "设备名称": "检测台-01", "设备编码": "SB005", "产量/小时": 200}, {"停用": false, "备注": "", "编号": "EQUIP-006", "负责人": "赵刚", "所属部门": "测试车间", "设备名称": "检测台-02", "设备编码": "SB006", "产量/小时": 200}]}
INV	INV	{"备注": "存货"}	{"items": [{"停用": false, "品牌": "", "属性": "外购", "参考成本": 5, "存货名称": "包装木箱", "存货编码": "CL005", "建档日期": "2026-01-15", "所属类别": "包装物", "最新成本": 5, "规格型号": "1200×800", "计价方式": "移动平均", "计量单位": "件"}, {"停用": false, "品牌": "", "属性": "外购", "参考成本": 4.2, "存货名称": "45#圆钢", "存货编码": "CL001", "建档日期": "2026-01-05", "所属类别": "原材料", "最新成本": 4.2, "规格型号": "Φ60", "计价方式": "移动平均", "计量单位": "kg"}, {"停用": false, "品牌": "", "属性": "外购", "参考成本": 12.8, "存货名称": "6061铝锭", "存货编码": "CL002", "建档日期": "2026-01-05", "所属类别": "原材料", "最新成本": 12.8, "规格型号": "A00", "计价方式": "移动平均", "计量单位": "kg"}, {"停用": false, "品牌": "", "属性": "外购", "参考成本": 13.5, "存货名称": "6063铝棒", "存货编码": "CL003", "建档日期": "2026-01-05", "所属类别": "原材料", "最新成本": 13.5, "规格型号": "Φ120", "计价方式": "移动平均", "计量单位": "kg"}, {"停用": false, "品牌": "轻铝", "属性": "自制", "参考成本": 10.2, "存货名称": "铝棒 Φ80", "存货编码": "CP001", "建档日期": "2026-01-05", "所属类别": "产成品", "最新成本": 10.2, "规格型号": "Φ80×3000", "计价方式": "移动平均", "计量单位": "件"}, {"停用": false, "品牌": "轻铝", "属性": "自制", "参考成本": 8.6, "存货名称": "铝板 6061", "存货编码": "CP002", "建档日期": "2026-01-05", "所属类别": "产成品", "最新成本": 8.6, "规格型号": "1500×3000×2", "计价方式": "移动平均", "计量单位": "件"}, {"停用": false, "品牌": "轻铝", "属性": "自制", "参考成本": 18.4, "存货名称": "铝型材-散热片", "存货编码": "CP003", "建档日期": "2026-01-06", "所属类别": "产成品", "最新成本": 18.4, "规格型号": "XD-6063-T5", "计价方式": "移动平均", "计量单位": "件"}, {"停用": false, "品牌": "精工", "属性": "自制", "参考成本": 210, "存货名称": "减速箱体 A", "存货编码": "CP004", "建档日期": "2026-01-08", "所属类别": "产成品", "最新成本": 210, "规格型号": "JS-400", "计价方式": "个别计价", "计量单位": "件"}, {"停用": false, "品牌": "精工", "属性": "自制", "参考成本": 4.6, "存货名称": "轴套 C", "存货编码": "CP005", "建档日期": "2026-01-10", "所属类别": "产成品", "最新成本": 4.6, "规格型号": "ZT-C-30", "计价方式": "移动平均", "计量单位": "件"}, {"停用": false, "品牌": "", "属性": "外购", "参考成本": 18, "存货名称": "切削液", "存货编码": "CL004", "建档日期": "2026-01-12", "所属类别": "辅助材料", "最新成本": 18, "规格型号": "20L/桶", "计价方式": "移动平均", "计量单位": "升"}]}
INV_PRICE	存货价格本	{"备注": "存货价格本"}	{"prices": [{"品牌": "轻铝", "备注": "", "编号": "IP-001", "扣率%": 0, "委外价": 0, "建档人": "admin", "操作员": "admin", "采购价": 10.2, "零售价": 19.5, "加价率%": 15, "存货名称": "铝棒 Φ80", "存货编码": "CP001", "最低售价": 12.2, "最新售价": 15.5, "最新进价": 10.2, "最高进价": 10.8, "规格型号": "Φ80×3000", "计量单位": "件", "一级批发价": 14.5, "三级批发价": 13.2, "二级批发价": 13.8, "五级批发价": 12.2, "四级批发价": 12.8, "普通客户价": 15.5, "最高委外价": 0, "最近修改日期": "2026-08-10"}, {"品牌": "轻铝", "备注": "", "编号": "IP-002", "扣率%": 0, "委外价": 0, "建档人": "admin", "操作员": "admin", "采购价": 8.6, "零售价": 16, "加价率%": 15, "存货名称": "铝板 6061", "存货编码": "CP002", "最低售价": 9.8, "最新售价": 12.8, "最新进价": 8.6, "最高进价": 9.2, "规格型号": "1500×3000×2", "计量单位": "件", "一级批发价": 11.8, "三级批发价": 10.6, "二级批发价": 11.2, "五级批发价": 9.8, "四级批发价": 10.2, "普通客户价": 12.8, "最高委外价": 0, "最近修改日期": "2026-08-10"}, {"品牌": "轻铝", "备注": "", "编号": "IP-003", "扣率%": 0, "委外价": 0, "建档人": "admin", "操作员": "admin", "采购价": 18.4, "零售价": 28, "加价率%": 15, "存货名称": "铝型材-散热片", "存货编码": "CP003", "最低售价": 18.2, "最新售价": 22.6, "最新进价": 18.4, "最高进价": 19, "规格型号": "XD-6063-T5", "计量单位": "件", "一级批发价": 21.2, "三级批发价": 19.6, "二级批发价": 20.4, "五级批发价": 18.2, "四级批发价": 18.8, "普通客户价": 22.6, "最高委外价": 0, "最近修改日期": "2026-08-11"}, {"品牌": "精工", "备注": "", "编号": "IP-004", "扣率%": 0, "委外价": 0, "建档人": "admin", "操作员": "admin", "采购价": 210, "零售价": 320, "加价率%": 12, "存货名称": "减速箱体 A", "存货编码": "CP004", "最低售价": 210, "最新售价": 260, "最新进价": 210, "最高进价": 225, "规格型号": "JS-400", "计量单位": "件", "一级批发价": 245, "三级批发价": 225, "二级批发价": 235, "五级批发价": 210, "四级批发价": 218, "普通客户价": 260, "最高委外价": 0, "最近修改日期": "2026-08-11"}, {"品牌": "精工", "备注": "", "编号": "IP-005", "扣率%": 0, "委外价": 0, "建档人": "admin", "操作员": "admin", "采购价": 4.6, "零售价": 9, "加价率%": 15, "存货名称": "轴套 C", "存货编码": "CP005", "最低售价": 4.8, "最新售价": 6.8, "最新进价": 4.6, "最高进价": 5, "规格型号": "ZT-C-30", "计量单位": "件", "一级批发价": 6.2, "三级批发价": 5.4, "二级批发价": 5.8, "五级批发价": 4.8, "四级批发价": 5, "普通客户价": 6.8, "最高委外价": 0, "最近修改日期": "2026-08-12"}]}
OP	工序	{"备注": "工序"}	{"operations": [{"备注": "", "编号": "OP-001", "换算率": 1, "辅单位": "件", "关键工序": false, "加工方式": "自制", "工序名称": "下料", "工序编码": "PX001", "是否停用": false, "计件依据": "合格数量", "默认车间": "熔铸车间", "标准合格率%": 100, "按辅单位计价": false, "默认工资类型": "计件"}, {"备注": "", "编号": "OP-002", "换算率": 1, "辅单位": "件", "关键工序": true, "加工方式": "自制", "工序名称": "车削", "工序编码": "PX002", "是否停用": false, "计件依据": "合格数量", "默认车间": "熔铸车间", "标准合格率%": 98, "按辅单位计价": false, "默认工资类型": "计件"}, {"备注": "", "编号": "OP-003", "换算率": 1, "辅单位": "件", "关键工序": true, "加工方式": "自制", "工序名称": "铣削", "工序编码": "PX003", "是否停用": false, "计件依据": "合格数量", "默认车间": "精整车间", "标准合格率%": 97, "按辅单位计价": false, "默认工资类型": "计件"}, {"备注": "委外工序", "编号": "OP-004", "换算率": 1, "辅单位": "kg", "关键工序": true, "加工方式": "委外", "工序名称": "热处理", "工序编码": "PX005", "是否停用": false, "计件依据": "完工数量", "默认车间": "轧制车间", "标准合格率%": 100, "按辅单位计价": true, "默认工资类型": "计时"}, {"备注": "", "编号": "OP-005", "换算率": 1, "辅单位": "件", "关键工序": false, "加工方式": "自制", "工序名称": "检验", "工序编码": "PX007", "是否停用": false, "计件依据": "完工数量", "默认车间": "测试车间", "标准合格率%": 100, "按辅单位计价": false, "默认工资类型": "计时"}]}
PARTNER	PARTNER-001	{"停用": false, "性质": "客户", "编号": "PARTNER-001", "职位": "", "分管人员": "张伟", "分管部门": "销售一部", "应付余额": 0, "应收余额": 85600, "建档日期": "2026-01-10", "往来余额": 65600, "结算客户": true, "预付余额": 0, "预收余额": 20000, "客户价格等级": "一级批发", "往来单位名称": "华东铝业", "往来单位编码": "KH001"}	{}
PARTNER	PARTNER-002	{"停用": false, "性质": "客户", "编号": "PARTNER-002", "职位": "", "分管人员": "李娜", "分管部门": "销售二部", "应付余额": 0, "应收余额": 120000, "建档日期": "2026-02-15", "往来余额": 120000, "结算客户": true, "预付余额": 0, "预收余额": 0, "客户价格等级": "普通客户", "往来单位名称": "中天精工", "往来单位编码": "KH002"}	{}
PARTNER	PARTNER-003	{"停用": false, "性质": "客户", "编号": "PARTNER-003", "职位": "", "分管人员": "陈强", "分管部门": "国际部", "应付余额": 0, "应收余额": 45000, "建档日期": "2026-03-01", "往来余额": 40000, "结算客户": true, "预付余额": 0, "预收余额": 5000, "客户价格等级": "二级批发", "往来单位名称": "西部材料", "往来单位编码": "KH003"}	{}
PARTNER	PARTNER-004	{"停用": false, "性质": "客户", "编号": "PARTNER-004", "职位": "", "分管人员": "王芳", "分管部门": "销售一部", "应付余额": 0, "应收余额": 0, "建档日期": "2026-04-20", "往来余额": 0, "结算客户": true, "预付余额": 0, "预收余额": 0, "客户价格等级": "普通客户", "往来单位名称": "南方重工", "往来单位编码": "KH004"}	{}
PARTNER	PARTNER-005	{"停用": false, "性质": "两者", "编号": "PARTNER-005", "职位": "", "分管人员": "李娜", "分管部门": "销售二部", "应付余额": 12000, "应收余额": 8000, "建档日期": "2026-05-05", "往来余额": -7000, "结算客户": true, "预付余额": 3000, "预收余额": 0, "客户价格等级": "普通客户", "往来单位名称": "北方机械", "往来单位编码": "KH005"}	{}
PARTNER	PARTNER-006	{"停用": false, "性质": "供应商", "编号": "PARTNER-006", "职位": "", "分管人员": "孙采购", "分管部门": "采购部", "应付余额": 28000, "应收余额": 0, "建档日期": "2026-01-18", "往来余额": 18000, "结算客户": false, "预付余额": 10000, "预收余额": 0, "客户价格等级": "普通客户", "往来单位名称": "华东热处理厂", "往来单位编码": "GYS001"}	{}
PROJ	项目	{"备注": "项目"}	{"projects": [{"停用": false, "编号": "PROJ-001", "所属类别": "工程项目", "项目名称": "铝棒深加工", "项目编码": "XM001"}, {"停用": false, "编号": "PROJ-002", "所属类别": "研发", "项目名称": "散热片批量", "项目编码": "XM002"}, {"停用": true, "编号": "PROJ-003", "所属类别": "工程项目", "项目名称": "厂房扩建", "项目编码": "XM003"}]}
REGION	地区	{"备注": "地区"}	{"regions": [{"编号": "REGION-001", "地区名称": "广东省", "地区编码": "R01"}, {"编号": "REGION-002", "地区名称": "湖南省", "地区编码": "R02"}, {"编号": "REGION-003", "地区名称": "华东区", "地区编码": "R03"}, {"编号": "REGION-004", "地区名称": "华北区", "地区编码": "R04"}]}
REJECT	不合格原因	{"备注": "不合格原因", "单据状态": "启用"}	{"rejects": [{"停用": false, "备注": "", "编号": "REJECT-001", "不合格原因": "公差偏小", "不合格原因编码": "BH01"}, {"停用": false, "备注": "", "编号": "REJECT-002", "不合格原因": "毛刺多", "不合格原因编码": "BH02"}, {"停用": false, "备注": "", "编号": "REJECT-003", "不合格原因": "尺寸不良", "不合格原因编码": "BH03"}, {"停用": false, "备注": "", "编号": "REJECT-004", "不合格原因": "油污", "不合格原因编码": "BH04"}, {"停用": false, "备注": "", "不合格原因": "脏", "不合格原因编码": "BH05"}]}
ROUTE	工艺路线	{"备注": "工艺路线"}	{"processes": [{"停用": false, "编号": "ROUTE-001-1", "换算率": 1, "辅单位": "件", "关键工序": false, "加工方式": "自制", "加工顺序": 1, "工序名称": "下料", "工序编码": "PX001", "工资类型": "计件", "生产车间": "熔铸车间", "计件依据": "合格数量", "委外供应商": "", "标准合格率%": 100, "工艺路线名称": "铝棒 Φ80 加工路线", "工艺路线编码": "GY-001", "按辅单位计价": false, "默认报工数量": 0}, {"停用": false, "编号": "ROUTE-001-2", "换算率": 1, "辅单位": "件", "关键工序": true, "加工方式": "自制", "加工顺序": 2, "工序名称": "车削", "工序编码": "PX002", "工资类型": "计件", "生产车间": "熔铸车间", "计件依据": "合格数量", "委外供应商": "", "标准合格率%": 98, "工艺路线名称": "铝棒 Φ80 加工路线", "工艺路线编码": "GY-001", "按辅单位计价": false, "默认报工数量": 0}, {"停用": false, "编号": "ROUTE-001-3", "换算率": 1, "辅单位": "件", "关键工序": false, "加工方式": "自制", "加工顺序": 3, "工序名称": "检验", "工序编码": "PX007", "工资类型": "计时", "生产车间": "测试车间", "计件依据": "完工数量", "委外供应商": "", "标准合格率%": 100, "工艺路线名称": "铝棒 Φ80 加工路线", "工艺路线编码": "GY-001", "按辅单位计价": false, "默认报工数量": 0}, {"停用": false, "编号": "ROUTE-002-1", "换算率": 1, "辅单位": "件", "关键工序": false, "加工方式": "自制", "加工顺序": 1, "工序名称": "下料", "工序编码": "PX001", "工资类型": "计件", "生产车间": "熔铸车间", "计件依据": "合格数量", "委外供应商": "", "标准合格率%": 100, "工艺路线名称": "减速箱体 A 加工路线", "工艺路线编码": "GY-002", "按辅单位计价": false, "默认报工数量": 0}, {"停用": false, "编号": "ROUTE-002-2", "换算率": 1, "辅单位": "件", "关键工序": true, "加工方式": "自制", "加工顺序": 2, "工序名称": "铣削", "工序编码": "PX003", "工资类型": "计件", "生产车间": "精整车间", "计件依据": "合格数量", "委外供应商": "", "标准合格率%": 97, "工艺路线名称": "减速箱体 A 加工路线", "工艺路线编码": "GY-002", "按辅单位计价": false, "默认报工数量": 0}, {"停用": false, "编号": "ROUTE-002-3", "换算率": 1, "辅单位": "kg", "关键工序": true, "加工方式": "委外", "加工顺序": 3, "工序名称": "热处理", "工序编码": "PX005", "工资类型": "计时", "生产车间": "轧制车间", "计件依据": "完工数量", "委外供应商": "华东热处理厂", "标准合格率%": 100, "工艺路线名称": "减速箱体 A 加工路线", "工艺路线编码": "GY-002", "按辅单位计价": true, "默认报工数量": 0}, {"停用": false, "编号": "ROUTE-002-4", "换算率": 1, "辅单位": "件", "关键工序": false, "加工方式": "自制", "加工顺序": 4, "工序名称": "检验", "工序编码": "PX007", "工资类型": "计时", "生产车间": "测试车间", "计件依据": "完工数量", "委外供应商": "", "标准合格率%": 100, "工艺路线名称": "减速箱体 A 加工路线", "工艺路线编码": "GY-002", "按辅单位计价": false, "默认报工数量": 0}, {"停用": false, "编号": "undefined-1", "换算率": 1, "辅单位": "件", "关键工序": false, "加工方式": "自制", "加工顺序": 1, "工序名称": "下料", "工序编码": "PX001", "工资类型": "计件", "生产车间": "熔铸车间", "计件依据": "合格数量", "委外供应商": "", "标准合格率%": 100, "工艺路线名称": "制门加工路线", "工艺路线编码": "GY-003", "按辅单位计价": false, "默认报工数量": 0}, {"停用": false, "编号": "undefined-2", "换算率": 1, "辅单位": "件", "关键工序": true, "加工方式": "自制", "加工顺序": 2, "工序名称": "车削", "工序编码": "PX002", "工资类型": "计件", "生产车间": "熔铸车间", "计件依据": "合格数量", "委外供应商": "", "标准合格率%": 98, "工艺路线名称": "制门加工路线", "工艺路线编码": "GY-003", "按辅单位计价": false, "默认报工数量": 0}, {"停用": false, "编号": "undefined-3", "换算率": 1, "辅单位": "件", "关键工序": false, "加工方式": "自制", "加工顺序": 3, "工序名称": "检验", "工序编码": "PX007", "工资类型": "计时", "生产车间": "测试车间", "计件依据": "完工数量", "委外供应商": "", "标准合格率%": 100, "工艺路线名称": "制门加工路线", "工艺路线编码": "GY-003", "按辅单位计价": false, "默认报工数量": 0}]}
TEAM	TEAM-001	{"备注": "", "编号": "TEAM-001", "所属部门": "熔铸车间", "是否停用": false, "班组名称": "下料班", "班组编码": "BZ001"}	{}
TEAM	TEAM-002	{"备注": "", "编号": "TEAM-002", "所属部门": "熔铸车间", "是否停用": false, "班组名称": "车工班", "班组编码": "BZ002"}	{}
TEAM	TEAM-003	{"备注": "", "编号": "TEAM-003", "所属部门": "精整车间", "是否停用": false, "班组名称": "铣工班", "班组编码": "BZ003"}	{}
TEAM	TEAM-004	{"备注": "委外", "编号": "TEAM-004", "所属部门": "轧制车间", "是否停用": false, "班组名称": "热处理班", "班组编码": "BZ004"}	{}
TEAM	TEAM-005	{"备注": "", "编号": "TEAM-005", "所属部门": "测试车间", "是否停用": false, "班组名称": "质检班", "班组编码": "BZ005"}	{}
UOM	计量单位	{"备注": "计量单位"}	{"uoms": [{"编号": "UOM-001", "主单位": "件", "换算率": 1, "单位类型": "单计量", "计量单位名称": "件", "计量单位编码": "U01"}, {"编号": "UOM-002", "主单位": "kg", "换算率": 1, "单位类型": "单计量", "计量单位名称": "kg", "计量单位编码": "U02"}, {"编号": "UOM-003", "主单位": "套", "换算率": 1, "单位类型": "单计量", "计量单位名称": "套", "计量单位编码": "U03"}, {"编号": "UOM-004", "主单位": "升", "换算率": 1, "单位类型": "单计量", "计量单位名称": "升", "计量单位编码": "U04"}, {"编号": "UOM-005", "主单位": "台", "换算率": 1, "单位类型": "单计量", "计量单位名称": "台", "计量单位编码": "U05"}, {"编号": "UOM-006", "主单位": "kg", "换算率": 1000, "单位类型": "多计量", "计量单位名称": "吨", "计量单位编码": "U06"}, {"主单位": "g", "换算率": 1, "单位类型": "单计量", "计量单位名称": "g", "计量单位编码": "U07"}, {"主单位": "1", "换算率": 2, "单位类型": "单计量", "计量单位名称": "2", "计量单位编码": "U08"}]}
WC	工作中心	{"备注": "工作中心"}	{"workcenters": [{"停用": false, "备注": "", "工人": "王强", "班组": "下料班", "简称": "RZ", "编号": "WC-001", "设备": "锯床-01", "负责人": "王强", "所属分类": "生产线", "所属部门": "熔铸车间", "产量/小时": 120, "工作中心名称": "熔铸中心", "工作中心编码": "WC-01", "工作时间取值": "班次时间", "加班时间（小时）": 2, "工作时间（小时）": 8}, {"停用": false, "备注": "", "工人": "李丽", "班组": "热处理班", "简称": "ZZ", "编号": "WC-002", "设备": "锯床-02", "负责人": "李丽", "所属分类": "生产线", "所属部门": "轧制车间", "产量/小时": 100, "工作中心名称": "轧制中心", "工作中心编码": "WC-02", "工作时间取值": "班次时间", "加班时间（小时）": 0, "工作时间（小时）": 8}, {"停用": false, "备注": "", "工人": "孙涛", "班组": "车工班", "简称": "JJ", "编号": "WC-003", "设备": "数控车床-03", "负责人": "孙涛", "所属分类": "加工中心", "所属部门": "精整车间", "产量/小时": 60, "工作中心名称": "机加中心", "工作中心编码": "WC-03", "工作时间取值": "班次时间", "加班时间（小时）": 1, "工作时间（小时）": 8}, {"停用": false, "备注": "", "工人": "赵刚", "班组": "质检班", "简称": "JC", "编号": "WC-004", "设备": "检测台-01", "负责人": "赵刚", "所属分类": "检测中心", "所属部门": "测试车间", "产量/小时": 200, "工作中心名称": "检测中心", "工作中心编码": "WC-04", "工作时间取值": "日历时间", "加班时间（小时）": 0, "工作时间（小时）": 8}]}
WH	仓库	{"备注": "仓库"}	{"stores": [{"停用": false, "备注": "", "编号": "WH-001", "负责人": "陈仓管", "仓库名称": "原料仓", "仓库地址": "厂区东侧", "仓库编码": "CK01", "允许零库存出库": false}, {"停用": false, "备注": "", "编号": "WH-002", "负责人": "陈仓管", "仓库名称": "辅料仓", "仓库地址": "厂区东侧", "仓库编码": "CK02", "允许零库存出库": false}, {"停用": false, "备注": "", "编号": "WH-003", "负责人": "陈仓管", "仓库名称": "成品仓", "仓库地址": "厂区西侧", "仓库编码": "CK03", "允许零库存出库": false}, {"停用": false, "备注": "", "编号": "WH-004", "负责人": "陈仓管", "仓库名称": "半成品仓", "仓库地址": "车间中部", "仓库编码": "CK04", "允许零库存出库": false}, {"停用": false, "备注": "", "编号": "WH-005", "负责人": "陈仓管", "仓库名称": "不良品仓", "仓库地址": "厂区南侧", "仓库编码": "CK05", "允许零库存出库": false}]}
