ord	panel_code	col_name	label	place	seq	data_type	width	flags	alias	ref_panel	ref_field	display_field	ref_filter	dict_sql	label_en	col_group
1	QC_RECV	单据编号	单号	query,header	10	文本	140	-R-V		GFDA	mc	mc				
2	QC_RECV	单据编号	单号	detail	10	文本	150	---V		GFDA	mc	mc				
3	QC_RECV	单据日期	单据日期	query,header	20	日期	120	ER-V		GFDA	mc	mc				
4	QC_RECV	物料编码	物料编码	query,detail	20	参照	130	ER-V		INV	存货编码	存货名称				
5	QC_RECV	业务员	业务员	query,header	30	参照	100	E--V		EMP	员工名称	员工名称				
6	QC_RECV	采购单号	采购单号	detail	30	参照	140	E--V		PU_ORDER	单据编号	单据编号				
7	QC_RECV	供应商代码	供应商代码	query,header	40	参照	130	E--V		GFDA	dm	mc				
8	QC_RECV	采购订单行号	采购订单行号	detail	40	文本	110	E--V		GFDA	mc	mc				
9	QC_RECV	供应商	供应商	query,header	50	参照	180	E--V		GFDA	mc	mc				
10	QC_RECV	物料名称	物料名称	detail	50	参照	160	E--V		INV	存货名称	存货名称				
11	QC_RECV	规格型号	规格型号	detail	60	文本	140	E--V		GFDA	mc	mc				
12	QC_RECV	金额	金额	header	60	小数	100	E-H-		GFDA	mc	mc				
13	QC_RECV	税额	税额	header	70	小数	100	E-H-		GFDA	mc	mc				
14	QC_RECV	批次号	批次号	detail	70	文本	150	---V								
15	QC_RECV	物料描述	物料描述	detail	80	文本	200	E--V		GFDA	mc	mc				
16	QC_RECV	总金额	总金额	header	80	小数	100	E-H-		GFDA	mc	mc				
17	QC_RECV	单价	单价	detail	90	小数	90	E--V		GFDA	mc	mc				
18	QC_RECV	来料性质	来料性质	query,header	90	文本	110	E--V		GFDA	mc	mc				
19	QC_RECV	部门	部门	header	100	参照	120	E--V		DEPT	部门名称	部门名称				
20	QC_RECV	数量	数量	detail	100	小数	100	E--V		GFDA	mc	mc				
21	QC_RECV	仓库	仓库	query,header	110	参照	150	E-H-		WH	仓库名称	仓库名称				
22	QC_RECV	计量单位	计量单位	detail	110	文本	90	E--V		GFDA	mc	mc				
23	QC_RECV	部门名称	部门名称	header	120	文本	120	E-H-		GFDA	mc	mc				
24	QC_RECV	数量2	数量2	detail	120	小数	90	E--V		GFDA	mc	mc				
25	QC_RECV	计量单位2	计量单位2	detail	130	文本	90	E--V		GFDA	mc	mc				
26	QC_RECV	批次号	批次号	query,header	130	文本	160	E--V								
27	QC_RECV	数量	数量	header	140	小数	100	E-H-		GFDA	mc	mc				
28	QC_RECV	金额	金额	detail	140	小数	100	E--V		GFDA	mc	mc				
29	QC_RECV	附件1	附件1	header	150	附件	220	E--V		GFDA	mc	mc				
30	QC_RECV	日期	日期	detail	150	日期	110	E--V		GFDA	mc	mc				
31	QC_RECV	附件2	附件2	header	160	附件	220	E--V		GFDA	mc	mc				
32	QC_RECV	税率%	税率%	detail	160	小数	80	E--V		GFDA	mc	mc				
33	QC_RECV	附件3	附件3	header	170	附件	220	E--V		GFDA	mc	mc				
34	QC_RECV	含税单价	含税单价	detail	170	小数	100	E--V		GFDA	mc	mc				
35	QC_RECV	附件4	附件4	header	180	附件	220	E--V		GFDA	mc	mc				
36	QC_RECV	税额	税额	detail	180	小数	90	E--V		GFDA	mc	mc				
37	QC_RECV	附件5	附件5	header	190	附件	220	E--V		GFDA	mc	mc				
38	QC_RECV	含税金额	含税金额	detail	190	小数	100	E--V		GFDA	mc	mc				
39	QC_RECV	附件6	附件6	header	200	附件	220	E--V		GFDA	mc	mc				
40	QC_RECV	折扣	折扣	detail	200	小数	80	E-H-		GFDA	mc	mc				
41	QC_RECV	供应商	供应商	detail	210	参照	160	E-H-		GFDA	mc	mc				
42	QC_RECV	采购订单号	采购订单号	query,header	210	文本	150	E--V		GFDA	mc	mc				
43	QC_RECV	入库数量	入库数量	detail	220	小数	100	E-H-		GFDA	mc	mc				
44	QC_RECV	审核人	审核人	header	220	参照	100	---V		EMP	员工名称	员工名称				
45	QC_RECV	入库单号	入库单号	detail	230	文本	130	E-H-		GFDA	mc	mc				
46	QC_RECV	审核时间	审核时间	header	230	文本	140	---V		GFDA	mc	mc				
47	QC_RECV	领料单号	领料单号	detail	240	文本	130	E-H-		GFDA	mc	mc				
48	QC_RECV	批次键	批次键	header	240	整数	80	--H-		GFDA	mc	mc				
49	QC_RECV	结案	结案	detail	250	下拉框	80	E-H-		GFDA	mc	mc		SELECT v FROM (VALUES (N'是'),(N'否')) AS t(v)		
50	QC_RECV	税别代码	税别代码	detail	260	文本	100	E-H-		GFDA	mc	mc				
51	QC_RECV	税别说明	税别说明	detail	270	文本	120	E-H-		GFDA	mc	mc				
52	QC_RECV	总金额	总金额	detail	280	小数	100	E-H-		GFDA	mc	mc				
53	QC_RECV	订单号	订单号	detail	290	参照	140	E-H-		SO_ORDER	单据编号	单据编号				
54	QC_RECV	箱数	箱数	detail	300	小数	80	E-H-		GFDA	mc	mc				
55	QC_RECV	部门	部门	detail	310	参照	100	E-H-		DEPT	部门名称	部门名称				
56	QC_RECV	部门名称	部门名称	detail	320	文本	100	E-H-		GFDA	mc	mc				
57	QC_RECV	折扣%	折扣%	detail	330	小数	80	E--V		GFDA	mc	mc				
58	QC_RECV	预计到货日期	预计到货日期	detail	340	日期	120	E--V		GFDA	mc	mc				
59	QC_RECV	备注	备注	detail	350	文本	200	E--V		GFDA	mc	mc				
60	QC_RECV	现存量	现存量	detail	360	小数	90	E-H-		GFDA	mc	mc				
61	QC_RECV	仓库	仓库	detail	370	文本	120	E-H-		GFDA	mc	mc				
62	QC_RECV	折扣金额	折扣金额	detail	380	小数	100	E-H-		GFDA	mc	mc				
63	QC_RECV	条码	条码	query,detail	390	文本	140	E-H-		GFDA	mc	mc				
64	QC_RECV	发货数量	发货数量	detail	400	小数	100	E-H-		GFDA	mc	mc				
65	QC_RECV	剩余数量	剩余数量	detail	410	小数	100	E-H-		GFDA	mc	mc				
66	QC_RECV	退料数量	退料数量	detail	420	小数	100	E-H-		GFDA	mc	mc				
67	QC_RECV	报废数量	报废数量	detail	430	小数	100	E-H-		GFDA	mc	mc				
68	QC_RECV	制单号	制单号	detail	440	文本	130	E-H-		GFDA	mc	mc				
69	QC_RECV	品质复核人	品质复核人	detail	450	参照	100	E-H-		EMP	员工名称	员工名称				
70	QC_RECV	品质复核时间	品质复核时间	detail	460	文本	140	E-H-		GFDA	mc	mc				
1	QC_INSP	单据编号	单据编号	query,header	10	文本	140	-R-V		GFDA	mc	mc			Document Number	
2	QC_INSP	物料编码	物料编码	query,detail	10	参照	120	ER-V		INV	存货编码	存货名称			Material Code	
3	QC_INSP	单据日期	单据日期	query,header	20	日期	120	ER-V		GFDA	mc	mc			Document Date	
4	QC_INSP	物料名称	物料名称	detail	20	参照	160	E--V		INV	存货名称	存货名称			Material Name	
5	QC_INSP	规格型号	规格型号	detail	30	文本	140	E--V		GFDA	mc	mc			Specification	
6	QC_INSP	业务员	业务员	header	30	参照	100	E--V		EMP	员工名称	员工名称			Salesperson	
7	QC_INSP	暂收单号	暂收单号	query,header	40	参照	140	E--V		QC_RECV	单号	单号				
8	QC_INSP	采购订单行号	采购订单行号	detail	40	文本	110	E--V		GFDA	mc	mc				
9	QC_INSP	单位	单位	detail	50	参照	70	E-H-		UOM	计量单位名称	计量单位名称			UOM	
10	QC_INSP	采购订单号	采购订单号	query,header	50	文本	150	E--V		GFDA	mc	mc			Purchase Order Number	
11	QC_INSP	单价	单价	detail	60	小数	100	E--V		GFDA	mc	mc			Unit Price	
12	QC_INSP	批次号	批次号	query,header	60	文本	160	---V								
13	QC_INSP	供应商	供应商	query,header	70	参照	180	E--V		GFDA	mc	mc			Vendor	
14	QC_INSP	计量单位	计量单位	detail	70	参照	90	E--V		UOM	计量单位名称	计量单位名称			Unit of measurement	
15	QC_INSP	送检数量	送检数量	detail	80	小数	100	E--V		GFDA	mc	mc				
16	QC_INSP	供应商代码	供应商代码	query,header	80	文本	130	E--V		GFDA	dm	mc				
17	QC_INSP	合格数量	合格数量	detail	90	小数	100	ER-V		GFDA	mc	mc				
18	QC_INSP	部门	部门	header	90	参照	140	E--V		DEPT	部门名称	部门名称				
19	QC_INSP	不合格数量	不合格数量	detail	100	小数	100	E--V		GFDA	mc	mc				
20	QC_INSP	部门编码	部门编码	header	100	参照	140	E--V		DEPT	部门编码	部门名称				
21	QC_INSP	检验员	检验员	header	110	参照	100	E--V		EMP	员工名称	员工名称				
22	QC_INSP	报废数量	报废数量	detail	110	小数	100	E-H-		GFDA	mc	mc				
23	QC_INSP	检验日期	检验日期	header	120	日期	120	E--V		GFDA	mc	mc				
24	QC_INSP	损耗	损耗	detail	120	小数	90	E--V		GFDA	mc	mc				
25	QC_INSP	检验编号	检验编号	query,header	130	文本	130	E--V		GFDA	mc	mc				
26	QC_INSP	损耗率	损耗率	detail	130	小数	90	E--V		GFDA	mc	mc				
27	QC_INSP	检验方案	检验方案	header	140	参照	140	E--V		QC_PLAN	方案名称	方案名称			Inspection Plan	
28	QC_INSP	生产日期	生产日期	detail	140	日期	120	E--V		GFDA	mc	mc				
29	QC_INSP	执行标准	执行标准	query,header	150	文本	180	E--V		GFDA	mc	mc				
30	QC_INSP	批次号	批次号	detail	150	文本	150	---V								
31	QC_INSP	处置方式	处置方式	detail	160	下拉框	100	E-H-		GFDA	mc	mc		SELECT v FROM (VALUES (N'入库'),(N'退货'),(N'让步入库')) AS t(v)		
32	QC_INSP	检验类型	检验类型	header	160	下拉框	100	E--V		GFDA	mc	mc		SELECT v FROM (VALUES (N'全检'),(N'抽检'),(N'免检')) AS t(v)		
33	QC_INSP	总结论	总结论	query,header	170	下拉框	100	E--V		GFDA	mc	mc		SELECT v FROM (VALUES (N'合格'),(N'不合格'),(N'让步接收')) AS t(v)		
34	QC_INSP	条码	条码	query,detail	170	文本	140	E-H-		GFDA	mc	mc				
35	QC_INSP	成品编号	成品编号	detail	180	文本	130	E-H-		GFDA	mc	mc				
36	QC_INSP	附件1	附件1	header	180	附件	220	E--V		GFDA	mc	mc				
37	QC_INSP	物料描述	物料描述	detail	190	文本	160	E-H-		GFDA	mc	mc				
38	QC_INSP	附件2	附件2	header	190	附件	220	E--V		GFDA	mc	mc				
39	QC_INSP	箱数	箱数	detail	200	小数	80	E-H-		GFDA	mc	mc				
40	QC_INSP	附件3	附件3	header	200	附件	220	E--V		GFDA	mc	mc				
41	QC_INSP	日期	日期	detail	210	文本	100	E-H-		GFDA	mc	mc			Date	
42	QC_INSP	附件4	附件4	header	210	附件	220	E--V		GFDA	mc	mc				
43	QC_INSP	结案	结案	detail	220	文本	80	E-H-		GFDA	mc	mc				
44	QC_INSP	附件5	附件5	header	220	附件	220	E--V		GFDA	mc	mc				
45	QC_INSP	部门	部门	detail	230	参照	100	E-H-		DEPT	部门名称	部门名称			Department	
46	QC_INSP	附件6	附件6	header	230	附件	220	E--V		GFDA	mc	mc				
47	QC_INSP	备注	备注	header,detail	240	文本	220	E-H-		GFDA	mc	mc			Remark	
48	QC_INSP	单据状态	单据状态	query,header	240	文本	90	--H-		GFDA	mc	mc			Doc status	
49	QC_INSP	部门名称	部门名称	detail	250	文本	100	E-H-		GFDA	mc	mc			Department Name	
50	QC_INSP	审核人	审核人	header	260	参照	90	---V		EMP	员工名称	员工名称			Approved by	
51	QC_INSP	入库单号	入库单号	detail	260	文本	130	---V		GFDA	mc	mc			Receipt No.	
52	QC_INSP	审核时间	审核时间	header	270	文本	140	---V		GFDA	mc	mc			Approved at	
53	QC_INSP	仓库代码	仓库代码	detail	270	文本	120	E-H-		GFDA	mc	mc			Warehouse Code	
54	QC_INSP	批次键	批次键	header	280	整数	80	--H-		GFDA	mc	mc				
1	QC_RETURN	单据编号	单据编号	query,header	10	文本	140	-R-V							Document Number	
2	QC_RETURN	单据日期	单据日期	query,header	20	日期	120	ER-V							Document Date	
3	QC_RETURN	物料编码	物料编码	query,detail	20	参照	120	ER-V		INV	存货编码	存货名称			Material Code	
4	QC_RETURN	检验单号	检验单号	query,header	30	参照	140	E--V		QC_INSP	单据编号	单据编号				
5	QC_RETURN	物料名称	物料名称	detail	30	参照	160	E--V		INV	存货名称	存货名称			Material Name	
6	QC_RETURN	规格型号	规格型号	detail	40	文本	140	E--V							Specification	
7	QC_RETURN	采购订单号	采购订单号	query,header	40	文本	150	E--V							Purchase Order Number	
8	QC_RETURN	批次号	批次号	query,header	50	文本	160	---V								
9	QC_RETURN	供应商	供应商	query,header	60	参照	180	E--V		GFDA	mc	mc			Vendor	
10	QC_RETURN	单位	单位	detail	60	参照	70	E-H-		UOM	计量单位名称	计量单位名称			UOM	
11	QC_RETURN	单价	单价	detail	70	小数	90	E--V							Unit Price	
12	QC_RETURN	退货类型	退货类型	header	70	下拉框	110	E--V						SELECT v FROM (VALUES (N'退供应商'),(N'报废'),(N'让步接收')) AS t(v)		
13	QC_RETURN	退货数量	退货数量	detail	80	小数	100	ER-V								
14	QC_RETURN	仓库	仓库	query,header	80	参照	150	E--V		WH	仓库名称	仓库名称			Warehouse	
15	QC_RETURN	送检数量	送检数量	detail	85	小数	100	---V								
16	QC_RETURN	特采	特采	detail	88	是否	60	E--V								
17	QC_RETURN	退货原因	退货原因	header	90	文本	260	E--V							Reason for return	
18	QC_RETURN	计量单位	计量单位	detail	90	参照	90	E--V		UOM	计量单位名称	计量单位名称			Unit of measurement	
19	QC_RETURN	经手人	经手人	header	100	参照	100	E--V		EMP	员工名称	员工名称			Person in charge	
20	QC_RETURN	采购订单行号	采购订单行号	detail	100	文本	110	E--V								
21	QC_RETURN	单据状态	单据状态	query,header	110	文本	90	---V							Doc status	
22	QC_RETURN	不良原因	不良原因	query,detail	110	参照	150	E--V		REJECT	不合格原因	不合格原因				
23	QC_RETURN	审核人	审核人	header	120	参照	90	---V		EMP	员工名称	员工名称			Approved by	
24	QC_RETURN	报废数量	报废数量	detail	120	小数	100	E-H-								
25	QC_RETURN	审核时间	审核时间	header	130	文本	140	---V							Approved at	
26	QC_RETURN	剩余数量	剩余数量	detail	130	小数	100	E-H-								
27	QC_RETURN	备注	备注	header,detail	140	文本	220	E--V							Remark	
28	QC_RETURN	附件1	附件1	header	150	附件	220	E--V								
29	QC_RETURN	附件2	附件2	header	160	附件	220	E--V								
30	QC_RETURN	附件3	附件3	header	170	附件	220	E--V								
31	QC_RETURN	附件4	附件4	header	180	附件	220	E--V								
32	QC_RETURN	附件5	附件5	header	190	附件	220	E--V								
33	QC_RETURN	附件6	附件6	header	200	附件	220	E--V								
34	QC_RETURN	批次号	批次号	detail	206	文本	150	---V								
1	PURCHASE_IN	存货编码	存货编码	query,detail	10	参照	120	ER-V		INV	存货编码	存货名称			Inventory Code	
2	PURCHASE_IN	单据日期	单据日期	query,header	10	日期	140	ER-V							Document Date	
3	PURCHASE_IN	单据编号	单据编号	query,header	20	文本	140	ER-V							Document Number	
4	PURCHASE_IN	存货名称	存货名称	detail	20	参照	140	ER-V		INV	存货名称	存货名称			Inventory Name	
5	PURCHASE_IN	规格型号	规格型号	detail	30	文本	140	E--V							Specification	
6	PURCHASE_IN	入库类别	入库类别	query,header	30	下拉框	110	E--V						SELECT v FROM (VALUES (N'采购入库'),(N'其他入库')) AS t(v)	In type	
7	PURCHASE_IN	汇率	汇率	header	40	小数	110	E--V							Exchange rate	
8	PURCHASE_IN	实收数量	实收数量	detail	40	小数	110	ER-V							Actual received quantity	
9	PURCHASE_IN	供应商编码	供应商编码	query,header	50	参照	140	E--V		GFDA	dm	mc			Vendor code	
10	PURCHASE_IN	计量单位	计量单位	detail	50	下拉框	140	ER-V						SELECT v FROM (VALUES (N'件'),(N'kg'),(N'套'),(N'升')) AS t(v)	Unit of measurement	
11	PURCHASE_IN	供应商	供应商	query,header	60	参照	140	ER-V		GFDA	mc	mc			Vendor	
12	PURCHASE_IN	实收数量2	实收数量2	detail	60	小数	110	E--V							Paid-in quantity 2	
13	PURCHASE_IN	计量单位2	计量单位2	detail	70	下拉框	140	E--V						SELECT v FROM (VALUES (N'件'),(N'kg'),(N'套'),(N'升')) AS t(v)	Unit of measurement 2	
14	PURCHASE_IN	匹配来源单号	匹配来源单号	query,header	70	文本	130	E-H-							Matched source no.	
15	PURCHASE_IN	经手人	经手人	query,header	80	参照	140	E--V		EMP	员工名称	员工名称			Person in charge	
16	PURCHASE_IN	单价	单价	detail	80	小数	110	ER-V							Unit Price	
17	PURCHASE_IN	金额	金额	detail	90	小数	110	E--V							Amount	
18	PURCHASE_IN	附件1	附件1	header	90	附件	220	E--V								
19	PURCHASE_IN	税率%	税率%	detail	100	小数	110	E--V						SELECT v FROM (VALUES (N'0'),(N'3'),(N'6'),(N'9'),(N'13')) AS t(v)	Tax rate%	
20	PURCHASE_IN	附件2	附件2	header	100	附件	220	E--V								
21	PURCHASE_IN	含税单价	含税单价	detail	110	小数	110	E--V							Unit price including tax	
22	PURCHASE_IN	附件3	附件3	header	110	附件	220	E--V								
23	PURCHASE_IN	含税金额	含税金额	detail	120	小数	110	E--V							Incl. tax amt	
24	PURCHASE_IN	附件4	附件4	header	120	附件	220	E--V								
25	PURCHASE_IN	批号	批号	detail	130	文本	120	E-H-							Lot No.	
26	PURCHASE_IN	附件5	附件5	header	130	附件	220	E--V								
27	PURCHASE_IN	是否来料检验	是否来料检验	detail	140	下拉框	90	---V						SELECT v FROM (VALUES (N'是'),(N'否')) AS t(v)		
28	PURCHASE_IN	附件6	附件6	header	140	附件	220	E--V								
29	PURCHASE_IN	特采	特采	detail	150	下拉框	90	---V						SELECT v FROM (VALUES (N'是'),(N'否')) AS t(v)		
30	PURCHASE_IN	验货人	验货人	query,header	150	参照	100	E-H-		EMP	员工名称	员工名称			Inspector	
31	PURCHASE_IN	行号	行号	detail	160	文本	120	E-H-							Line No.	
32	PURCHASE_IN	采购订单号	采购订单号	header	160	文本	140	E--V							Purchase Order Number	
33	PURCHASE_IN	现存量	现存量	detail	170	小数	110	E--V							Current inventory	
34	PURCHASE_IN	来源单据	来源单据	query,header	170	文本	110	E-H-							Source doc	
35	PURCHASE_IN	创建时间	创建时间	header	180	日期	130	E--V							Created at	
36	PURCHASE_IN	商品id	商品id	detail	180	文本	120	E-H-								
37	PURCHASE_IN	来源单号	来源单号	query,header	190	文本	120	E-H-							Source no.	
38	PURCHASE_IN	仓库	仓库	detail	190	参照	140	ER-V		WH	仓库名称	仓库名称				
39	PURCHASE_IN	单据关闭状态	单据关闭状态	header	200	文本	130	E-H-								
40	PURCHASE_IN	商品是否多单位	商品是否多单位	detail	200	文本	120	E-H-								
41	PURCHASE_IN	商品是否序列号	商品是否序列号	detail	210	文本	120	E-H-								
42	PURCHASE_IN	销售订单号	销售订单号	query,header	210	文本	130	E-H-							Sales order no.	
43	PURCHASE_IN	经手人编码	经手人编码	header	220	文本	130	E-H-							Handler code	
44	PURCHASE_IN	商品是否辅助属性	商品是否辅助属性	detail	220	文本	120	E-H-								
45	PURCHASE_IN	交货方式	交货方式	header	230	文本	130	E--V								
46	PURCHASE_IN	商品是否保质期	商品是否保质期	detail	230	文本	120	E-H-								
47	PURCHASE_IN	交货方式编码	交货方式编码	header	240	文本	130	E-H-								
48	PURCHASE_IN	商品是否批次	商品是否批次	detail	240	文本	120	E-H-								
49	PURCHASE_IN	结算状态	结算状态	header	250	文本	130	E--V								
50	PURCHASE_IN	仓库id	仓库id	detail	250	文本	120	E-H-								
51	PURCHASE_IN	修改时间	修改时间	header	260	日期	130	E-H-								
52	PURCHASE_IN	仓库启用仓位管理	仓库启用仓位管理	detail	260	文本	120	E-H-								
53	PURCHASE_IN	创建人	创建人	header	270	文本	130	E-H-								
54	PURCHASE_IN	仓位id	仓位id	detail	270	文本	120	E-H-								
55	PURCHASE_IN	修改人	修改人	header	280	文本	130	E-H-								
56	PURCHASE_IN	仓位名称	仓位名称	detail	280	文本	120	E-H-								
57	PURCHASE_IN	源单行号	采购订单行号	detail	290	文本	110	E--V								
58	PURCHASE_IN	批次号	批次号	query,header	290	文本	160	---V								
59	PURCHASE_IN	辅助属性id	辅助属性id	detail	300	文本	120	E-H-								
60	PURCHASE_IN	ERP单号	ERP单号	header	300	文本	120	---V								
61	PURCHASE_IN	转ERP操作人	转ERP操作人	header	310	文本	100	---V								
62	PURCHASE_IN	批次号	批次号	detail	310	文本	150	---V								
63	PURCHASE_IN	辅助属性名称	辅助属性名称	detail	320	文本	120	E-H-								
64	PURCHASE_IN	转ERP时间	转ERP时间	header	320	日期	130	---V								
65	PURCHASE_IN	辅助属性编码	辅助属性编码	detail	330	文本	120	E-H-								
66	PURCHASE_IN	是否已转ERP	是否已转ERP	header	330	文本	80	--H-								
67	PURCHASE_IN	部门	部门	header	340	参照	130	E-H-		DEPT	部门名称	部门名称			Department	
68	PURCHASE_IN	辅助属性1id	辅助属性1id	detail	340	文本	120	E-H-								
69	PURCHASE_IN	部门编码	部门编码	header	350	参照	130	E-H-		DEPT	部门编码	部门名称			Department Code	
70	PURCHASE_IN	辅助属性1名称	辅助属性1名称	detail	350	文本	120	E-H-								
71	PURCHASE_IN	客户	客户	header	360	文本	130	E-H-							Customer	
72	PURCHASE_IN	辅助属性1编码	辅助属性1编码	detail	360	文本	120	E-H-								
73	PURCHASE_IN	客户编码	客户编码	header	370	文本	130	E-H-							Customer Code	
74	PURCHASE_IN	辅助属性2id	辅助属性2id	detail	370	文本	120	E-H-								
75	PURCHASE_IN	联系人电话	联系人电话	header	380	文本	130	E--V								
76	PURCHASE_IN	辅助属性2名称	辅助属性2名称	detail	380	文本	120	E-H-								
77	PURCHASE_IN	联系人国家名称	联系人国家名称	header	390	文本	130	E-H-								
78	PURCHASE_IN	辅助属性2编码	辅助属性2编码	detail	390	文本	120	E-H-								
79	PURCHASE_IN	联系人国家编码	联系人国家编码	header	400	文本	130	E-H-								
80	PURCHASE_IN	辅助属性3id	辅助属性3id	detail	400	文本	120	E-H-								
81	PURCHASE_IN	联系人省份名称	联系人省份名称	header	410	文本	130	E-H-								
82	PURCHASE_IN	辅助属性3名称	辅助属性3名称	detail	410	文本	120	E-H-								
83	PURCHASE_IN	联系人省份编码	联系人省份编码	header	420	文本	130	E-H-								
84	PURCHASE_IN	辅助属性3编码	辅助属性3编码	detail	420	文本	120	E-H-								
85	PURCHASE_IN	联系人市区名称	联系人市区名称	header	430	文本	130	E-H-								
86	PURCHASE_IN	条形码	条形码	detail	430	文本	120	E-H-								
87	PURCHASE_IN	联系人市区编码	联系人市区编码	header	440	文本	130	E-H-								
88	PURCHASE_IN	产地	产地	detail	440	文本	120	E-H-								
89	PURCHASE_IN	联系人区县名称	联系人区县名称	header	450	文本	130	E-H-								
90	PURCHASE_IN	注册证号	注册证号	detail	450	文本	120	E-H-								
91	PURCHASE_IN	联系人区县编码	联系人区县编码	header	460	文本	130	E-H-								
92	PURCHASE_IN	生产许可证	生产许可证	detail	460	文本	120	E-H-								
93	PURCHASE_IN	联系地址	联系地址	header	470	文本	130	E-H-								
94	PURCHASE_IN	保质期到期日	保质期到期日	detail	470	日期	120	E-H-								
95	PURCHASE_IN	付款方式	付款方式	header	480	文本	130	E-H-							Payment Method	
96	PURCHASE_IN	有效期至	有效期至	detail	480	文本	120	E-H-								
97	PURCHASE_IN	预付金额	预付金额	header	490	文本	130	E-H-								
98	PURCHASE_IN	保质期类型	保质期类型	detail	490	文本	120	E-H-								
99	PURCHASE_IN	付款账户	付款账户	header	500	文本	130	E-H-								
100	PURCHASE_IN	保质期	保质期	detail	500	文本	120	E-H-								
101	PURCHASE_IN	保险金额	保险金额	header	510	文本	130	E-H-								
102	PURCHASE_IN	序列号清单	序列号清单	detail	510	文本	120	E-H-								
103	PURCHASE_IN	到期日	到期日	header	520	日期	130	E--V								
104	PURCHASE_IN	序列号流转ID	序列号流转ID	detail	520	文本	120	E-H-								
105	PURCHASE_IN	结算期限编码	结算期限编码	header	530	文本	130	E-H-								
106	PURCHASE_IN	基本单位id	基本单位id	detail	530	文本	120	E-H-								
107	PURCHASE_IN	结算期限	结算期限	header	540	文本	130	E-H-								
108	PURCHASE_IN	基本单位名称	基本单位名称	detail	540	文本	120	E-H-								
109	PURCHASE_IN	发货人	发货人	header	550	文本	130	E-H-							Shipper	
110	PURCHASE_IN	基本单位编码	基本单位编码	detail	550	文本	120	E-H-								
111	PURCHASE_IN	发货电话	发货电话	header	560	文本	130	E-H-								
112	PURCHASE_IN	单位id	单位id	detail	560	文本	120	E-H-								
113	PURCHASE_IN	发货地址	发货地址	header	570	文本	130	E-H-								
114	PURCHASE_IN	单位编码	单位编码	detail	570	文本	120	E-H-								
115	PURCHASE_IN	发货国家名称	发货国家名称	header	580	文本	130	E-H-								
116	PURCHASE_IN	辅助单位id	辅助单位id	detail	580	文本	120	E-H-								
117	PURCHASE_IN	发货国家编码	发货国家编码	header	590	文本	130	E-H-								
118	PURCHASE_IN	辅助单位编码	辅助单位编码	detail	590	文本	120	E-H-								
119	PURCHASE_IN	发货省份名称	发货省份名称	header	600	文本	130	E-H-								
120	PURCHASE_IN	换算率2	换算率2	detail	600	文本	120	E-H-								
121	PURCHASE_IN	发货省份编码	发货省份编码	header	610	文本	130	E-H-								
122	PURCHASE_IN	基本数量	基本数量	detail	610	文本	120	E-H-								
123	PURCHASE_IN	发货市区名称	发货市区名称	header	620	文本	130	E-H-								
124	PURCHASE_IN	库存基本数量	库存基本数量	detail	620	文本	120	E-H-								
125	PURCHASE_IN	发货市区编码	发货市区编码	header	630	文本	130	E-H-								
126	PURCHASE_IN	默认浮动数量	默认浮动数量	detail	630	文本	120	E-H-								
127	PURCHASE_IN	发货区县名称	发货区县名称	header	640	文本	130	E-H-								
128	PURCHASE_IN	辅助换算系数	辅助换算系数	detail	640	文本	120	E-H-								
129	PURCHASE_IN	发货区县编码	发货区县编码	header	650	文本	130	E-H-								
130	PURCHASE_IN	换算系数	换算系数	detail	650	文本	120	E-H-								
131	PURCHASE_IN	仓库编码	仓库编码	header	660	参照	130	E-H-		WH	仓库编码	仓库名称			Warehouse Code	
132	PURCHASE_IN	折扣额	折扣额	detail	660	文本	120	E-H-								
133	PURCHASE_IN	仓位	仓位	header	670	文本	130	E-H-								
134	PURCHASE_IN	源单编号	源单编号	detail	670	文本	120	E-H-								
135	PURCHASE_IN	仓位编码	仓位编码	header	680	文本	130	E-H-								
136	PURCHASE_IN	源单类型id	源单类型id	detail	680	文本	120	E-H-								
137	PURCHASE_IN	源单类型名称	源单类型名称	detail	690	文本	120	E-H-								
138	PURCHASE_IN	批次键	批次键	header	690	整数	80	--H-								
139	PURCHASE_IN	源单类型编码	源单类型编码	detail	700	文本	120	E-H-								
140	PURCHASE_IN	单据状态_bill_status	单据状态_bill_status	header	700	文本	130	E-H-								
141	PURCHASE_IN	源单内部id	源单内部id	detail	710	文本	120	E-H-								
142	PURCHASE_IN	审核时间_audit_time	审核时间_audit_time	header	710	日期	130	E-H-								
143	PURCHASE_IN	源单日期	源单日期	detail	720	日期	120	E-H-								
144	PURCHASE_IN	创建人编码	创建人编码	header	730	文本	130	E-H-								
145	PURCHASE_IN	源单分录id	源单分录id	detail	730	文本	120	E-H-								
146	PURCHASE_IN	创建人编码	创建人编码	header	730	文本	130	E-H-								
147	PURCHASE_IN	分录结算状态	分录结算状态	detail	740	文本	120	E-H-								
148	PURCHASE_IN	修改人编码	修改人编码	header	750	文本	130	E-H-								
149	PURCHASE_IN	折扣率%	折扣率%	detail	750	文本	120	E-H-								
150	PURCHASE_IN	修改人编码	修改人编码	header	750	文本	130	E-H-								
151	PURCHASE_IN	成本视图	成本视图	detail	760	文本	120	E-H-								
152	PURCHASE_IN	审核人_auditor_name	审核人_auditor_name	header	760	文本	130	E-H-								
153	PURCHASE_IN	单位成本视图	单位成本视图	detail	770	文本	120	E-H-								
154	PURCHASE_IN	审核人编码	审核人编码	header	780	文本	130	E-H-								
155	PURCHASE_IN	退货数量	退货数量	detail	780	文本	120	E-H-								
156	PURCHASE_IN	审核人编码	审核人编码	header	780	文本	130	E-H-								
157	PURCHASE_IN	价税合计本位币	价税合计本位币	detail	790	文本	120	E-H-								
158	PURCHASE_IN	未结算金额本位币	未结算金额本位币	header	800	文本	130	E-H-								
159	PURCHASE_IN	是否赠品	是否赠品	detail	800	文本	120	E-H-								
160	PURCHASE_IN	未结算金额本位币	未结算金额本位币	header	800	文本	130	E-H-								
161	PURCHASE_IN	送检数量	送检数量	detail	810	小数	100	--H-								
162	PURCHASE_IN	付款方式编码	付款方式编码	header	820	文本	130	E-H-								
163	PURCHASE_IN	部门名称	部门名称	detail	820	文本	120	--H-							Department Name	
164	PURCHASE_IN	付款方式编码	付款方式编码	header	820	文本	130	E-H-								
165	PURCHASE_IN	生产日期	生产日期	detail	830	日期	110	--H-								
166	PURCHASE_IN	付款账户编码	付款账户编码	header	840	文本	130	E-H-								
167	PURCHASE_IN	付款账户编码	付款账户编码	header	840	文本	130	E-H-								
168	PURCHASE_IN	仓库名称_sp_name	仓库名称_sp_name	detail	840	文本	120	E-H-								
169	PURCHASE_IN	换算率_conversion_rate	换算率_conversion_rate	detail	850	文本	120	E-H-								
170	PURCHASE_IN	本次结算金额本位币	本次结算金额本位币	detail	860	文本	120	E-H-								
171	PURCHASE_IN	备注	备注	detail	870	文本	200	---V								
