项目名称|项目等级|子项目/尺寸|项目编号|内容|项目发起人|项目负责人|立项日期|预计完成日期|状态|测试情况|技术目标达成|是否市场转化|未转换原因
飞利浦RO-PFAS项目|二级|星冰乐|25-207-1|NFS 58/53/5A认证|刘博|叶运婷|2025.1|2026年12月|53暂停/5A完成\n后置转5A+优矿配方|已完成测试|||
飞利浦RO-PFAS项目|二级|bravvos|25-207-2|NFS 58/53认证|刘博|叶运婷|2025.1|2026年12月|暂停，转其它款-未开展|未开展|||
飞利浦RO-PFAS项目|二级|U24-1400g|25-207-3|NFS 58/53/5A认证|刘博|叶运婷|2025.1|2026年12月|完成-后置转5A+优矿配方|已完成测试|||
飞利浦RO-PFAS项目|二级|spark-800g|25-207-4|NFS 58/53认证|刘博|叶运婷|2025.1|2026年12月|试产计划暂停\n后置滤芯加除铅聊，现进行中|进行中|||
飞利浦RO-PFAS项目|二级|Lotus Pro 600g|25-207-5|5A认证|刘博|叶运婷|2025.1|2026年12月|已完成测试，8.21出数据报告|已完成测试|||
韩国innofiltech项目|二级|L1|24-210-1|除VOC|刘博|陈秀丽|2024.12.20|2025年12月|1/18 第一次样品30只（VOC性能NG）\n4/29 第二次样品30只（压降太高）\n6/15 第三次送样40只（压降太高）\n9/2 第四次样品30只（压降太高）\n11/22 第五次样品100只|内部已完成测试|是|否|客户原因
韩国innofiltech项目|二级|L2|25-210-3|除VOC/福尔马肼/9种重金属|刘博|陈秀丽|2025.2|2025年12月|6/20第一次送样30只\n8/17 L2-NM送样15只\n9/11 第二次送样30只\n1/15 第三次送样20只 客户反馈流速、VOC、除三个重金属不合格|测试中|||
韩国innofiltech项目|二级|L3|25-210-4|除VOC/福尔马肼/7种重金属|刘博|陈秀丽|2025.2|2025年12月|未开展|||
韩国innofiltech项目|二级|L4|25-210-5|除VOC/NSF42/53/401|刘博|陈秀丽|2025.2|2025年12月|2026/2/7 第一次送样 客户暂无反馈结果|进行中|||
韩国innofiltech项目|二级|W1|25-210-6|除VOC/5种重金属|刘博|陈秀丽|2025.4|2025年12月|6/20第一次送样：反馈VOC性能不合格|测试中|||
韩国innofiltech项目|二级|W2|25-210-7|除VOC/5种重金属/PFOA PFOS/日本17项标准|刘博|陈秀丽|2025.4|2025年12月|未开展|||
韩国innofiltech项目|二级|W3|25-210-8|日本标准17项/PFOA/PFOS寿命重金属去除5种|刘博|陈秀丽|2025.4|2025年12月|未开展|||
康立根抑菌项目|二级|/|25-214-1|大肠杆菌/过滤精度/余氯|孙淼淼|杨茂林|2025.5.22|2025年11月|6.10第一次送样，客户反馈有压降要求，需更改配方预计10/18重新送样|测试中|||
伊可普矿化长效释放|二级|40.5*16*285|25-215-1|钙、镁、PH、TDS、口感/浸泡|张莉|涂小娟|2025.10.17|2025年12月|已完成内部摸底测试，待客户反馈|测试中|||
氯胺炭棒|二级|63*40*242.5|26-201-1|去除氯胺|孙淼淼|秦文静|2026.6.2|2026年12月|||
沁园降本项目|三级|后置炭棒\n63*40*100|25-301-1|除VOC、除铅|孙淼淼|秦文静|2025.8.19|2025年9月|已送样，反馈结果不合格，进行中|已完成测试|||
沁园前置复合滤芯|三级|炭棒：45*16*216\n折叠棉：55*45*216|25-330-1|精度、VOC、TDS增加量、黑水、COD、浑浊度增加量、浊度去除率|孙淼淼|杨茂林|2025.7.26|2025年7月|8/7已寄样品16只，客户反馈COD测试不合格，不合格样品已寄回，内部测试，直接用A-55-01切换量产|已完成测试|已达成|是|
飞利浦MC1炭棒项目|三级|60*30*170|25-339-1|余氯/铅/PFOA/PFOS/微塑料|谢琴|陈秀丽|2025.10.10|2025年11月|10月23已送样|||
伊可普重力式炭棒滤芯|三级|57*30*212（普通款）|25-343-1|低流速、不易堵、除余氯|张莉|陈秀丽|2025.11.24|2026年2月|第一次送样配方客户反馈流速衰减过快，重新调整测试中，客户原因暂停|||
伊可普重力式炭棒滤芯|三级|57*30*212（碱性款）|25-343-2|低流速、不易堵、口感好、碱性功能|张莉|冯敏|2025.11.24|2025年12月|项目暂停|||
伊可普碱性炭棒项目\n（1006-8016）|三级|57*30*175|25-346-1|碱性、口感|张莉|冯敏|2025.12.1|2025年12月|项目暂停|||
安吉尔W3项目|三级|前置：40.5*22*59\n后置：21*6.5*135|26-301-1|除VOC、抑菌杀菌|谢琴|叶运婷/杨茂林|2026.1.13|2026年2月|已送样，待客户反馈|||
苏泊尔龙头滤芯|三级|32*12*60|26-302-1|余氯/抗堵|孙淼淼|秦文静|2026.1.15|2026年6月|内部已完成测试，第一次送样余氯不合格，第二次送样已完成|||
天津远致冰箱滤芯|三级|PFOA/PFOS：30*10*115.3|26-303-1|PFOA/PFOS|李梓维|秦文静|2026.2.27|2026年6月|内部已完成测试|||
天津远致冰箱滤芯|三级|碱性汞：30*10*115.3|26-303-2|碱性汞|李梓维|秦文静|2026.2.27|2026年6月|内部已完成测试|||
天津远致冰箱滤芯|三级|碱性铅：57*18*258|26-303-3|碱性铅|李梓维|秦文静|2026.2.27|2026年6月|内部已完成测试|||
佛山傲美老板电器碱性项目|三级|57*30*77.3mm|26-304-1|碱性|李梓维|涂小娟|2026.3.10|2026年6月|测试中|||
箭牌马桶碳纤维滤芯|三级|28*8*50|26-305-1|余氯、抗堵|孙淼淼|涂小娟/杨茂林|2026.3.12|2026年6月|已完成测试，送样给客户待反馈|||
箭牌龙头富锶碳纤维滤芯|三级|60*20*100|26-306-1|富锶、余氯、抗堵|孙淼淼|涂小娟/杨茂林|2026.3.12|2026年6月|已完成测试，送样给客户待反馈|||
澳兰斯台式超滤机除VOC项目|三级|前置（普通）：40.5*21*119\n后置：45*16*76|26-307-1|除VOC|李梓维|秦文静|2026.3.20|2026年6月|内部已完成测试|||
澳兰斯台式超滤机除VOC项目|三级|前置（阻垢）：40.5*21*119\n后置：45*16*76|26-308-2|除VOC/阻垢|李梓维|秦文静|2026.3.20|2026年6月|内部已完成测试|||
广州澳兰斯碱性滤芯|三级|30*12*174|26-309-1|PH寿命，口感|李梓维|涂小娟|2026.4.3|2026年6月|内部完成测试，计划送样给客户验证|||
碧丽RO后置碱性炭棒|三级|50*25*250|26-310-1|碱性|李梓维|涂小娟|2026.4.7|2026年6月|客户测试合格|已完成测试|已达成|是|
伊可普1018后置无压炭棒项目|三级|45*21*256.5mm(包布，两边各留5-8mm)|26-311-1|低压降、去余氯|张莉|陈秀丽|2026.4.13|2026年6月|已送样，待客户反馈|||
沁园北斗双子芯项目|三级|64*36*100（外包无纺布+炭棒+内置无纺布）|26-312-1|去除COD、VOC、重金属、抑菌|孙淼淼|杨茂林/秦文静|2026.4.20|2026年6月|测试中|||
澳兰斯台式超滤机项目|三级|折纸49*38*119mm，碳棒38*20*119mm；后置碳棒：45*16*76mm|26-313-1|三氯甲烷是否会让304不锈钢材质制冷模块生锈|李梓维|叶运婷|2026.4.27|2026年8月|测试中|||
傲美后置优矿项目\n（飞利浦项目）|三级|30*10*90|26-314-1|钙、镁、锌、钠、偏硅酸|李梓维|涂小娟|2026.5.4|2026年8月|测试中|||
傲美后置矿化项目\n（飞利浦项目）|三级|30*10*90|26-314-2|钾、钠、钙、镁|李梓维|涂小娟|2026.5.4|2026年8月|测试中|||
天津远致除铅汞炭棒项目|三级|30*10*115.3|26-315-1|除铅、汞|李梓维|秦文静|2026.5.30||||
松下花洒阻垢项目|三级|阻垢棒：16*5*30|26-315-2|浴室瓷砖、水龙头等不结垢|孙淼淼|沈家仪|2026.6.1||||
GE制冰机阻垢项目|三级|SSC阻垢球2.5-3.5mm|26-315-3|阻垢|孙淼淼|沈家仪|2026.6.1||||
自主研发（喷头冲洗器）|三级|炭棒：18*6.5*60（外包无纺布）|26-315-4|余氯、抗堵|孙淼淼|杨茂林|2026.6.1||||
飞利浦花洒碳纤维|三级|普通款碳纤维尺寸：22.5*8*60\n阻垢款碳纤维尺寸：22.5*8*100|26-315-5|余氯、抑菌、阻垢、抗堵|谢琴|杨茂林|2026.6.9||||
飞利浦龙头芯项目|三级|38*10*70|26-315-6|除铅、余氯、抗堵|谢琴|秦文静|2026.6.21||||
美的清湖冰箱炭棒|三级|30*10*116.5|26-315-7|NSF42/53/401认证炭棒（流量测试）|李梓维|陈秀丽|2026.6.25||||
